symbol,name,earliest_trade_date,earliest_mention_date,network_date,user1,user1_num_mentions,user1_num_posts,user1_num_subjects,user1_days_since_first_post
LSD,Lightspeed,2014-09-13,2014-09-04,2014-09-13,lightspeedLS,1,45,1,9
CPC,Capricoin,2015-07-23,2013-08-20,2015-07-23,rumbitla,1,105,4,773
XBS,BitStake,2015-01-13,2011-09-14,2015-01-13,BTCGameMaker,1,15,4,1218
TRICK,TrickyCoin,2015-03-31,2011-06-03,2015-03-31,evoorhees,1,1733,119,1414
SIB,SIBCoin,2015-09-25,2015-10-01,2015-09-25,hot,1,0,0,-6
YUM,CandyCoin,2014-11-16,2014-01-06,2014-11-16,raminnoodle,1,54,6,327
SKYNET,SkyNET,2014-12-13,2011-04-21,2014-12-13,phelix,1,894,38,1332
NYC,NewYorkCoin,2014-05-06,2011-04-20,2014-05-06,Bruce Wagner,1,422,67,1273
GAIA,GAIA,2014-10-11,2013-12-27,2014-10-11,JonnyBravo,1,95,9,508
AGS,Aegis,2014-08-25,2013-06-13,2014-08-25,Aegis,1,13,4,438
XBC,Bitcoin Plus,2014-05-03,2014-03-30,2014-05-03,XBCplus,1,71,6,34
DRKT,DarkTron,2015-06-10,2015-06-07,2015-06-10,DarkTron Team,1,10,1,3
MONA,MonaCoin,2014-03-20,2013-12-30,2014-03-20,2chpool,1,2,1,80
SPR,SpreadCoin,2014-10-26,2014-01-03,2014-10-26,cosmofly,1,126,9,305
SPT,Spots,2013-07-25,2011-06-22,2013-07-25,FlipPro,1,828,17,777
TAG,TagCoin,2013-11-05,2012-02-11,2013-11-05,HolodeckJizzmopper,1,62,2,788
DRKC,DarkCash,2014-07-29,2014-07-25,2014-07-29,zlibz,1,47,2,7
LDOGE,LiteDoge,2015-03-19,2015-06-01,2015-03-19,heavensopen,1,0,0,-45
SPA,SpainCoin,2014-03-15,2014-01-19,2014-03-15,naplam,1,51,4,58
SPC,SpikesPrivateCoin,2015-08-04,2013-05-15,2015-08-04,stevenb,1,601,52,823
HEEL,HeelCoin,2015-10-27,2011-08-08,2015-10-27,VPoro,1,12,2,1655
TAK,TakCoin,2014-02-27,2014-02-07,2014-02-27,TakeiCoin,1,165,13,20
PRIME,PrimeChain,2015-09-14,2011-03-23,2015-09-14,hazek,1,1441,45,1659
XPH,Pharma,2015-06-08,2014-09-11,2015-06-08,pathfinder dev,1,23,1,270
XPM,Primecoin,2013-07-10,2012-10-02,2013-07-10,Sunny King,1,834,26,334
GP,GoldPieces,2015-01-16,2014-04-22,2015-01-16,greenpay,1,10,1,269
BTCS,Bitcoin Scrypt,2014-03-17,2011-04-23,2014-03-17,CryptikEnigma,1,42,5,1090
IXC,Ixcoin,2013-05-08,2011-08-10,2013-05-08,Nasakioto,1,99,13,637
NOBL,NobleCoin,2014-02-08,2013-12-11,2014-02-08,AndrewNoble,1,353,1,59
FIC,Full Integrity Coin,2015-07-09,2014-10-28,2015-07-09,fullintegrity,1,43,4,392
XPY,PayCoin,2014-12-16,2013-08-06,2014-12-16,deppJ,1,24,2,566
GB,GreenBacks,2014-08-23,2013-01-31,2014-08-23,CrownCloud,1,71,6,915
FIMK,FIMKrypto,2014-07-12,2014-05-31,2014-07-12,Eliphaz Fimk,1,81,2,42
BYC,Bytecent,2014-11-23,2014-01-10,2014-11-23,byte-coin,1,2,2,317
BTCD,BitcoinDark,2014-07-16,2013-05-09,2014-07-16,esenminer,1,68,9,442
ROS,RosCoin,2014-09-30,2014-09-04,2014-09-30,godivacoin,1,77,3,26
MAX,MaxCoin,2014-02-12,2011-04-23,2014-02-12,xavier,1,63,6,1026
LAB,Coinworkscoin,2014-10-25,2012-04-18,2014-10-25,amincd,1,332,25,1258
MAD,SatoshiMadness,2015-09-01,2013-06-06,2015-09-01,xan_The_Dragon,1,587,55,889
FFC,FireFlyCoin,2014-10-26,2013-10-26,2014-10-26,Jude Austin,1,425,49,550
GUA,Guarany,2014-11-23,2014-11-17,2014-11-23,DigitalCurrencyConsultant,1,76,3,571
BEN,Benjamins,2014-02-27,2011-07-04,2014-02-27,amincd,1,330,24,1018
GUE,Guerillacoin,2014-06-23,2014-06-17,2014-06-23,guerillacoin,1,21,1,6
DTC,DataCoin,2013-12-07,2013-11-18,2013-12-07,MessyCoin,1,193,6,995
BCF,BitcoinFast,2014-12-06,2014-12-03,2014-12-06,BitCoinFastTeam,1,14,1,3
GUN,Guncoin,2014-05-11,2011-09-01,2014-05-11,Phinnaeus Gage,1,4639,141,1050
YBC,YbCoin,2014-01-16,2013-06-26,2014-01-16,orange,1,3,3,204
BET,BetaCoin,2013-12-14,2011-05-20,2013-12-14,CydeWeys,1,68,1,946
TTY,Trinity,2015-01-18,2011-10-24,2015-01-18,Blinken,1,124,25,1249
HUC,HunterCoin,2014-02-14,2013-09-24,2014-02-14,snailbrain,1,351,15,953
HUN,Hundredcoin,2015-06-19,2014-09-29,2015-06-19,shagger,1,35,1,285
SANDG,Save and Gain,2015-10-12,2015-06-16,2015-10-12,crunck,1,693,15,501
TTC,TittieCoin,2014-11-08,2014-01-29,2014-11-08,tittiecoin,1,126,7,283
BILS,BilShares,2014-08-25,2014-08-08,2014-08-25,starteam,1,4,2,17
GRT,Grantcoin,2015-07-27,2015-05-03,2015-07-27,The Grantcoin Foundation,1,49,1,85
FLAP,FlappyCoin,2014-02-22,2014-01-23,2014-02-22,jayguar,1,275,2,530
BLU,BlueCoin,2014-04-27,2014-01-27,2014-04-27,bryzie,1,4,2,97
1337,1337,2015-11-09,2014-01-10,2015-11-09,.Batman.,1,221,12,672
SOLE,Solecoin,2014-08-21,2014-05-04,2014-08-21,Gridseedminer,1,9,7,135
FLAX,Flaxscript,2015-07-25,2015-06-25,2015-07-25,ocminer,1,7771,78,997
GRF,Graffiti,2015-08-17,2015-05-14,2015-08-17,El Emperador,1,122,4,568
FTC,Feathercoin,2013-05-02,2013-03-02,2013-05-02,Tf | Banned for mentioning theymo.s dox,1,292,33,225
GRE,Greencoin,2014-06-23,2011-12-11,2014-06-23,ifinta,1,17,1,925
GRC,GridCoin,2015-02-28,2012-07-23,2015-02-28,markm,1,4308,47,1489
BLK,BlackCoin,2014-02-28,2014-02-16,2014-02-28,rat4,1,52,1,14
CRACK,CrackCoin,2014-09-19,2011-04-27,2014-09-19,grondilu,1,940,72,1454
GRN,GraniteCoin,2014-06-12,2014-05-22,2014-06-12,GraniteCoin,1,47,1,22
GRM,Gridmaster,2015-06-26,2015-06-14,2015-06-26,gmcdev,1,10,1,12
DSB,DarkShibe,2014-10-25,2014-10-23,2014-10-25,DarkShibe,1,6,1,2
BLC,Blakecoin,2014-02-12,2013-10-07,2014-02-12,BlueDragon747,1,331,3,176
COOL,CoolCoin,2014-06-28,2010-09-21,2014-06-28,The Madhatter,1,163,8,1629
HYPER,Hyper,2014-05-31,2010-11-12,2014-05-31,kiba,1,2090,79,1414
URC,Unrealcoin,2015-03-31,2015-03-23,2015-03-31,USER211,1,19,1,8
MI,Xiaomicoin,2015-09-04,2015-05-25,2015-09-04,she9888,1,178,2,515
NOC,Nocturna,2015-07-27,2014-01-28,2015-07-27,extortion,1,65,3,773
EMC2,Einsteinium,2014-04-09,2014-01-19,2014-04-09,naplam,1,53,4,83
CBX,Crypto Bullion,2013-08-04,2011-09-03,2013-08-04,tylerR,1,6,1,723
OPAL,Opal,2014-09-13,2014-09-01,2014-09-13,OpalTeam,1,15,3,12
EKN,Elektron,2015-04-11,2015-04-10,2015-04-11,ElektronFoundation,1,18,1,1
DON,Donationcoin,2014-06-15,2010-07-19,2014-06-15,satoshi,1,142,20,1666
SHADE,ShadeCoin,2014-09-06,2014-08-29,2014-09-06,prix,1,179,1,111
FJC,FujiCoin,2015-06-14,2014-06-08,2015-06-14,motty,1,233,1,371
BLITZ,Blitz,2014-11-16,2012-06-13,2014-11-16,Eli,1,31,6,1214
REP,Augur,2015-10-27,2010-11-24,2015-10-27,Anonymous,1,2239,220,2114
GLC,GlobalCoin,2013-08-04,2013-05-29,2013-08-04,hoolign,1,40,3,87
GLD,GoldCoin,2013-06-14,2011-07-22,2013-06-14,dacoinminster,1,208,14,862
XSEED,BitSeeds,2015-04-21,2015-04-17,2015-04-21,shimlbit,1,1303,4,399
CTM,ContinuumCoin,2014-02-27,2014-01-30,2014-02-27,bitsta,1,75,1,75
CTO,Crypto,2015-05-18,2011-03-17,2015-05-18,grondilu,1,940,72,1695
SMC,SmartCoin,2014-02-06,2013-04-24,2014-02-06,alex_fun,1,415,52,376
DOT,Dotcoin,2015-02-15,2011-05-06,2015-02-15,khal,1,211,14,1453
CLAM,Clams,2014-08-25,2014-05-24,2014-08-25,SuperClam,1,196,1,93
FCT,Factom,2015-10-05,2014-11-17,2015-10-05,AlanX,1,42,8,859
LTBC,LTBcoin,2014-08-20,2014-03-14,2014-08-20,kirivas_s,1,13,2,169
FCX,Fantom,2015-11-23,2015-10-24,2015-11-23,DuckYeah!,1,183,6,30
XFC,Forevercoin,2015-06-24,2013-12-30,2015-06-24,sebasimp,1,10,2,817
DROP,Faucetcoin,2015-11-02,2011-02-18,2015-11-02,breandan81,1,28,5,1801
ZOOM,Zoom,2015-07-16,2015-07-13,2015-07-16,coinmaster222,1,282,15,620
TAM,Tamagucci,2015-06-26,2015-06-21,2015-06-26,bitspender,1,678,6,486
XCR,Crypti,2014-08-07,2014-06-02,2014-08-07,crypti,1,101,4,66
FCN,Fantomcoin,2014-06-08,2014-04-25,2014-06-08,thankful_for_today,1,135,7,85
BSC,BowsCoin,2015-07-13,2014-02-08,2015-07-13,bsc,1,1,1,520
LTS,LiteStarCoin,2015-10-23,2012-10-22,2015-10-23,rebel,1,10,2,1151
FC2,FuelCoin,2014-06-12,2013-05-14,2014-06-12,Wolf Rainer,1,534,32,432
DFT,DraftCoin,2015-11-23,2015-11-19,2015-11-23,simonsez,1,48,2,393
AUM,Alexium,2015-08-20,2015-01-23,2015-08-20,mprep,1,572,372,1284
LTC,Litecoin,2013-04-28,2011-10-09,2013-04-28,coblee,1,756,25,671
LTB,LiteBar,2014-03-12,2013-05-22,2014-03-12,internationalaw,1,27,4,308
UNITY,SuperNET,2014-09-30,2011-10-18,2014-09-30,the joint,1,511,19,1183
AUR,Auroracoin,2014-02-27,2014-01-19,2014-02-27,naplam,1,42,4,42
XTC,TileCoin,2014-10-25,2014-08-07,2014-10-25,cryptoxtc,1,8,1,79
VEC,Vector,2015-09-04,2010-11-12,2015-09-04,bitboy,1,31,4,1768
LTD,LimitedCoin,2015-09-15,2012-07-13,2015-09-15,BadBitcoin (James Sutton),1,86,6,1298
BTQ,BitQuark,2014-07-29,2014-02-15,2014-07-29,BitQuark,1,340,1,164
CAT,Catcoin,2013-12-27,2012-07-30,2013-12-27,Mike Jones,1,27,5,516
ALN,Aliencoin,2014-03-15,2013-05-30,2014-03-15,hathmill,1,107,8,551
HYP,HyperStake,2014-08-09,2014-07-06,2014-08-09,presstab,1,685,2,243
ALF,AlphaCoin,2013-07-07,2013-06-10,2013-07-07,alphacoin,1,43,1,27
NTR,Neutrino,2014-06-12,2014-06-13,2014-06-12,JohnnyBTCSeed,1,107,7,203
SBC,StableCoin,2013-07-07,2013-04-16,2013-07-07,herzmeister,1,458,13,760
SC,Siacoin,2015-08-26,2011-08-31,2015-08-26,svojoe,1,120,1,1456
ORB,Orbitcoin,2013-12-21,2013-08-02,2013-12-21,Armchair Miner,1,98,1,236
MMC,Memorycoin,2013-12-24,2013-07-20,2013-12-24,FreeTrade,1,663,36,815
GLYPH,Glyph,2014-06-17,2014-01-08,2014-06-17,AliceWonder,1,211,4,372
I0C,I0Coin,2013-11-27,2011-08-11,2013-11-27,BitcoinBug,1,91,2,863
BAT,BatCoin,2014-03-03,2013-05-19,2014-03-03,spoid,1,639,12,305
SSV,SSVCoin,2014-09-07,2014-06-22,2014-09-07,SSVCoin,1,14,1,77
FUTC,FutCoin,2015-07-21,2015-02-19,2015-07-21,FUTCOIN,1,3,1,152
TOR,TorCoin,2014-07-12,2010-11-30,2014-07-12,tyler,1,52,6,1327
SOIL,SOILcoin,2015-11-12,2014-02-02,2015-11-12,Phinnaeus Gage,1,5169,153,1600
TOP,TopCoin,2014-02-17,2011-03-31,2014-02-17,Akarbb,1,51,15,1057
CAP,Bottlecaps,2013-07-04,2011-02-11,2013-07-04,kbriggs,1,12,2,874
RIPO,RipoffCoin,2014-08-23,2014-08-01,2014-08-23,RipoffCoinDevTeam,1,47,1,22
MOTO,Motocoin,2014-06-03,2014-01-06,2014-06-03,Cpt_Phil,1,1,1,148
OS76,OsmiumCoin,2015-10-19,2015-10-06,2015-10-19,OSMIUMCOIN,1,53,1,13
ERC,EuropeCoin,2015-06-18,2014-05-03,2015-06-18,EuropeCoin,1,273,5,411
HAL,Halcyon,2014-08-19,2013-03-19,2014-08-19,Hal,1,118,10,1354
HUGE,BigCoin,2015-04-24,2011-02-13,2015-04-24,grondilu,1,940,72,1671
XCP,Counterparty,2014-02-15,2014-01-02,2014-02-15,PhantomPhreak,1,147,1,44
CELL,SolarFarm,2015-01-25,2010-12-06,2015-01-25,Bruce Wagner,1,422,67,1537
XPB,Pebblecoin,2015-03-31,2015-01-01,2015-03-31,XPB,1,74,1,89
BTA,Bata,2015-05-29,2015-04-28,2015-05-29,pc888,1,260,4,453
VPN,VPNCoin,2014-11-23,2011-06-21,2014-11-23,Oldminer,1,2009,57,1267
ABC,Asset Backed Coin,2015-05-24,2011-06-19,2015-05-24,bcearl,1,370,11,1443
DCYP,DarkCypher,2015-10-24,2015-10-06,2015-10-24,Atomictie,1,42,1,20
BANX,BanxShares,2014-09-30,2014-10-06,2014-09-30,MarkLyford,1,19,4,505
NEOS,NeosCoin,2014-08-25,2014-08-25,2014-08-25,infernoman,1,108,4,100
STV,Sativacoin,2014-10-20,2014-09-21,2014-10-20,sativacoin,1,38,1,29
ZRC,ZiftrCOIN,2015-03-03,2014-12-15,2015-03-03,ziftrCOIN,1,6,3,78
RZR,Razor,2014-06-21,2014-06-08,2014-06-21,RazorTech,1,39,1,13
STR,StarCoin,2014-02-02,2013-07-19,2014-02-02,nzdude,1,79,12,238
CZC,CzechCrownCoin,2014-10-20,2014-05-04,2014-10-20,czechcoin,1,12,2,170
ABY,ArtByte,2014-06-12,2014-05-11,2014-06-12,First.Bitcoins,1,181,39,124
EXCL,ExclusiveCoin,2014-09-30,2014-09-25,2014-09-30,forzendiablo,1,749,41,518
XPD,PetroDollar,2014-04-15,2014-02-18,2014-04-15,coinweaver,1,34,3,60
CACH,CacheCoin,2014-02-15,2014-01-05,2014-02-15,kalgecin,1,296,6,282
HZT,HazMatCoin,2015-04-17,2015-04-10,2015-04-17,HazMatCoin-Dev,1,42,3,8
JINN,Jinn,2014-10-03,2015-12-02,2014-10-03,DecentralizeEconomics,1,0,0,-85
PND,Pandacoin,2014-02-27,2013-12-21,2014-02-27,lololol3,1,107,3,73
PIGGY,Piggycoin,2014-06-15,2014-02-25,2014-06-15,piggycoin,1,319,4,110
XXX,XxXcoin,2014-07-03,2013-09-24,2014-07-03,fendlestick,1,605,25,445
XQN,Quotient,2014-11-23,2014-11-11,2014-11-23,CedricQuotient,1,78,2,12
MIN,Mineralscoin,2014-06-21,2011-05-19,2014-06-21,ptd,1,28,6,1243
LIT,Lightcoin,2014-07-05,2013-04-07,2014-07-05,lucky1064,1,5,1,454
GHC,GamerholicCoin,2014-10-10,2014-03-10,2014-10-10,Ghostcoins,1,30,2,214
XUP,UPcoin,2015-09-22,2015-09-16,2015-09-22,TheTerminator,1,51,1,36
ZNY,Bitzeny,2015-07-09,2014-11-07,2015-07-09,bitzeny,1,2,1,244
SAK,Sharkcoin,2015-03-08,2014-04-30,2015-03-08,ouchmefoot,1,98,1,413
NXTcoinsco,Tradebots,2014-10-04,2015-10-13,2014-10-04,MadCow,1,239,1,312
PRC,ProsperCoin,2014-02-20,2013-12-30,2014-02-20,customxyz,1,134,4,60
MEOW,Kittehcoin,2014-01-24,2013-12-21,2014-01-24,kr105,1,148,2,975
PRT,Particle,2014-01-22,2013-12-31,2014-01-22,moonmoon,1,44,6,22
CHA,Chancecoin,2014-05-20,2014-02-04,2014-05-20,cancercoin4cure,1,162,8,114
CHC,ChainCoin,2015-07-16,2013-05-17,2015-07-16,BitJohn,1,1461,76,795
MRY,Murraycoin,2014-03-03,2014-01-20,2014-03-03,bholzer,1,293,3,216
JAY,Jay,2015-04-17,2012-12-19,2015-04-17,Benson Samuel,1,56,6,920
MMNXT,MMNXT,2014-10-22,2014-11-10,2014-10-22,sasha35625,1,0,0,-19
URO,Uro,2014-06-12,2014-01-27,2014-06-12,ubi4doges,1,57,1,136
MRS,Marscoin,2014-02-24,2014-01-15,2014-02-24,Btcdealer5011,1,8,1,40
020,020LondonCoin,2015-09-15,2014-03-07,2015-09-15,vindyne8,1,1400,9,576
QBK,Qibuck,2014-08-17,2014-07-09,2014-08-17,ABC Dev Team,1,25,1,39
DIGS,Diggits,2015-07-16,2015-07-03,2015-07-16,DIGGITSquad,1,1,1,13
MRC,microCoin,2014-03-03,2014-01-03,2014-03-03,MCR,1,107,6,59
UTIL,UtilityCoin,2014-09-30,2014-09-26,2014-09-30,utilitycoin,1,9,1,4
VIA,Viacoin,2014-07-18,2010-11-19,2014-07-18,Bruce Wagner,1,422,67,1346
DBL,Doubloons,2013-07-04,2013-05-15,2013-07-04,shakezula,1,582,25,74
SFR,SaffronCoin,2014-06-15,2014-04-27,2014-06-15,saffroncoin,1,362,1,49
8BIT,8Bit,2015-04-18,2014-02-18,2015-04-18,Cryptocables,1,18,1,712
APC,Applecoin,2014-02-09,2013-05-31,2014-02-09,Charles999,1,276,34,269
NIRO,Nexus,2015-01-25,2013-06-08,2015-01-25,KeyserSoze,1,43,2,1309
PYC,Paycoin,2014-12-06,2013-08-06,2014-12-06,deppJ,1,24,2,556
GREXIT,Grexit,2015-07-23,2015-06-17,2015-07-23,Nxtblg,1,1641,32,509
XLM,Stellar,2014-08-05,2014-07-31,2014-08-05,HostFat,1,307,15,1521
KORE,KoreCoin,2014-06-21,2014-06-15,2014-06-21,KoreCoin,1,135,1,6
FRDC,FreedomCoin,2015-09-21,2014-01-02,2015-09-21,datguys,1,40,15,642
XLB,Libertycoin,2014-05-12,2014-01-03,2014-05-12,wEEcoIn,1,12,1,132
CAIx,CAIx,2014-04-15,2014-03-13,2014-04-15,Caishen_Project,1,20,1,33
IFC,Infinitecoin,2013-07-10,2013-06-05,2013-07-10,fisheater,1,387,12,63
NEU,NeuCoin,2015-09-25,2014-01-05,2015-09-25,Neutronic,1,12,2,628
SLING,Sling,2015-04-21,2015-04-20,2015-04-21,DG.Slayer,1,3,1,1
PLNC,PLNcoin,2014-04-15,2014-03-10,2014-04-15,WalutowyKrol,1,17,1,84
PKB,ParkByte,2015-05-18,2015-04-29,2015-05-18,ParkByte,1,43,2,19
PSEUD,PseudoCash,2014-07-21,2014-07-03,2014-07-21,pseudocoin,1,74,3,18
CAID,Coinaid,2015-09-15,2015-09-05,2015-09-15,crunck,1,598,15,474
NLG,Gulden,2014-04-08,2014-03-13,2014-04-08,edu91,1,9,2,27
TENNET,TenneT,2015-08-10,2015-06-19,2015-08-10,TenneT,1,18,1,52
GCC,GuccioneCoin,2015-08-20,2014-02-12,2015-08-20,sndgv,1,3,2,554
DOGED,DogeCoinDark,2014-10-25,2014-09-05,2014-10-25,DogecoinDark,1,20,1,50
WOP,WorldPay,2015-10-12,2015-10-07,2015-10-12,WorldPay,1,25,1,5
CSC,CasinoCoin,2013-07-24,2013-05-27,2013-07-24,CartmanSPC,1,147,6,91
GCN,GCoin,2014-11-16,2013-05-03,2014-11-16,farlack,1,301,8,766
SHA,SHACoin,2014-06-25,2010-09-23,2014-06-25,em3rgentOrdr,1,287,5,1436
GCR,Global Currency Reserve,2015-08-26,2014-01-05,2015-08-26,Gocoiner,1,16,6,599
SHF,Shift,2015-09-05,2011-06-07,2015-09-05,MoonShadow,1,1938,15,1863
RT2,RotoCoin,2014-03-29,2014-03-15,2014-03-29,Rotocoin,1,101,2,14
MONETA,Moneta,2015-10-24,2014-06-15,2015-10-24,cryptomidnight,1,107,3,496
VTR,vTorrent,2014-12-24,2014-12-11,2014-12-24,vtorrent,1,73,1,13
CAGE,CageCoin,2014-04-15,2012-01-24,2014-04-15,the founder,1,776,122,1041
LEAF,LeafCoin,2014-02-02,2012-08-24,2014-02-02,jim618,1,192,10,933
BTS,BitShares,2014-07-20,2013-05-31,2014-07-20,bytemaster,1,534,24,1453
XCE,Cerium,2015-06-10,2015-06-06,2015-06-10,Cerium,1,21,1,4
XCH,ClearingHouse,2014-10-04,2014-08-07,2014-10-04,btcdrak,1,406,9,488
DOGE,Dogecoin,2013-12-15,2013-10-07,2013-12-15,Bortmehanic,1,67,7,170
XCN,Cryptonite,2014-08-02,2013-12-30,2014-08-02,x_Coin,1,5,2,215
BTX,BitcoinTX,2015-04-26,2013-12-29,2015-04-26,cryptocoinsnews,1,201,66,674
MOON,Mooncoin,2014-01-06,2011-08-31,2014-01-06,MrMoon,1,38,1,869
BTE,Bytecoin,2013-05-10,2011-06-11,2013-05-10,imperi,1,718,64,702
BTG,Bitgem,2013-07-04,2011-08-01,2013-07-04,Anonymous,1,2234,220,1269
MGW,MGW,2014-08-22,2014-03-05,2014-08-22,jl777,1,233,5,242
BTC,Bitcoin,2013-04-28,2009-11-22,2013-04-28,satoshi,1,142,20,1253
BTB,BitBar,2013-05-09,2013-05-02,2013-05-09,xorxor,1,307,8,128
BTM,Bitmark,2014-08-19,2013-01-31,2014-08-19,slothbag,1,94,12,1171
SSD,Sonic,2014-08-12,2011-10-15,2014-08-12,lolmiepp,1,3,1,1160
JBS,Jumbucks,2014-09-07,2014-09-01,2014-09-07,jyap,1,24,1,113
EMD,Emerald Crypto,2013-08-04,2013-06-16,2013-08-04,picasso,1,74,3,50
ISR,Isracoin,2014-04-08,2014-03-24,2014-04-08,IsraelCoin,1,34,3,15
SWING,Swing,2015-09-28,2013-05-19,2015-09-28,zerodrama,1,150,14,880
CHAO,23 Skidoo,2015-07-25,2014-03-22,2015-07-25,gxsbk,1,38,1,696
SPHR,Sphere,2015-05-02,2011-06-06,2015-05-02,jancsika,1,73,6,1441
MUE,MonetaryUnit,2014-11-01,2014-09-11,2014-11-01,Mue,1,99,2,51
OCTO,Octo,2015-03-22,2015-02-19,2015-03-22,OCTOPARTY,1,179,1,31
CURE,CureCoin,2014-05-26,2013-04-29,2014-05-26,cygnusxi,1,259,23,408
BAY,BitBay,2014-11-16,2011-07-31,2014-11-16,BidBitcoins,1,37,2,1204
ISL,IslaCoin,2015-09-28,2015-05-05,2015-09-28,isladev,1,55,2,146
DGB,DigiByte,2014-02-06,2014-01-10,2014-02-06,DigiByte,1,166,12,39
DGC,Digitalcoin,2013-06-09,2013-05-02,2013-06-09,cygnusxi,1,116,7,57
ECC,ECCoin,2014-03-20,2013-09-11,2014-03-20,epetroel,1,74,2,957
CRT,CRTCoin,2014-05-11,2014-04-03,2014-05-11,digitaldj,1,1,1,38
EBS,EBOLAShares,2015-07-21,2014-11-09,2015-07-21,EbolaDev,1,62,1,254
BITB,BitBean,2015-02-18,2015-01-06,2015-02-18,nokat,1,36,2,43
PLANET,PlanetCoin,2015-03-22,2011-05-18,2015-03-22,AbeSkray,1,38,2,1448
BITZ,Bitz,2015-03-08,2015-02-13,2015-03-08,EBK1000,1,290,6,404
KUMA,Kumacoin,2014-08-02,2014-04-26,2014-08-02,kumacoinproject,1,1,1,98
QTL,Quatloo,2014-07-12,2014-03-21,2014-07-12,ThePeePs,1,117,1,128
BITS,Bitstar,2014-04-23,2011-07-07,2014-04-23,TheBitMan,1,342,67,1047
CME,Cashme,2015-11-23,2015-08-29,2015-11-23,stewpak,1,10,1,86
JKC,Junkcoin,2013-06-14,2013-05-04,2013-06-14,js2082,1,225,3,54
FRC,Freicoin,2013-05-02,2011-04-26,2013-05-02,jtimon,1,462,12,832
VTC,Vertcoin,2014-01-20,2013-10-07,2014-01-20,Bortmehanic,1,92,7,206
DUO,ParallelCoin,2015-10-24,2014-08-02,2015-10-24,Parallaxis,1,17,1,448
FRK,Franko,2013-06-09,2013-05-07,2013-06-09,Narken,1,112,2,38
XC,XCurrency,2014-05-23,2014-05-08,2014-05-23,atcsecure,1,223,5,385
DUB,Dubstep,2015-06-30,2014-01-04,2015-06-30,atp1916,1,771,11,770
EUC,Eurocoin,2015-08-23,2014-03-04,2015-08-23,deeppurple72,1,373,74,784
UNB,UnbreakableCoin,2014-05-23,2014-03-02,2014-05-23,madman5844,1,21,3,110
UNC,UNCoin,2015-03-22,2013-12-10,2015-03-22,dr_chen,1,211,16,567
CARB,Carboncoin,2014-08-02,2012-08-13,2014-08-02,Mandrik,1,7,1,763
CLV,CleverCoin,2015-05-13,2015-05-08,2015-05-13,clevercryptodev,1,14,1,5
BBR,Boolberry,2014-06-24,2014-04-20,2014-06-24,crypto_zoidberg,1,214,6,208
CLR,Copperlark,2013-11-03,2013-06-06,2013-11-03,ig0tik3d,1,259,4,182
UNO,Unobtanium,2013-12-21,2013-10-17,2013-12-21,Blazr2,1,60,5,142
OMC,Omnicoin,2014-05-11,2014-01-19,2014-05-11,omcdice,1,2,1,112
ZED,Zedcoin,2014-03-06,2014-01-17,2014-03-06,MUBBLE86,1,397,3,95
HVC,Heavycoin,2014-03-12,2013-12-30,2014-03-12,1gh,1,29,1,72
CRAVE,Crave,2015-03-26,2015-03-20,2015-03-26,industrialcoinmagic,1,33,1,6
ZET,Zetacoin,2013-09-10,2013-08-03,2013-09-10,Rubberduckie,1,874,76,588
INFX,Influxcoin,2015-09-15,2014-02-22,2015-09-15,influxcoin,1,1,1,570
MAZE,MazeCoin,2015-10-19,2015-09-24,2015-10-19,plastcom,1,100,1,62
XMG,Magi,2014-09-23,2014-04-17,2014-09-23,Magicoin,1,185,9,178
BITCNY,bitCNY,2014-09-23,2014-08-25,2014-09-23,instacash,1,939,16,298
VTA,Virtacoin,2014-08-09,2014-07-02,2014-08-09,misocialnetwork,1,26,1,92
SLFI,Selfiecoin,2015-03-22,2014-06-05,2015-03-22,SelfieCoin Dev,1,2,1,290
AMS,AmsterdamCoin,2015-08-20,2015-08-14,2015-08-20,keesdewit,1,91,2,59
WBB,WildBeastBitcoin,2015-02-28,2015-02-11,2015-02-28,WildBeastBitcoin,1,68,1,17
DUCK,DuckDuckCoin,2014-02-22,2013-05-07,2014-02-22,eule,1,560,3,323
DT,DarkToken,2014-09-17,2014-09-16,2014-09-17,darktoken,1,4,1,1
DP,DigitalPrice,2014-10-04,2014-07-20,2014-10-04,BCTS,1,524,11,149
CESC,CryptoEscudo,2014-04-03,2014-03-29,2014-04-03,play,1,5,1,127
CYP,Cypher,2015-04-11,2015-03-29,2015-04-11,Cypher7A69,1,53,1,13
CYT,Cryptokenz,2015-09-21,2015-09-10,2015-09-21,Crypt0ken,1,102,1,11
POT,PotCoin,2014-02-09,2011-05-23,2014-02-09,Alex Beckenham,1,415,9,1051
MRKT,FreeMarket,2014-09-23,2014-08-14,2014-09-23,ethancoin,1,158,2,72
POP,PopularCoin,2014-04-23,2013-03-27,2014-04-23,Vladimir,1,605,36,1195
CYC,Conspiracycoin,2014-07-05,2014-05-07,2014-07-05,Omega6,1,42,4,101
TGC,Tigercoin,2013-12-21,2013-09-06,2013-12-21,mintedstone,1,52,1,111
RPC,RonPaulCoin,2014-01-06,2011-06-17,2014-01-06,gongcheng,1,59,3,951
TIPS,FedoraCoin,2013-12-31,2011-08-24,2013-12-31,bbit,1,845,64,936
NODE,Node,2014-09-13,2011-04-14,2014-09-13,Frodo,1,8,5,1248
BITGOLD,bitGold,2015-01-04,2013-12-30,2015-01-04,bitgoldpw,1,82,2,370
RBY,Rubycoin,2014-03-20,2014-02-11,2014-03-20,rby,1,7,1,42
NMB,Nimbus,2014-09-04,2014-08-18,2014-09-04,cryptoangel,1,719,6,127
DOPE,DopeCoin,2014-02-22,2013-12-25,2014-02-22,LammerOutsider,1,44,2,73
ARG,Argentum,2013-07-04,2013-06-05,2013-07-04,vinne81,1,183,7,69
RBR,RibbitRewards,2015-01-23,2014-08-15,2015-01-23,ribbitcoin,1,1,1,161
SLR,SolarCoin,2014-03-29,2014-01-11,2014-03-29,ninjaboon,1,172,2,494
SLG,Sterlingcoin,2014-09-23,2014-08-02,2014-09-23,Sterlingcoin,1,297,1,52
MCN,MonetaVerde,2014-08-25,2014-06-15,2014-08-25,cryptomidnight,1,105,3,71
DICE,NeoDICE,2014-11-08,2012-06-10,2014-11-08,Ban4na,1,5,1,881
NRB,Noirbits,2013-07-04,2013-05-30,2013-07-04,barwizi,1,1107,85,57
LGD,LegendaryCoin,2014-04-27,2014-03-25,2014-04-27,legendarycoin,1,85,2,33
QB,Quarkbar,2014-05-26,2014-02-26,2014-05-26,QuarkBar,1,26,1,89
MCZ,MangoCoinz,2015-03-22,2014-08-17,2015-03-22,cycoinminer,1,195,3,469
BDSM,BDSM,2014-10-20,2014-09-19,2014-10-20,altcoin.center,1,51,3,42
NRS,NoirShares,2014-04-20,2014-02-13,2014-04-20,barwizi,1,2065,151,347
XGR,GoldReserve,2014-06-28,2014-06-05,2014-06-28,Mesterlovesz74,1,177,2,158
$$$,Money,2015-11-12,2010-07-05,2015-11-12,Richard,1,1,1,1956
AXR,Axron,2014-08-27,2014-08-14,2014-08-27,Project Axron,1,118,1,13
EXE,Execoin,2014-03-10,2011-06-20,2014-03-10,jhfire,1,41,9,1049
EXC,Extremecoin,2014-01-16,2013-04-18,2014-01-16,Jobe7,1,22,2,303
CKC,Checkcoin,2014-09-19,2014-01-02,2014-09-19,crike,1,548,8,299
MUSE,MUSE,2015-05-06,2015-06-16,2015-05-06,bitcoinjesus2.0,1,12,9,107
SWARM,Swarm,2014-09-16,2010-08-07,2014-09-16,Anonymous,1,2239,220,1708
PAC,Paccoin,2015-11-02,2012-04-24,2015-11-02,1l1l11ll1l,1,5,2,1287
WS,Woodshares,2015-07-02,2013-08-24,2015-07-02,shitscared,1,39,2,715
EXP,Expanse,2015-09-15,2013-05-29,2015-09-15,anderl,1,940,18,876
LQD,LIQUID,2015-02-06,2011-07-24,2015-02-06,erek,1,10,1,1314
PAK,Pakcoin,2015-09-15,2011-06-17,2015-09-15,TheBitMan,1,342,67,1557
BSTY,GlobalBoost-Y,2014-10-03,2014-09-08,2014-10-03,GlobalBoost,1,231,3,161
IBITS,iBits,2015-07-27,2015-07-13,2015-07-27,iBITS,1,1,1,14
TCO,TacoCoin,2014-07-21,2014-05-09,2014-07-21,TacoCoin,1,1,1,73
VNL,Vanillacoin,2015-03-05,2013-10-15,2015-03-05,smolen,1,190,3,591
RIN,Ringo,2014-08-02,2014-05-23,2014-08-02,homhomhom,1,91,1,147
CANN,CannabisCoin,2014-08-02,2014-02-25,2014-08-02,hypes,1,96,5,218
YAC,Yacoin,2013-06-09,2013-05-05,2013-06-09,pocopoco,1,12,1,35
BITUSD,bitUSD,2014-09-23,2014-08-22,2014-09-23,ChuckOne,1,642,16,243
DCR,DeltaCredits,2015-08-29,2015-08-18,2015-08-29,Gladimor,1,264,3,514
RIC,Riecoin,2014-02-27,2013-09-05,2014-02-27,gatra,1,115,5,243
COV,Coven,2015-04-21,2015-04-19,2015-04-21,CovenDev,1,17,2,2
OFF,Cthulhu Offerings,2015-07-25,2011-02-18,2015-07-25,no to the gold cult,1,123,11,1618
HAM,HamRadioCoin,2014-10-26,2013-01-19,2014-10-26,remotemass,1,432,167,717
SONG,SongCoin,2015-03-22,2011-05-12,2015-03-22,nanotube,1,83,4,1642
BOST,BoostCoin,2014-05-30,2014-05-09,2014-05-30,mammix2,1,436,13,92
NAN,NanoToken,2013-07-17,2013-07-01,2013-07-17,xcezzz,1,64,3,35
KNC,KhanCoin,2015-09-28,2013-06-06,2015-09-28,pizza,1,374,19,895
DASH,Dash,2014-02-14,2014-01-18,2014-02-14,eduffield,1,157,9,253
TRMB,TRMB,2015-05-25,2015-06-30,2015-05-25,godda04,1,181,0,314
BNB,BnB Coin,2015-06-08,2015-06-03,2015-06-08,Bnbdevteam,1,12,1,5
THC,HempCoin,2014-06-28,2013-10-30,2014-06-28,Grogorash,1,18,2,273
CETI,Cetuscoin,2015-01-31,2014-09-21,2015-01-31,optigon,1,380,3,296
PHO,Photon,2014-05-23,2014-01-08,2014-05-23,rinovma,1,3,2,136
BURST,Burst,2014-08-30,2011-04-30,2014-08-30,stakhanov,1,134,17,1348
ZEIT,Zeitcoin,2014-03-20,2014-02-13,2014-03-20,boozoodoo,1,71,4,65
SWIFT,BitSwift,2014-10-05,2012-03-16,2014-10-05,evoorhees,1,1730,119,1237
SYS,SysCoin,2014-08-20,2014-04-27,2014-08-20,danosphere,1,341,20,232
HIRO,Hirocoin,2014-03-26,2014-03-15,2014-03-26,HiroS,1,136,10,22
TRBO,TurboStake,2015-10-30,2015-10-08,2015-10-30,CryptoWiz420,1,56,2,145
LXC,Librexcoin,2014-08-05,2014-07-21,2014-08-05,Librexcoindev,1,55,1,15
MZC,MazaCoin,2014-02-27,2014-02-22,2014-02-27,dbbit,1,64,5,109
PHS,Philosopher Stones,2013-12-17,2013-07-28,2013-12-17,johntawaki,1,48,3,146
NAV,Navajo,2014-06-12,2014-05-26,2014-06-12,GREEDYJOHN,1,342,6,138
SPEC,SPEC,2015-07-27,2013-04-21,2015-07-27,elliotp,1,3,1,827
INDEX,CoinoIndex,2015-06-18,2011-06-09,2015-06-18,Eflite,1,12,4,1470
DMD,Diamond,2013-12-19,2013-05-07,2013-12-19,crazy_rabbit,1,1893,166,747
CRW,CrownCoin,2014-11-08,2014-03-22,2014-11-08,fugue,1,73,2,236
EMC,EmerCoin,2014-08-23,2013-12-08,2014-08-23,Fixx,1,76,4,476
BELA,BellaCoin,2014-03-20,2014-01-29,2014-03-20,twoturtles,1,28,2,50
SYNC,Sync,2014-05-20,2011-05-03,2014-05-20,epii,1,112,9,1153
DRZ,Droidz,2015-04-27,2015-04-14,2015-04-27,DRZ,1,28,1,13
CRC,CraftCoin,2013-07-07,2013-04-10,2013-07-07,Walter Rothbard,1,531,26,184
SKC,Skeincoin,2014-03-15,2013-11-01,2014-03-15,Red Kendra,1,34,1,134
SKB,SkullBuzz,2015-10-14,2015-05-20,2015-10-14,SkullBuzz,1,23,1,147
GRS,GroestlCoin,2014-04-11,2014-03-22,2014-04-11,gruve_p,1,9,1,20
PR,Prototanium,2015-10-12,2010-11-19,2015-10-12,ShadowOfHarbringer,1,732,13,1833
ACOIN,Acoin,2014-09-13,2014-02-06,2014-09-13,amitco177,1,1,1,219
XDN,DigitalNote,2014-06-24,2013-11-30,2014-06-24,Palmdetroit,1,453,13,1070
BUK,CryptoBuck,2014-10-04,2013-08-31,2014-10-04,CryptoBuck,1,114,6,411
BUN,BunnyCoin,2014-09-11,2014-04-29,2014-09-11,shibebunny,1,104,11,219
XDQ,Dirac,2014-05-26,2014-05-19,2014-05-26,coinweaver,1,76,4,101
XDP,Dogeparty,2014-08-28,2014-02-22,2014-08-28,qukuai.io,1,4,2,220
BUB,Bubble,2015-05-06,2010-07-24,2015-05-06,Anonymous,1,2239,220,1940
GEO,GeoCoin,2015-02-21,2011-06-06,2015-02-21,johanatan,1,33,2,1356
FIBRE,Fibre,2014-08-30,2014-02-07,2014-08-30,rapcrash,1,13,1,204
LIMX,LimeCoinX,2014-06-08,2014-04-06,2014-06-08,IParn,1,234,3,65
KEY,KeyCoin,2014-07-18,2011-02-02,2014-07-18,kiba,1,2090,79,1462
TAGR,TAGRcoin,2015-07-16,2015-06-18,2015-07-16,Tagr.Dev,1,43,1,28
UNIC,UniCoin,2015-06-14,2013-05-16,2015-06-14,shiv,1,36,2,803
XRA,Ratecoin,2015-06-26,2015-06-17,2015-06-26,R-A-T-E,1,17,1,9
VGC,VegasCoin,2014-05-06,2014-02-15,2014-05-06,Byates,1,11,1,80
FUND,Cryptofund,2015-09-21,2011-02-18,2015-09-21,no to the gold cult,1,123,11,1676
SXC,Sexcoin,2013-12-08,2013-05-27,2013-12-08,Mapuo,1,365,2,246
EFL,Electronic Gulden,2014-03-26,2014-03-19,2014-03-26,ElectronicGulden,1,53,2,7
XRP,Ripple,2013-08-04,2011-02-17,2013-08-04,jtimon,1,487,12,926
UNIT,Universal Currency,2015-05-06,2011-05-04,2015-05-06,AmpEater,1,40,7,1534
LEA,LeaCoin,2015-04-19,2015-03-30,2015-04-19,tattooman67,1,30,1,111
ULTC,Umbrella-LTC,2014-08-31,2014-07-29,2014-08-31,LuckyBtc,1,148,1,202
MARYJ,MaryJane,2014-10-04,2014-09-29,2014-10-04,kryptologist,1,333,1,203
ANC,Anoncoin,2013-07-14,2012-09-29,2013-07-14,Bitcoin Oz,1,1091,55,675
CBIT,CryptBit,2015-10-01,2015-09-23,2015-10-01,CryptBit,1,20,1,8
XEMP,EmpoCredits,2015-09-14,2015-08-09,2015-09-14,EmpoEX,1,226,3,338
ANI,Animecoin,2014-02-28,2014-01-19,2014-02-28,ani-chan,1,40,2,51
NVC,Novacoin,2013-04-28,2013-02-03,2013-04-28,ShadowAlexey,1,27,1,418
FRSH,FreshCoin,2014-08-22,2014-06-30,2014-08-22,savale,1,281,5,243
JLH,jl777hodl,2014-07-23,2014-07-18,2014-07-23,EvilDave,1,459,3,219
BCN,Bytecoin,2014-06-17,2011-06-11,2014-06-17,imperi,1,732,64,1105
DSH,Dashcoin,2014-10-07,2014-05-30,2014-10-07,Wolf0,1,1294,26,595
GIVE,GiveCoin,2015-02-20,2011-02-17,2015-02-20,vip,1,7,3,1467
CHIP,ChipCoin,2015-08-04,2011-10-22,2015-08-04,herzmeister,1,655,17,1518
DVC,Devcoin,2013-04-28,2011-08-05,2013-04-28,Unthinkingbit,1,256,2,684
BCX,BattleCoin,2014-01-30,2011-09-15,2014-01-30,Cosbycoin,1,409,19,870
BCY,Bitcrystals,2015-09-14,2015-02-16,2015-09-14,hnin,1,100,4,210
FIST,FistBump,2015-06-08,2015-06-01,2015-06-08,FistBump,1,63,2,7
ETH,Ethereum,2015-08-07,2014-01-12,2015-08-07,tacotime,1,1968,53,1452
COL,Colossuscoin,2013-11-30,2013-08-22,2013-11-30,muddafudda,1,854,30,218
BCR,Bitcredits,2015-03-29,2014-01-12,2015-03-29,clackersmaracas,1,39,9,441
CON,PayCon,2015-02-15,2011-12-26,2015-02-15,captainteemo,1,13,2,1255
BCENT,BitCent,2015-02-06,2011-02-18,2015-02-06,Kolbas,1,84,4,1449
SPRTS,Sprouts,2015-07-21,2015-06-30,2015-07-21,MrEggman,1,50,1,21
CASH,Cashcoin,2014-02-27,2010-02-28,2014-02-27,NewLibertyStandard,1,149,12,1500
KDC,KlondikeCoin,2014-02-02,2014-01-04,2014-02-02,singula,1,313,4,42
VRC,VeriCoin,2014-05-16,2013-04-06,2014-05-16,jubalix,1,1534,252,440
FUNK,The Cypherfunks,2015-06-18,2014-02-16,2015-06-18,simondlr,1,348,1,723
QORA,Qora,2014-05-26,2014-03-19,2014-05-26,qora,1,74,1,68
C2,Coin2.1,2014-06-08,2014-02-23,2014-06-08,joel511,1,162,7,105
ZS,ZimStake,2014-05-02,2014-04-25,2014-05-02,CryptoGir,1,23,1,49
VIRAL,Viral,2015-05-08,2011-03-26,2015-05-08,bitcoinking,1,1,1,1504
FAIR,FairCoin,2014-03-22,2010-10-14,2014-03-22,Anonymous,1,2239,220,1530
DIME,Dimecoin,2014-01-06,2012-05-13,2014-01-06,str4wm4n,1,302,22,944
CC,CyberCoin,2015-04-03,2011-06-23,2015-04-03,innervisi0nn,1,33,5,1405
CB,CryptoByte,2015-10-24,2013-08-15,2015-10-24,elambert,1,798,41,865
LYC,Lycancoin,2014-04-11,2014-02-08,2014-04-11,vampirecoin,1,35,3,62
HEX,Heisenberg,2014-03-15,2014-02-22,2014-03-15,Heisenbergprime,1,8,1,21
CF,Californium,2015-04-21,2014-04-03,2015-04-21,Cryptor,1,32,5,406
COMM,CommunityCoin,2014-04-15,2013-08-24,2014-04-15,CaptChadd,1,914,40,649
CS,CryptoSpots,2015-08-04,2014-06-16,2015-08-04,HYPERfuture,1,695,15,436
IEC,IvugeoCoin,2015-04-29,2014-07-25,2015-04-29,CorruptoFoundation,1,20,1,280
XMR,Monero,2014-05-20,2013-11-30,2014-05-20,Palmdetroit,1,451,13,1035
DRS,Denarius,2014-06-15,2014-05-01,2014-06-15,Nthused,1,973,16,166
PLS,PLAY,2015-10-12,2010-11-07,2015-10-12,hugolp,1,559,7,1983
SNRG,Synergy,2015-06-08,2015-05-11,2015-06-08,bornil267645,1,749,50,446
UFO,UFO Coin,2014-02-27,2014-01-02,2014-02-27,crike,1,481,6,95
CDN,Canada eCoin,2014-05-11,2014-01-02,2014-05-11,crike,1,548,8,168
ORO,ORObit,2014-02-27,2014-02-26,2014-02-27,deeppurple72,1,317,55,242
NMC,Namecoin,2013-04-28,2011-04-29,2013-04-28,khal,1,200,14,795
ASC,AsicCoin,2013-12-31,2013-09-11,2013-12-31,asicuser,1,26,2,112
LOG,Woodcoin,2015-03-22,2010-07-12,2015-03-22,ultrasonicsite,1,4,2,1714
MNTA,Moneta,2014-08-30,2014-06-15,2014-08-30,cryptomidnight,1,107,3,76
RUBIT,RubleBit,2015-11-23,2015-11-10,2015-11-23,Rublebit,1,30,1,13
DIG,Digit,2014-06-28,2012-01-13,2014-06-28,julz,1,705,40,1101
WDC,WorldCoin,2013-05-21,2013-05-09,2013-05-21,feeleep,1,52,7,16
LOT,LottoCoin,2013-12-27,2011-05-14,2013-12-27,Nefario,1,362,21,1095
ARCH,ARCHcoin,2014-10-06,2014-01-26,2014-10-06,Kenshin,1,312,17,343
AXIOM,Axiom,2015-07-29,2014-02-25,2015-07-29,DeathAndTaxes,1,3976,50,1409
AIB,AIB,2015-04-30,2015-04-11,2015-04-30,aib,1,6,1,19
PPC,Peercoin,2013-04-28,2012-08-10,2013-04-28,Sunny King,1,722,17,261
QRK,Quark,2013-08-25,2013-07-21,2013-08-25,quarkcoin,1,27,2,37
SOL,Solcoin,2014-09-07,2013-05-20,2014-09-07,antimattercrusader,1,84,5,527
GAP,Gapcoin,2014-11-01,2012-12-21,2014-11-01,juggalodarkclow,1,72,8,1046
DIBS,Dibbits,2015-06-24,2014-12-17,2015-06-24,vdibs,1,10,1,189
DGCS,Digital Credits,2015-11-16,2015-11-01,2015-11-16,intristin,1,136,10,47
GAM,Gambit,2015-05-22,2014-04-12,2015-05-22,GambitBTC,1,327,20,789
NSR,NuShares,2014-10-25,2014-09-23,2014-10-25,toast,1,68,7,1187
G3N,Genstake,2015-06-10,2015-06-03,2015-06-10,ThinkingOutLoud,1,60,1,295
UTC,UltraCoin,2014-02-09,2011-05-26,2014-02-09,bitz,1,6,1,990
GOOD,GoodCoin,2014-06-08,2010-11-09,2014-06-08,FlyingMoose,1,10,2,1308
MTR,MasterTraderCoin,2015-03-02,2015-02-14,2015-03-02,mprep,1,448,259,1113
XVI,Vibranium,2015-07-02,2015-06-08,2015-07-02,Viecoin,1,274,3,476
007,007Coin,2015-04-23,2013-05-15,2015-04-23,internationalaw,1,27,4,715
HTML5,HTMLCOIN,2014-09-19,2013-04-25,2014-09-19,bitteriest,1,11,6,512
CNMT,Coinomat,2014-09-04,2014-02-20,2014-09-04,coinomat.com,1,12,2,196
PINK,PinkCoin,2014-05-11,2013-12-23,2014-05-11,420,1,715,39,648
MAPC,MapCoin,2015-09-08,2015-07-23,2015-09-08,mapcoindev,1,52,1,47
SDP,SydPak,2015-08-23,2015-08-09,2015-08-23,SydPakCoin Dev,1,5,1,14
NXTTY,Nxttycoin,2014-08-12,2014-08-12,2014-08-12,landomata,1,44,0,244
CV2,Colossuscoin V2,2015-03-20,2015-01-30,2015-03-20,colossuscoin,1,15,2,391
ARB,ARbit,2015-05-21,2014-06-23,2015-05-21,gts476,1,173,5,396
PURE,PurePOS,2015-08-23,2012-05-24,2015-08-23,Realpra,1,195,7,1239
SDC,ShadowCash,2014-07-31,2014-01-08,2014-07-31,shadowcoin,1,8,1,204
ARI,Aricoin,2014-02-20,2014-02-07,2014-02-20,olympicsdude,1,74,1,15
TRUST,TrustPlus,2014-07-10,2010-07-30,2014-07-10,chaord,1,104,12,1465
NYAN,Nyancoin,2014-02-09,2013-05-15,2014-02-09,TruthTaco,1,28,3,275
HBN,HoboNickels,2013-12-20,2013-07-24,2013-12-20,thundertoe,1,218,35,927
TIX,Tickets,2013-11-03,2011-11-09,2013-11-03,worldly,1,36,8,825
PARA,ParanoiaCoin,2015-09-25,2014-04-25,2015-09-25,Blackjak,1,128,11,578
TIT,Titcoin,2014-08-25,2012-02-18,2014-08-25,kjlimo,1,707,14,1083
XJO,Joulecoin,2013-12-06,2013-09-22,2013-12-06,JohnJoule,1,26,2,75
BOT,Botcoin,2015-09-08,2011-05-25,2015-09-08,mizerydearia,1,416,61,1881
SOON,SoonCoin,2015-01-27,2010-07-15,2015-01-27,andy_3_913,1,31,7,1659
DARK,DarkCoin,2014-12-06,2011-04-29,2014-12-06,genjix,1,660,68,1506
NAS,Nas,2014-04-15,2014-03-20,2014-04-15,Nas_Coin,1,24,1,26
CCN,Cannacoin,2014-04-25,2013-08-10,2014-04-25,hendo420,1,766,63,361
STEPS,Steps,2015-09-19,2011-06-02,2015-09-19,Vladimir,1,605,36,1709
BOB,Dobbscoin,2014-08-27,2011-05-15,2014-08-27,TheBitcoinSun,1,20,9,1206
BOD,Bloodcoin,2015-06-18,2015-06-16,2015-06-18,SalimNagamato,1,1037,3,356
SHLD,ShieldCoin,2014-07-12,2014-07-08,2014-07-12,shieldcoindevs,1,28,1,4
SHELL,ShellPay,2015-06-18,2011-06-28,2015-06-18,nakowa,1,65,21,1464
APEX,ApexCoin,2014-07-18,2014-07-11,2014-07-18,APEXcoin_Team,1,47,3,7
MYR,Myriadcoin,2014-03-08,2014-02-23,2014-03-08,8bitcoder,1,37,1,13
CENT,Pennies,2014-08-25,2011-06-01,2014-08-25,buryfarmer,1,14,5,1182
UIS,Unitus,2015-01-12,2014-08-15,2015-01-12,true-asset,1,297,11,249
LYB,Lyrabar,2015-11-16,2015-01-28,2015-11-16,Lyrabar,1,77,1,292
CRYPT,CryptCoin,2014-05-26,2011-11-21,2014-05-26,BitcoinEXpress,1,2669,150,1035
IOC,I/O Coin,2014-08-02,2011-11-14,2014-08-02,steelhouse,1,324,42,1214
SJCX,Storjcoin X,2014-08-20,2014-07-20,2014-08-20,Storj,1,28,1,64
NXT,Nxt,2013-12-04,2013-09-28,2013-12-04,BCNext,1,230,10,67
BQC,BBQCoin,2013-05-08,2012-07-03,2013-05-08,Cubox,1,8,3,309
BOLI,Bolivarcoin,2015-09-08,2015-08-08,2015-09-08,bolivarcoin,1,31,3,31
XAU,Xaurum,2015-04-21,2015-02-27,2015-04-21,Aurum Project,1,35,1,53
NXE,NXE,2015-03-22,2015-03-05,2015-03-22,NXE,1,80,1,17
XAI,Sapience AIFX,2014-12-24,2014-11-19,2014-12-24,CedricQuotient,1,141,2,43
P7C,P7Coin,2015-04-17,2015-04-12,2015-04-17,kevin1234a,1,135,1,245
OK,OKCash,2014-12-13,2011-09-15,2014-12-13,TiagoTiago,1,531,21,1392
CRAIG,CraigsCoin,2014-09-30,2013-07-21,2014-09-30,truelitecoin,1,19,2,453
HNC,Helleniccoin,2015-07-21,2015-02-08,2015-07-21,helleniccoin,1,2,1,163
OC,OrangeCoin,2014-05-12,2013-03-01,2014-05-12,Zangelbert Bingledack,1,240,11,591
GSY,GenesysCoin,2015-09-15,2015-07-16,2015-09-15,GSYTeam,1,208,2,61
BVC,BeaverCoin,2014-10-04,2014-08-29,2014-10-04,Sumpfbiene,1,114,4,242
MAID,MaidSafeCoin,2014-04-27,2014-04-19,2014-04-27,Chang Hum,1,229,1,603
NTRN,Neutron,2015-04-21,2014-01-05,2015-04-21,Neutronic,1,12,2,471
FETISH,Fetish,2014-10-20,2014-09-19,2014-10-20,altcoin.center,1,51,3,42
QDOS,Quedos,2015-11-18,2015-11-11,2015-11-18,pineapples,1,631,12,686
JUDGE,Judgecoin,2014-07-07,2013-04-07,2014-07-07,jubalix,1,1602,263,492
FST,Fastcoin,2013-07-04,2011-08-22,2013-07-04,steelhouse,1,296,33,820
BTCRY,BitCrystal,2015-03-22,2014-10-31,2015-03-22,bitcrystal,1,141,7,142
ICASH,iCash,2015-03-27,2015-03-19,2015-03-27,cryptodev35,1,70,1,8
FLY,Flycoin,2015-09-14,2012-01-23,2015-09-14,someguy123,1,90,12,1569
CGN,KolschCoin,2015-04-21,2015-04-10,2015-04-21,TillKoeln,1,400,4,422
XST,Stealthcoin,2014-07-10,2014-05-25,2014-07-10,stealthdev,1,5,1,46
SMBR,Sembro Token,2014-10-20,2014-10-11,2014-10-20,Sembro Development,1,29,2,46
FLT,FlutterCoin,2014-03-20,2014-03-04,2014-03-20,coolisbad,1,185,1,63
MWC,MultiWalletCoin,2014-08-09,2012-02-28,2014-08-09,marketGuy,1,7,1,893
DEM,Deutsche eMark,2013-12-14,2013-10-15,2013-12-14,Bzzzum,1,28,1,60
FLO,FlorinCoin,2013-11-27,2013-06-17,2013-11-27,skyangel,1,238,5,216
LKY,Luckycoin,2013-06-14,2013-05-18,2013-06-14,blastbob,1,842,33,68
XSI,StabilityShares,2014-04-23,2014-03-06,2014-04-23,ivarl,1,11,1,48
VIOR,Viorcoin,2014-11-23,2014-10-25,2014-11-23,Viorcoin,1,116,1,29
BLOCK,Blocknet,2014-11-01,2010-04-10,2014-11-01,gkelly,1,7,1,1666
TRON,Positron,2015-04-14,2015-04-11,2015-04-14,positrondev,1,23,1,3
QCN,QuazarCoin,2014-05-26,2014-05-07,2014-05-26,amphibian,1,104,6,30
AMC,AmericanCoin,2013-06-09,2013-05-24,2013-06-09,mill0601,1,425,73,53
PTC,Pesetacoin,2014-02-22,2013-11-06,2014-02-22,petregr,1,30,2,119
ROX,ROXcoin,2014-07-01,2014-06-28,2014-07-01,Roxcoin,1,23,1,3
RED,RedCoin,2014-01-24,2011-06-19,2014-01-24,d3wo,1,34,5,960
OSC,OpenSourcecoin,2014-03-15,2013-08-06,2014-03-15,r3wt,1,2661,86,307
MNC,Mincoin,2013-05-02,2013-04-03,2013-05-02,SuperTramp,1,166,3,621
PTS,BitShares PTS,2013-11-21,2013-10-21,2013-11-21,halibit,1,166,2,110
MNE,Munne,2014-10-25,2014-09-25,2014-10-25,Mchrono,1,98,2,30
TRI,Triangles,2014-07-21,2013-01-19,2014-07-21,remotemass,1,343,147,620
TRK,Truckcoin,2014-07-16,2013-12-28,2014-07-16,hostmaster,1,1041,49,228
RBT,Rimbit,2014-10-26,2014-04-19,2014-10-26,garden.stater,1,2,1,190
TRL,Trollcoin,2014-09-30,2013-04-04,2014-09-30,Anon136,1,1274,32,1372
DETH,DarkEther,2015-08-10,2015-08-09,2015-08-10,DarkEther,1,5,1,1
CAPT,CAPTcoin,2014-08-20,2014-07-09,2014-08-20,EcuaMobi,1,499,8,266
AM,AeroMe,2014-07-07,2011-01-14,2014-07-07,Vladimir,1,605,36,1270
TRC,Terracoin,2013-04-28,2012-10-31,2013-04-28,celkaris,1,107,8,179
USDT,Tether,2015-02-25,2015-06-15,2015-02-25,Hollingsworth,1,1,0,148
KOBO,Kobocoin,2015-02-15,2015-01-11,2015-02-15,TheTribesman,1,328,7,428
VCN,Vcoin,2015-06-10,2013-12-29,2015-06-10,v_coin,1,16,2,732
USDe,USDe,2014-02-06,2014-01-08,2014-02-06,akd,1,44,1,29
VOOT,VootCoin,2014-06-12,2014-05-29,2014-06-12,vootcoin_dev,1,3,2,14
MYST,MysteryCoin,2015-02-06,2014-07-26,2015-02-06,MysteryCoin.org,1,37,1,195
ENRG,Energycoin,2014-05-15,2014-04-24,2014-05-15,energycoin.cc,1,5,1,21
NOXT,NobleNXT,2014-12-06,2014-01-25,2014-12-06,Noitev,1,315,22,1374
XCO,X-Coin,2015-03-05,2014-01-24,2015-03-05,eduffield,1,210,15,637
LTCD,LitecoinDark,2014-09-11,2014-08-28,2014-09-11,Litecoindark,1,39,1,14
IVZ,InvisibleCoin,2015-10-12,2015-10-09,2015-10-12,scat,1,5,1,164
XCPSCO,Scotcoin,2014-05-26,2014-03-15,2014-05-26,bitcointodayand,1,112,56,201
HZ,Horizon,2014-07-14,2013-02-06,2014-07-14,FuzzyBear,1,916,18,738
SHND,StrongHands,2015-10-30,2015-09-28,2015-10-30,JacksonBriggs,1,33,2,34
NEC,Neocoin,2014-03-26,2013-07-25,2014-03-26,Neo8,1,87,15,244
XNC,XenCoin,2013-07-24,2013-05-22,2013-07-24,XenCoin,1,62,3,63
ACP,AnarchistsPrime,2015-07-13,2014-05-28,2015-07-13,axismundi,1,303,3,503
NET,NetCoin,2013-12-16,2010-08-04,2013-12-16,kiav,1,3,1,1230
SILK,Silkcoin,2014-05-11,2011-06-06,2014-05-11,Anonymous,1,2239,220,1580
FLDC,FoldingCoin,2014-09-16,2014-07-09,2014-09-16,FoldingCoin,1,47,3,72
TEK,TEKcoin,2014-05-20,2013-08-28,2014-05-20,x3maniac,1,141,2,363
PMP,PreminePlus,2014-10-20,2014-06-25,2014-10-20,TheMightyX,1,882,4,470
BITSILVER,bitSilver,2015-02-25,2015-01-14,2015-02-25,matt608,1,473,16,705
CGA,Cryptographic Anomaly,2014-02-21,2014-01-29,2014-02-21,s4w3d0ff,1,136,2,36
GEMZ,GetGems,2015-01-12,2014-08-26,2015-01-12,peled1986,1,327,1,367
GRAV,Graviton,2015-05-03,2014-01-05,2015-05-03,eatrader,1,140,30,510
NBT,NuBits,2014-09-23,2014-07-21,2014-09-23,Yurizhai,1,535,30,519
FSC2,FriendshipCoin 2,2015-01-25,2013-05-30,2015-01-25,RichG,1,137,14,727
NBL,Nibble,2013-06-14,2013-05-18,2013-06-14,hyoshi,1,101,9,27
TES,TeslaCoin,2014-02-06,2014-01-17,2014-02-06,Vlad2Vlad,1,2019,36,265
CORE,CORE,2015-06-18,2010-08-23,2015-06-18,chaord,1,104,12,1808
CORG,CorgiCoin,2014-02-21,2014-02-02,2014-02-21,corgicoin,1,50,1,19
GMC,GameCredits,2014-09-01,2013-05-12,2014-09-01,tytanick,1,436,48,560
ELC,Elacoin,2013-06-09,2013-05-13,2013-06-09,Milkshake,1,108,6,110
RBBT,RabbitCoin,2014-08-30,2014-02-15,2014-08-30,rabbitcointeam,1,33,1,196
J,Joincoin,2014-08-25,2011-05-18,2014-08-25,grondilu,1,940,72,1429
IRL,IrishCoin,2015-07-07,2013-11-26,2015-07-07,The Bitcoin Co-op,1,155,15,716
SJW,SJWCoin,2015-08-07,2015-06-20,2015-08-07,sjwcoin,1,58,1,48
GME,GameCoin,2013-08-25,2011-06-17,2013-08-25,Sandoz,1,44,7,811
CLOAK,CloakCoin,2014-06-06,2014-05-31,2014-06-06,TheDagger,1,43,2,6
RDD,ReddCoin,2014-02-09,2014-01-20,2014-02-09,ReddCoin,1,63,3,20
ADD,AdderalCoin,2015-02-28,2010-08-10,2015-02-28,Macho,1,25,1,1663
ADC,AudioCoin,2015-06-05,2014-03-16,2015-06-05,TheFlyingDutchman,1,39,1,446
DIEM,CarpeDiemCoin,2014-04-27,2013-03-17,2014-04-27,joecooin,1,127,9,993
ADN,Aiden,2014-04-15,2013-07-09,2014-04-15,defaced,1,1146,29,1139
ELP,ElephantCoin,2014-08-26,2013-07-15,2014-08-26,thisnewcoin,1,596,10,468
MINT,Mintcoin,2014-02-19,2011-06-22,2014-02-19,flug,1,246,19,1007
AEON,Aeon,2015-08-04,2014-06-06,2015-08-04,aeon,1,65,1,424
ELT,Electron,2014-06-12,2014-03-21,2014-06-12,afong9,1,102,1,83
MED,MediterraneanCoin,2014-10-22,2011-05-19,2014-10-22,nazgulnarsil,1,134,16,1252
OZC,Ozziecoin,2015-07-23,2014-04-21,2015-07-23,Ozziecoin,1,213,2,458
MEC,Megacoin,2013-07-07,2013-05-10,2013-07-07,jubalix,1,819,156,127
MEM,Memecoin,2013-06-09,2011-06-21,2013-06-09,BecomingPhill,1,2,1,719
XEM,NEM,2015-03-31,2014-01-19,2015-03-31,utopianfuture,1,736,14,478
NAUT,NautilusCoin,2014-05-15,2014-05-01,2014-05-15,BK_PHI,1,80,1,14
SMLY,SmileyCoin,2015-01-27,2013-12-31,2015-01-27,tk808,1,1367,116,402
LEO,LEOcoin,2015-08-04,2011-05-16,2015-08-04,elewton,1,45,4,1573
CIRC,CryptoCircuits,2015-06-18,2012-09-20,2015-06-18,PandaMiner,1,61,3,1457
GDC,GrandCoin,2013-12-16,2012-07-23,2013-12-16,markm,1,3363,45,1050
CREVA,CrevaCoin,2015-07-07,2015-05-10,2015-07-07,ioncanon,1,54,1,59
STHR,Stakerush,2015-09-14,2015-08-25,2015-09-14,stakerush,1,34,1,20
BRC,Biebercoin,2015-07-21,2013-12-31,2015-07-21,txiki73,1,309,6,782
QSLV,Quicksilver,2014-11-13,2014-10-21,2014-11-13,QuickSilverNFC,1,10,1,23
SRC,SecureCoin,2013-09-28,2013-05-16,2013-09-28,TheSwede75,1,1313,34,165
XWT,World Trade Funds,2014-10-26,2014-10-20,2014-10-26,wtfdev,1,10,1,6
COINO,CoinoUSD,2014-12-24,2014-01-17,2014-12-24,coino.org,1,220,4,341
BRE,BREAKcoin,2015-09-08,2015-08-24,2015-09-08,breakcoindev,1,62,2,15
MSC,Mastercoin,2013-12-24,2012-08-17,2013-12-24,ripper234,1,850,117,1007
XWC,WhiteCoin,2014-04-18,2014-04-13,2014-04-18,yinyangteam,1,24,1,5
KARM,Karmacoin,2014-02-08,2014-02-03,2014-02-08,Karmagood,1,19,1,5
FRAC,Fractalcoin,2014-06-15,2014-06-12,2014-06-15,Fractalcoin,1,1,1,3
TX,TransferCoin,2015-08-20,2010-09-29,2015-08-20,jgarzik,1,791,24,1856
EAC,EarthCoin,2013-12-28,2013-09-24,2013-12-28,vipah,1,88,11,260
42,42 Coin,2014-01-13,2013-04-12,2014-01-13,Byte-Gox,1,113,23,285
PXI,Prime-XI,2014-10-04,2014-07-20,2014-10-04,Percise,1,186,7,95
VDO,Vidio,2014-10-20,2014-11-04,2014-10-20,sucksyd,1,99,5,61
PXL,Phalanx,2015-04-07,2014-01-16,2015-04-07,Tripmode,1,230,9,497
PXC,Phoenixcoin,2013-07-04,2013-05-20,2013-07-04,JohnCar,1,155,14,64
DEX,InstantDEX,2014-09-14,2014-01-23,2014-09-14,dexX7,1,121,1,489
AC,AsiaCoin,2014-04-20,2013-06-01,2014-04-20,bitpop,1,1223,38,1062
CUBE,DigiCube,2015-10-24,2013-12-17,2015-10-24,dresdenreader,1,52,2,769
ICN,iCoin,2014-02-17,2013-08-29,2014-02-17,Icoin,1,158,6,684
SPACE,SpaceCoin,2015-09-09,2011-01-10,2015-09-09,kiba,1,2090,79,1880
ICB,IcebergCoin,2014-07-16,2014-07-01,2014-07-16,Icebergcoin,1,91,1,15
METAL,MetalCoin,2015-01-27,2011-11-19,2015-01-27,rawdod,1,2,2,1329
START,Startcoin,2014-06-15,2011-03-22,2014-06-15,Dai,1,12,1,1181
U,UCoin,2014-11-16,2010-11-27,2014-11-16,matonis,1,147,11,1481
CNC,CHNCoin,2013-05-08,2013-04-26,2013-05-08,swordfish6975,1,45,2,15
AMBER,AmberCoin,2015-02-06,2014-08-17,2015-02-06,amber_gold,1,30,1,173
CNO,Coin(O),2014-03-18,2014-02-07,2014-03-18,FreeTrade,1,750,44,899
CNL,ConcealCoin,2014-07-21,2014-07-18,2014-07-21,ConcealCoin,1,4,1,3
XCASH,XCash,2014-09-11,2014-09-01,2014-09-11,johnnyxcash,1,28,1,10
NKA,IncaKoin,2015-01-27,2013-10-07,2015-01-27,Tsunamirain,1,108,9,538
ZCC,ZcCoin,2014-08-05,2013-08-05,2014-08-05,zccoin,1,69,2,365
NOTE,DNotes,2014-03-08,2011-10-16,2014-03-08,johnj,1,658,14,925
KGC,Krugercoin,2013-07-07,2013-06-29,2013-07-07,ethought,1,176,9,57
NKT,Nakas,2014-12-28,2014-12-17,2014-12-28,nkt-coin-team,1,29,2,11
CHILD,X-Children,2014-09-20,2011-01-20,2014-09-20,jib,1,23,1,1530
SUPER,SuperCoin,2014-05-26,2011-03-17,2014-05-26,gigabytecoin,1,433,49,1181
EZC,EZCoin,2013-07-04,2013-05-29,2013-07-04,ezcoin,1,64,3,36
