coin, max_price, min_price, severity_to_min_price, severity_to_min_price_after_max, severity_to_last, severity_to_average, severity_to_average_after_max, severity_to_average_volume_weighted, severity_to_average_after_max_volume_weighted, total_volume, market_num, BTC-E, Kraken, Poloniex, Cryptsy, BTC38, BTER, Bittrex
AXR, 62.0361172744, 6.01411e-05, 9.69453e-07, 62.0361172744, 12.1008249497, 9.35447679649, 9.82774124558, 2.88022621048, 3.0809965719, 132602, 1, False, False, False, True, False, False, False
NYAN, 2469.46082997, 2.38624e-05, 9.663e-09, 2469.46082997, 71.1108991972, 22.5380647972, 29.4368872127, 2.28892815062, 3.4648910488, 164698, 3, False, False, False, True, False, False, False
EXE, 276.194736842, 0.000209908, 7.6e-07, 276.194736842, 276.194736842, 16.2322343444, 17.0603012913, 2.72601490795, 2.76799290371, 538654, 2, False, False, True, True, False, False, False
TIX, 409.051975945, 9.52273e-08, 2.328e-10, 54.835483128, 22.355925439, 6.55219180859, 6.70012647751, 1.86814041533, 1.88021213472, 2424417, 2, False, False, False, True, False, True, False
XQN, 251.505555556, 6.79065e-05, 2.7e-07, 251.505555556, 62.8763888889, 7.35203307743, 7.35203307743, 2.69697879592, 2.69697879592, 96084, 1, False, False, False, False, False, False, True
TIT, 44.7249771337, 4.98764e-05, 1.11518e-06, 44.7249771337, 35.2887404661, 10.6743820315, 10.9402098338, 2.17887245688, 2.13088378533, 267592, 4, False, False, False, True, False, False, True
XJO, 197.271604938, 0.00015979, 8.1e-07, 197.271604938, 197.271604938, 25.1116242254, 25.2040654512, 5.62405233675, 5.62405233675, 136951, 1, False, False, False, True, False, False, False
XBS, 63.6927792843, 0.00118852, 1.86602e-05, 63.6927792843, 63.6927792843, 4.7330891326, 4.14815016906, 2.34340785456, 1.94413048713, 716336, 2, False, False, False, True, False, False, True
SOL, 286.704, 2.86704e-06, 1e-08, 286.704, 286.704, 8.22698438928, 15.0339612656, 2.82098739819, 1.51394057546, 1224938, 1, False, False, False, False, False, False, False
LIT, 1191.21, 2.38242e-05, 2e-08, 1191.21, 158.828, 30.3571048533, 35.0669831966, 2.19736737291, 2.15799447138, 49309, 1, False, False, False, False, False, False, False
NAS, 19.8127378838, 1.95205e-07, 9.8525e-09, 19.8127378838, 2.4400625, 4.31248595081, 4.34331905309, 1.90415283674, 1.93358156211, 716952, 2, False, False, False, False, True, True, False
WDC, 80.4500369227, 0.000958707, 1.19168e-05, 80.4500369227, 40.3746004472, 9.69846710221, 10.0612907361, 3.83593754265, 3.83593754265, 18758965, 14, False, False, True, True, True, True, False
NAV, 25.1190432962, 4.15052e-05, 1.65234e-06, 5.12856251429, 5.12856251429, 3.45511751208, 2.09950038274, 2.87022731398, 1.60323728052, 1767251, 5, False, False, True, True, False, True, True
GHC, 95.4665338645, 0.000239621, 2.51e-06, 95.4665338645, 65.8299450549, 5.39552719607, 5.3294167684, 2.40450098009, 2.37825848755, 115485, 1, False, False, False, False, False, False, True
NYC, 1413.3943662, 1.00351e-08, 7.1e-12, 1413.3943662, 9.80564784053, 5.5575595348, 7.05839219786, 3.66742364234, 7.15565712678, 6701, 2, False, False, False, False, False, False, False
GAIA, 8.66342857143, 9.0966e-06, 1.05e-06, 8.66342857143, 8.66342857143, 2.26872133791, 2.54098200702, 1.39957629924, 1.73078201426, 458149, 1, False, False, False, False, False, False, True
BSTY, 7.7713678785, 1.44141e-05, 1.85477e-06, 1.0, 1.0, 2.16461796651, 1.0, 2.32214083475, 1.0, 339043, 5, False, False, False, False, False, False, True
SHLD, 129.454672013, 0.00035708, 2.75834e-06, 129.454672013, 57.6865912763, 19.0652123422, 20.121226052, 1.18344080265, 1.18163311526, 927475, 1, False, False, False, True, False, False, False
MED, 4.60512428601, 6.98998e-06, 1.51787e-06, 2.32999333333, 2.32999333333, 2.0137217808, 1.16546696247, 1.60251600381, 1.14776164331, 40231, 2, False, False, False, True, True, False, False
AMBER, 9.26590151796, 0.000125136, 1.3505e-05, 1.03715614199, 1.03715614199, 2.17444920244, 1.01823922145, 1.55485707191, 1.00724605233, 123829, 5, False, False, False, True, False, False, False
OMC, 17.8256921787, 4.1031e-05, 2.30179e-06, 17.8256921787, 17.1677824268, 4.2180099669, 4.2180099669, 3.27610400288, 3.27610400288, 51106, 1, False, False, False, False, False, False, True
SXC, 267.946666092, 0.000149171, 5.56719e-07, 267.946666092, 118.05893014, 30.9730824508, 31.1339281546, 10.1030551201, 10.1030551201, 965249, 2, False, False, False, True, False, False, False
CKC, 67.8607159946, 3.1201e-05, 4.5978e-07, 67.8607159946, 62.402, 5.20838754261, 5.53032141854, 2.19664501472, 1.86036566975, 392188, 2, False, False, False, True, False, False, False
PRC, 480.336078656, 0.000240169, 5.00002e-07, 480.336078656, 150.105625, 14.2485330748, 18.3793915245, 2.50677592372, 2.71956525136, 34184, 1, False, False, True, False, False, False, False
MONA, 28.8811551346, 0.00124232, 4.30149e-05, 15.0470614312, 4.53336933794, 4.29074700187, 3.68409446113, 2.68889918788, 2.61902386438, 3419631, 9, False, False, False, True, False, False, True
MEOW, 2769.18005072, 9.82782e-07, 3.549e-10, 2769.18005072, 512.532985658, 25.9954678998, 27.0341904733, 1.9335937696, 1.8708869148, 4724559, 1, False, False, False, True, False, False, False
OPAL, 29.7432474123, 5.59179e-05, 1.88002e-06, 6.14346721219, 6.14346721219, 2.69050453571, 2.15802954822, 1.86641066952, 1.54146804497, 454424, 3, False, False, True, True, False, False, True
MYR, 87.1010152019, 1.00039e-05, 1.14854e-07, 87.1010152019, 56.6100409697, 8.19745633076, 10.3115426214, 1.94940365617, 2.19008196715, 3670802, 5, False, False, True, True, False, False, True
SPT, 713.532187034, 0.000199936, 2.80206e-07, 713.532187034, 217.32173913, 19.5625359709, 25.4150744033, 8.36537514898, 8.36537514898, 44505, 1, False, False, False, True, False, False, False
PXI, 39.2730854425, 8.81182e-06, 2.24373e-07, 39.2730854425, 6.52727407407, 4.45671334298, 4.58286062841, 2.66318483148, 2.71210254333, 31448, 1, False, False, False, False, False, False, True
EAC, 682.577427314, 7.77326e-06, 1.13881e-08, 682.577427314, 76.484375, 28.8940046316, 29.8400162158, 4.11401685488, 4.16039196533, 4843647, 5, False, False, False, True, True, False, False
RIN, 7.85602746421, 3.29525e-06, 4.19455e-07, 3.66138888889, 2.99568181818, 2.134044137, 1.84577824989, 1.79597754976, 1.61134797374, 12821, 2, False, False, False, False, False, False, False
PRT, 123.759189569, 4.95262e-06, 4.00182e-08, 123.759189569, 70.7517142857, 7.66623636053, 7.69300416478, 2.29083087299, 2.28666804177, 857560, 1, False, False, False, False, False, True, False
UIS, 67.7272102454, 1.18249e-05, 1.74596e-07, 67.7272102454, 31.9591891892, 9.36936213146, 9.36936213146, 3.31390373264, 3.31390373264, 17275, 1, False, False, True, False, False, False, False
TAG, 84.9984967521, 0.00279889, 3.29287e-05, 84.9984967521, 24.0324394872, 7.46767821728, 8.03280451845, 3.10533109491, 3.10533109491, 2207768, 4, False, False, False, True, True, True, False
DRKC, 10.22172949, 4.61e-05, 4.51e-06, 10.22172949, 5.42991755006, 4.00268251416, 3.9456135037, 3.35857160189, 3.26066249605, 67777, 2, False, False, False, True, False, True, False
YAC, 506.865998764, 0.000390374, 7.70172e-07, 506.865998764, 300.71100087, 10.4096601367, 12.6530684074, 16.7394042018, 16.7394042018, 401480, 5, False, False, False, True, False, True, False
KOBO, 18.032034218, 7.58e-06, 4.20363e-07, 7.50495049505, 7.50495049505, 3.09748114071, 1.23553382233, 3.00223255448, 1.06409614375, 21510, 2, False, False, False, False, False, False, True
LYC, 240.470764587, 2.37424e-06, 9.8733e-09, 240.470764587, 118.712, 26.5604244957, 27.8132128796, 6.44724865034, 6.64617425573, 361210, 1, False, False, False, True, False, False, False
TRK, 270.24459776, 4.62602e-05, 1.71179e-07, 243.474736842, 17.1515753724, 17.4619075633, 15.8573943827, 9.78621633488, 8.07009977168, 28918, 4, False, False, False, True, False, False, True
SPA, 13063.7158361, 0.00444425, 3.40198e-07, 13063.7158361, 6440.94202899, 156.218663394, 162.649252616, 2.28834458409, 2.28731785726, 1564946, 1, False, False, False, True, False, False, False
IOC, 35.4781337927, 0.000139836, 3.94147e-06, 3.14973612547, 3.14973612547, 4.48736798172, 1.28642275128, 2.24006798851, 1.22276070028, 1657686, 4, False, False, True, True, False, False, True
RIC, 118.977880657, 0.00098789, 8.30314e-06, 118.977880657, 29.4910143889, 15.299131863, 15.5334312803, 4.04500849445, 4.07892110914, 904547, 2, False, False, True, False, True, False, False
VRC, 75.7490115726, 0.00051461, 6.79362e-06, 15.6753743618, 6.7892113533, 4.87937842354, 4.91807443829, 1.8403609449, 1.61436153183, 33204485, 11, False, False, True, True, False, True, True
TAK, 766.74768787, 7.60238e-06, 9.9151e-09, 766.74768787, 380.119, 41.7950794211, 74.5962795927, 2.81477564119, 3.14909504121, 905045, 1, False, False, False, True, False, False, False
CHA, 235888.665527, 0.00235858, 9.9987e-09, 235888.665527, 25.2227569244, 4.17458172497, 4.21547303985, 1.98328728623, 2.01079848839, 86706, 1, False, False, True, False, False, False, False
PTS, 147014.183756, 0.0309187, 2.10311e-07, 147014.183756, 147014.183756, 4.95102052209, 7.14915574247, 1.58484122939, 2.18335449866, 38569704, 3, False, False, True, False, False, True, False
FRAC, 416.886856343, 0.00281314, 6.74797e-06, 416.886856343, 185.685808581, 41.9819454344, 41.9819454344, 3.90019444259, 3.90019444259, 478285, 1, False, False, False, True, False, False, False
MRY, 66.2137209302, 2.84719e-05, 4.3e-07, 66.2137209302, 61.8954347826, 9.21675847881, 11.897530356, 3.58534619189, 4.70516957185, 70034, 1, False, False, False, True, False, False, False
XPM, 179.572743225, 0.0140613, 7.83042e-05, 179.572743225, 55.1220334465, 7.75789384097, 7.8642680134, 5.07926719935, 5.07926719935, 28336206, 13, False, False, True, True, True, True, False
GP, 44.8610665159, 0.00015788, 3.51931e-06, 2.77518017226, 2.3214233201, 3.98760085164, 1.53927330856, 2.63552275789, 1.1655681738, 42186, 1, False, False, False, False, False, False, True
IXC, 10.3192818256, 0.000221394, 2.14544e-05, 10.3192818256, 4.08004024864, 2.54744391305, 2.38975620524, 2.04410119045, 2.04410119045, 1001901, 3, False, False, False, True, False, False, False
URO, 168.565356177, 0.0207005, 0.000122804, 168.565356177, 168.565356177, 14.1193711069, 14.1802142282, 2.57571117696, 2.49186918774, 8620096, 5, False, False, True, True, False, False, True
BQC, 340.353925604, 0.000350619, 1.03016e-06, 340.353925604, 155.393492973, 20.1974938715, 20.1974938715, 12.7482050632, 12.7482050632, 439487, 3, False, False, False, True, False, True, False
NOBL, 41.5532595263, 1.63082e-06, 3.92465e-08, 41.5532595263, 27.1162485991, 9.79779188678, 9.91178795857, 3.19687238231, 3.23301245751, 1293478, 3, False, False, True, True, False, False, False
DASH, 73.7475515714, 0.0250752, 0.000340014, 6.98053538818, 2.66508799769, 2.83827529316, 2.46625588223, 1.7173512796, 1.6054832431, 161715027, 35, False, False, True, True, False, True, True
PIGGY, 11.3214587854, 4.4296e-07, 3.91257e-08, 11.3214587854, 2.95109926716, 4.43745877764, 4.53326130003, 1.52084367185, 1.75381312872, 130373, 3, False, False, True, False, False, False, False
NBT, 2.32836509253, 0.00525044, 0.00225499, 1.5518603029, 1.29388426005, 1.4366612124, 1.26871087371, 1.46400435198, 1.17261806057, 57216546, 17, False, False, True, True, False, True, True
NKA, 20.0372100467, 2.00318e-07, 9.9973e-09, 20.0372100467, 10.3268411882, 2.84927925892, 2.90256361079, 1.87520585434, 1.95295859482, 21387, 2, False, False, False, False, False, False, False
TEK, 83.4561539957, 0.00085843, 1.0286e-05, 83.4561539957, 34.5312657133, 6.49205482708, 8.5774638772, 3.03420801798, 4.34190710889, 272807, 2, False, False, False, True, False, False, False
FIMK, 23.3286445438, 4.90907e-06, 2.10431e-07, 23.3286445438, 5.77515905284, 2.33324282523, 2.86100636685, 1.32005688774, 1.20289602573, 4405585, 2, False, False, False, False, False, False, False
THC, 44.2751, 4.42751e-06, 1e-07, 44.2751, 44.2751, 8.08639686485, 11.5059421203, 2.51258363829, 2.26129590171, 87670, 1, False, False, False, False, False, False, True
BYC, 10.2403920529, 0.00185347, 0.000180996, 10.2403920529, 7.29121263857, 4.15176424663, 4.19032068109, 3.55415220153, 3.58468120694, 665009, 3, False, False, False, True, False, False, True
BTCD, 64.5371690959, 0.014842, 0.000229976, 4.76441168729, 3.10353408095, 2.7449417355, 2.66325682377, 2.21523901175, 1.5917630577, 8482231, 8, False, False, True, True, False, True, True
CINNI, 123.210909091, 0.000271064, 2.2e-06, 123.210909091, 106.299607843, 10.3935109148, 11.4660011398, 1.82091408955, 1.72153677535, 15548825, 1, False, False, False, True, False, False, False
UTIL, 63.0317857143, 0.000176489, 2.8e-06, 63.0317857143, 63.0317857143, 9.21995485593, 9.43442768692, 1.66189841362, 1.69402994731, 468392, 1, False, False, False, True, False, False, False
VIA, 34.3998163347, 0.000599348, 1.7423e-05, 34.3998163347, 34.3998163347, 4.36296430601, 4.77557982874, 1.93817585981, 1.76098219526, 6218159, 6, False, False, True, True, False, True, True
PHO, 34.6532871972, 1.00148e-08, 2.89e-10, 34.6532871972, 19.5869352631, 5.84189020352, 6.16962830965, 3.49578639449, 3.7164891971, 3263, 1, False, False, False, False, False, False, False
MEC, 87.6120100876, 0.00228592, 2.60914e-05, 87.6120100876, 37.7248760201, 11.4512300771, 10.1469624648, 5.18793007447, 5.18793007447, 13129053, 10, False, False, False, True, True, True, False
SDC, 9.8347187977, 0.000837623, 8.517e-05, 2.14634240089, 2.14634240089, 2.69525768848, 1.52390784658, 2.43392507863, 1.39384186563, 4736832, 4, False, False, True, True, False, False, True
ZEIT, 74.6627417998, 8.8774e-08, 1.189e-09, 5.90221264826, 5.90221264826, 5.44448006654, 1.71023784663, 1.60529101733, 1.07169490288, 683441, 7, False, False, False, True, False, False, False
MAX, 252.525591641, 0.00428743, 1.69782e-05, 252.525591641, 247.233819255, 30.3830212952, 33.2417485659, 1.97267649496, 2.45818775656, 35949025, 9, False, False, False, True, False, True, True
SFR, 17.2843461469, 3.51752e-05, 2.03509e-06, 17.2843461469, 16.2097695853, 3.85942583985, 4.59178352654, 1.65700276816, 1.60751748489, 851704, 1, False, False, False, True, False, False, False
MNE, 17.9013386193, 7.24281e-05, 4.04596e-06, 17.9013386193, 12.9105347594, 4.52332065255, 4.71988082653, 1.30505343314, 1.28663867787, 442241, 1, False, False, False, True, False, False, False
SYS, 5.14402549956, 4.79149e-06, 9.31467e-07, 5.14402549956, 3.56589268438, 2.07501048684, 2.08054930872, 1.53008600002, 1.59087437342, 1035351, 7, False, False, True, True, True, False, True
HIRO, 1949.18122243, 3.89347e-05, 1.99749e-08, 1949.18122243, 1297.82333333, 27.3372110514, 28.2002277696, 2.40292065109, 2.45561648536, 368906, 2, False, False, True, False, False, False, False
CCN, 39.921900423, 0.000159484, 3.9949e-06, 12.1193054447, 4.54659227943, 5.24918909134, 4.19335650567, 2.86429550325, 2.48167193052, 298326, 2, False, False, False, True, False, False, True
LXC, 16.9227259166, 0.000192848, 1.13958e-05, 15.8525618367, 15.5644334681, 3.89793379632, 4.37581838621, 2.62066415338, 3.10201113575, 2800605, 2, False, False, False, True, False, False, True
KEY, 151.46231721, 0.00234291, 1.54686e-05, 151.46231721, 86.8294364208, 15.6517398431, 19.0227075354, 1.95341073531, 1.93197825961, 3458654, 2, False, False, False, True, False, False, False
MZC, 1047.48249416, 0.000125656, 1.1996e-07, 1047.48249416, 562.138754183, 80.7094389639, 84.8941831758, 2.1058287421, 2.06103640262, 4840138, 3, False, False, False, True, False, False, True
APC, 16.1968417011, 0.000202467, 1.25004e-05, 16.1968417011, 3.67864313163, 4.59917580849, 4.72445606937, 2.31719525661, 2.56630125866, 6015055, 1, False, False, False, False, True, False, False
PYC, 47.3269736842, 7.1937e-05, 1.52e-06, 47.3269736842, 47.3269736842, 9.91166625601, 11.8057380513, 2.05556299038, 2.05494826767, 22280, 1, False, False, False, True, False, False, False
FFC, 6.62583091913, 3.30028e-07, 4.98093e-08, 3.31299860163, 3.30028, 2.54831650092, 2.11500178833, 2.06273415876, 1.69903498473, 2501, 1, False, False, False, True, False, False, False
XDQ, 224.416666667, 0.00142729, 6.36e-06, 224.416666667, 137.758667284, 6.68273373842, 6.86776075976, 3.21991952554, 3.28437102708, 199335, 2, False, False, False, False, False, False, True
LKY, 619.574375, 9.91319e-05, 1.6e-07, 619.574375, 95.3191346154, 8.70436018079, 12.4964990605, 4.68685632871, 4.68685632871, 310049, 2, False, False, False, True, False, False, False
EMD, 56.6445511943, 6.002e-05, 1.05959e-06, 56.6445511943, 40.8299319728, 12.1904163812, 12.1904163812, 6.44746498669, 6.44746498669, 51496, 1, False, False, False, True, False, False, False
GUA, 348.749180328, 0.00212737, 6.1e-06, 348.749180328, 303.91, 15.6979486975, 17.3978857538, 1.90882052279, 2.53939094345, 8564, 1, False, False, False, False, False, False, False
BEN, 105.455, 9.49095e-05, 9e-07, 105.455, 21.7184210526, 16.5201821675, 19.1458955037, 3.63923751352, 7.98754245907, 23102, 1, False, False, False, True, False, False, False
CRW, 38.5186923077, 5.00743e-05, 1.3e-06, 38.5186923077, 13.9482729805, 4.10532316969, 4.34941485056, 2.82193379987, 3.10226725355, 11136, 1, False, False, False, False, False, False, False
GUE, 208.430198311, 0.000212307, 1.0186e-06, 208.430198311, 45.0596282862, 16.3504247506, 19.4698423355, 1.55340295824, 1.48800748058, 1273937, 2, False, False, False, True, False, False, False
KORE, 46.4613782051, 0.000289919, 6.24e-06, 46.4613782051, 14.8296163683, 3.93113138275, 4.40699728109, 1.42329915857, 1.85763716677, 734133, 1, False, False, False, False, False, False, True
BELA, 167.134525797, 9.99894e-06, 5.98257e-08, 167.134525797, 16.6649, 15.9182483795, 15.9689865907, 3.75780683131, 3.7566751838, 19184, 1, False, False, True, False, False, False, False
GUN, 47.9661166799, 2.87542e-06, 5.99469e-08, 47.9661166799, 31.9491111111, 10.0153343146, 10.1879449572, 1.47705924217, 1.47835123896, 34373, 3, False, False, False, False, False, False, False
MWC, 14.3784955387, 4.66355e-06, 3.24342e-07, 5.48652941176, 5.48652941176, 2.03107097267, 1.95949736139, 1.80536561263, 1.76062980274, 296690, 2, False, False, False, False, False, False, True
CESC, 47.7025721622, 4.76532e-06, 9.98965e-08, 11.4997683308, 7.564, 6.74131978433, 4.24205284907, 4.69330656335, 3.68462444928, 33232, 3, False, False, False, False, False, False, False
CLOAK, 183.747824062, 0.00331448, 1.80382e-05, 183.747824062, 11.2668051302, 12.4393079163, 16.4167165698, 3.15124803686, 2.19781520036, 17024961, 5, False, False, False, True, False, False, True
IFC, 78.6065207682, 1.936e-07, 2.4629e-09, 11.0373765707, 11.0373765707, 4.74248838642, 2.17700197265, 1.66673048736, 1.62913864416, 11977465, 7, False, False, True, True, False, True, False
YBC, 9.24567474987, 0.00681789, 0.000737414, 9.24567474987, 2.94966708632, 2.32371639639, 2.39823207056, 2.05639717723, 2.05805619063, 19221438, 6, False, False, False, False, True, False, False
VIOR, 140.577173913, 0.000129331, 9.2e-07, 140.577173913, 42.8248344371, 5.9201220317, 7.24684554864, 2.66620196137, 2.14838256692, 274720, 1, False, False, False, False, False, False, True
BOB, 6.44876938777, 5.99673e-06, 9.29903e-07, 5.30684070796, 2.998365, 2.80090361891, 2.74871889434, 2.1961245908, 1.82881306386, 7864, 1, False, False, False, False, False, False, True
BET, 385.073076923, 0.000200238, 5.2e-07, 385.073076923, 196.311764706, 19.7960233342, 22.3501887671, 7.02303437598, 7.02303437598, 166027, 1, False, False, False, True, False, False, False
FLAP, 200.515262515, 4.92666e-08, 2.457e-10, 200.515262515, 23.2894960764, 12.8547315827, 12.8547315827, 2.25767156878, 2.25767156878, 381431, 3, False, False, False, True, False, False, False
BVC, 69.2434173433, 9.82481e-06, 1.41888e-07, 4.89202969631, 4.02950102944, 4.03186960901, 2.43472533928, 2.58888405008, 1.51347398013, 2667, 3, False, False, False, False, False, False, False
LSD, 15.934769534, 7.18e-05, 4.50587e-06, 2.02882170105, 2.02882170105, 4.21444430522, 1.32405144991, 1.79332474061, 1.02320234781, 79050, 1, False, False, False, True, False, False, False
SHIBE, 414.557, 4.14557e-06, 1e-08, 414.557, 31.889, 26.0518113224, 30.0787287613, 1.7966933783, 2.17556101087, 616302, 1, False, False, False, False, False, False, True
MARYJ, 46.3209307866, 6.999e-05, 1.51098e-06, 8.81486146096, 8.81486146096, 5.11685836099, 1.53762220351, 2.72356384436, 1.30771126045, 506846, 2, False, False, False, False, False, False, True
START, 52.7916939922, 0.000740583, 1.40284e-05, 1.65330109702, 1.26546496567, 5.77045041068, 1.28671765664, 2.5389362024, 1.29117257371, 2734895, 6, False, False, False, True, False, False, True
ORO, 29217.262619, 0.000292196, 1.00008e-08, 541.53492596, 531.265454545, 49.1119617489, 45.2371559374, 19.4006999854, 53.5904991108, 6252, 0, False, False, False, False, False, False, False
QCN, 2024.97, 0.00809988, 4e-06, 2024.97, 2024.97, 56.8230091578, 56.8230091578, 2.17730454471, 2.17730454471, 211773, 1, False, False, False, False, False, False, False
PLNC, 150.255755186, 2.70543e-05, 1.80055e-07, 150.255755186, 12.0241333333, 7.67337713803, 9.05982234691, 1.85453556841, 2.00813833195, 39876, 1, False, False, False, False, False, False, False
LTCD, 48.0085349756, 2.73146e-05, 5.68953e-07, 48.0085349756, 43.0837807656, 7.61597762314, 7.75492910588, 1.77210007457, 1.72958346886, 1647673, 3, False, False, False, True, False, False, False
PTC, 254.014222035, 9.89835e-05, 3.89677e-07, 254.014222035, 119.257228916, 11.9699400126, 12.2539959723, 3.36431991656, 3.3467910635, 442056, 2, False, False, False, False, False, False, True
ROX, 211.226415094, 0.00011195, 5.3e-07, 211.226415094, 20.3545454545, 13.7646206452, 16.1162140684, 1.69902340658, 2.08264193239, 1201832, 1, False, False, False, False, False, True, False
TCO, 579.317458446, 2.94861e-06, 5.0898e-09, 579.317458446, 403.079888451, 15.5590469335, 13.5376950219, 4.593687063, 2.43425774142, 999, 0, False, False, False, False, False, False, False
PSEUD, 88.6433647482, 0.000116254, 1.31148e-06, 88.6433647482, 23.2508, 8.28239337842, 8.39287364914, 1.7026686582, 1.33779161477, 147612, 1, False, False, False, True, False, False, False
BUN, 131.027972028, 1.8737e-09, 1.43e-11, 26.5773049645, 7.38549467875, 7.97550701406, 7.80260274782, 5.22294301337, 5.02027543416, 7231, 2, False, False, False, False, False, False, False
NLG, 21.948481008, 1.42702e-05, 6.50168e-07, 5.88255662963, 1.86908959454, 3.72320735801, 2.90065649782, 2.47902756127, 2.07967831081, 809782, 4, False, False, False, False, False, False, True
XDP, 9.69728855721, 0.000389831, 4.02e-05, 9.69728855721, 6.01591049383, 2.15260528732, 2.33569917366, 1.63719007987, 1.86140090212, 74863, 1, False, False, True, False, False, False, False
TTC, 51.2474723021, 1.79935e-07, 3.5111e-09, 6.08159719875, 3.5987, 3.38027753603, 3.20233562323, 2.31136199904, 2.17749809952, 35356, 1, False, False, False, True, False, False, False
OSC, 49.5783636364, 2.72681e-05, 5.5e-07, 49.5783636364, 43.9808064516, 9.71518324933, 10.6981585089, 2.57227562134, 2.24440616677, 42420, 1, False, False, False, True, False, False, False
ROS, 41.9143333333, 1.25743e-06, 3e-08, 41.9143333333, 10.4785833333, 6.04622690223, 6.46584816905, 2.2287531888, 2.41256746086, 120218, 1, False, False, False, False, False, False, True
SWIFT, 5.93123119486, 0.00043585, 7.34839e-05, 3.1986877931, 2.72505033074, 2.4326738565, 2.0547505218, 1.84833049997, 2.08484255009, 1227067, 4, False, False, False, True, False, True, True
ACOIN, 18.2397365532, 0.000166164, 9.11e-06, 18.2397365532, 18.2397365532, 3.62492560929, 3.97990780325, 2.56743388083, 2.76880561406, 33292, 1, False, False, False, True, False, False, False
TRI, 153.803900027, 0.005152, 3.34972e-05, 39.3132392217, 6.0692735956, 8.07916731424, 4.46358969598, 8.70301580952, 5.10755944378, 128018, 3, False, False, False, False, False, False, True
FIBRE, 7.05118027727, 0.0011103, 0.000157463, 5.99213138111, 4.27051601588, 2.12818276691, 2.10106338462, 1.80168377205, 1.49360720429, 745444, 3, False, False, True, True, False, False, True
LIMX, 87.4683151932, 3.49903e-05, 4.00034e-07, 87.4683151932, 10.3103084521, 11.4890754025, 11.9571500638, 3.31350982208, 4.33811817258, 28947, 5, False, False, False, True, False, False, True
GRS, 69.5540043952, 1.1489e-05, 1.65181e-07, 69.5540043952, 3.18254847645, 5.29883488347, 5.34351628016, 1.81626881259, 1.85289293437, 307754, 2, False, False, True, False, False, False, False
BLU, 17.9262071708, 1.47874e-06, 8.24904e-08, 9.86451419232, 9.86451419232, 3.86477092511, 3.29027821567, 2.60349987774, 2.76138603394, 557424, 3, False, False, False, True, False, False, False
TRC, 1013.17710197, 0.00566366, 5.59e-06, 1013.17710197, 532.383933523, 10.455267313, 11.0549588771, 14.0047123105, 14.0047123105, 2732471, 3, False, False, False, True, False, False, False
SOLE, 18.7699557547, 2.99927e-05, 1.59791e-06, 18.7699557547, 4.1085890411, 4.69608027469, 5.15950325416, 2.12176746634, 3.02726692538, 37778, 1, False, False, False, True, False, False, False
DOGED, 17.6597133455, 1.29866e-07, 7.3538e-09, 3.24866417179, 2.24437420178, 3.51695696827, 2.39528689226, 1.60427942452, 1.49457928744, 357371, 9, False, False, False, True, False, False, True
CSC, 87.9359433962, 9.32121e-05, 1.06e-06, 87.9359433962, 1.56764379415, 11.2433425641, 15.2209165389, 4.33419930596, 4.33419930596, 400934, 2, False, False, False, True, False, False, False
GCN, 19.0515759312, 1.9947e-09, 1.047e-10, 9.23472222222, 5.4233278956, 4.88231392349, 3.82044224987, 2.71750445701, 2.30482873879, 6966, 2, False, False, False, False, False, False, False
HBN, 17.7639358955, 0.000531163, 2.99012e-05, 17.7639358955, 16.8516180203, 5.77865380899, 7.43428285121, 2.30928060249, 2.46760937735, 676579, 1, False, False, False, True, False, False, False
SHA, 36.9011477231, 3.68779e-07, 9.9937e-09, 36.9011477231, 36.8779, 5.18574045896, 5.43609895263, 1.83492002139, 1.93012939787, 10689, 2, False, False, False, False, False, False, False
FTC, 518.764743961, 0.00475216, 9.16053e-06, 518.764743961, 275.157347415, 13.5349733338, 13.5349733338, 13.8528140354, 13.8528140354, 20588763, 11, False, False, False, True, False, True, True
GRE, 29.0596612818, 2.90152e-07, 9.9847e-09, 29.0596612818, 7.2538, 4.45248929159, 4.61809751311, 2.54380996828, 2.68918384604, 43190, 1, False, False, False, False, False, False, False
BLK, 116.457135729, 0.000560153, 4.80995e-06, 10.3388557275, 5.17739758947, 4.39063186951, 4.14854076583, 2.10519861198, 1.92860242426, 91679370, 18, False, False, True, True, True, True, True
CRACK, 35.8857331067, 1.22028e-05, 3.40046e-07, 35.8857331067, 12.081980198, 6.56107149527, 6.56107149527, 1.51230943509, 1.51230943509, 58604, 1, False, False, False, True, False, False, False
GRN, 899.477223476, 1.61046e-05, 1.79044e-08, 899.477223476, 24.4009090909, 28.4907381753, 36.7658985246, 2.77075545769, 2.8467498305, 15198, 2, False, False, False, False, False, False, False
PMP, 142.902933461, 0.000149798, 1.04825e-06, 25.0080133556, 24.76, 4.52547287734, 6.17426815111, 2.52874381346, 1.06411078366, 272, 0, False, False, False, False, False, False, False
VGC, 2712.11, 2.71211e-05, 1e-08, 2712.11, 2712.11, 18.9920280541, 26.8429498256, 10.3940788829, 12.424874111, 30225, 1, False, False, False, False, False, False, False
CAGE, 50.6666666667, 9.12e-10, 1.8e-11, 50.6666666667, 4.02826855124, 4.14229737004, 4.57374110916, 2.55940944643, 3.53925864501, 8180, 2, False, False, False, False, False, False, False
XRP, 23.4197645655, 0.000106796, 4.56008e-06, 23.4197645655, 4.95021785483, 3.36123594312, 3.55739252074, 2.54773213239, 2.54773213239, 314959732, 20, False, True, True, True, True, False, True
BLC, 47.085472167, 0.00019914, 4.22933e-06, 47.085472167, 47.085472167, 10.5857429439, 10.94111546, 4.21429241892, 4.42601473691, 131078, 2, False, False, False, False, False, False, True
COOL, 12.2181048882, 7.3e-07, 5.97474e-08, 2.35483870968, 2.35483870968, 2.28142574404, 1.46606648199, 1.9329434982, 1.49290340793, 227361, 2, False, False, False, True, False, False, False
ULTC, 590.375369958, 0.00201269, 3.40917e-06, 590.375369958, 143.763571429, 18.9417967908, 26.0786795091, 1.86636830603, 1.7903468955, 303140, 1, False, False, False, True, False, False, False
LEAF, 392.286212914, 2.47258e-07, 6.303e-10, 392.286212914, 120.749133174, 20.2736461966, 21.0339871613, 1.78213272564, 2.08129390257, 651421, 2, False, False, False, True, False, False, False
ANC, 74.2743913442, 0.0111139, 0.000149633, 54.0052382734, 22.8465766829, 6.86133594736, 6.80581442257, 5.09901101051, 5.09901101051, 5295647, 6, False, False, False, True, True, False, False
VOOT, 110.388361989, 2.31969e-05, 2.10139e-07, 110.388361989, 18.818113232, 10.0481638681, 11.6847910858, 1.87502100294, 1.877363042, 3263094, 2, False, False, False, True, True, False, False
XCH, 18.8352258065, 5.83892e-06, 3.1e-07, 18.8352258065, 12.1644166667, 2.71083165464, 2.72917840302, 1.49319796148, 1.49173856656, 46369, 2, False, False, True, False, False, True, False
DOGE, 12.3050082902, 2.84242e-06, 2.30997e-07, 12.3050082902, 5.85016568218, 3.77795448444, 3.954215794, 2.27323746596, 2.54053565399, 437579874, 46, False, True, True, True, True, True, True
XCN, 216.979736599, 7.59837e-05, 3.50188e-07, 216.979736599, 115.128213675, 18.9098595771, 18.9098595771, 2.31315403944, 2.31315403944, 406812, 3, False, False, True, False, True, True, False
MOON, 876.138225864, 2.45932e-07, 2.807e-10, 876.138225864, 120.230750428, 25.4457636466, 25.938135911, 2.39687954462, 2.36092178155, 4342294, 4, False, False, False, True, False, False, False
XCR, 7.10000926012, 2.30019e-05, 3.2397e-06, 7.10000926012, 1.77744378332, 2.26833026968, 2.35257075979, 1.32971371985, 1.39106449001, 993644, 3, False, False, True, True, False, True, False
APEX, 15.5933065349, 2.88222e-05, 1.84837e-06, 11.765315786, 4.23152702127, 3.64663305576, 4.6151419199, 1.70268445994, 2.22923343912, 591905, 2, False, False, False, True, False, False, True
BTG, 146.888073588, 0.0222603, 0.000151546, 146.888073588, 55.7972176965, 10.4916365688, 15.1874246115, 2.08699876123, 1.73749923845, 304195, 1, False, False, False, True, False, False, False
DSH, 24841.377209, 4.07647e-06, 1.641e-10, 1.0, 1.0, 264.257947101, 1.0, 1233.92882637, 1.0, 40683, 2, False, False, True, False, False, False, False
NVC, 47.8459215891, 0.0624351, 0.00130492, 47.8459215891, 15.8260267827, 5.01649540507, 6.46305009871, 5.83864344237, 5.83864344237, 10388854, 5, True, False, False, True, False, False, False
FRSH, 16.0618547565, 2.9e-05, 1.80552e-06, 13.1818181818, 3.92953929539, 3.23544797385, 3.27862267991, 1.98230698903, 1.91151031122, 57011, 2, False, False, False, False, False, True, False
BTC, 1.0, 1.0, 1.0, 1.0, 1.0, 1.0, 1.0, 1.0, 1.0, 16322314910, 61, True, True, False, True, True, True, False
BTB, 1299.32724023, 0.89421, 0.00068821, 1299.32724023, 532.35658324, 27.5166239208, 27.5166239208, 9.69660532453, 9.69660532453, 728301, 3, False, False, False, True, False, True, False
BTM, 37.7426725436, 0.00195578, 5.18188e-05, 37.7426725436, 17.4581127764, 4.41094895899, 4.54311563111, 1.57245449847, 1.56000640332, 622987, 2, False, False, True, True, False, False, False
EMC2, 57.80353077, 7.20995e-06, 1.24732e-07, 57.80353077, 21.8825496837, 6.57895708023, 7.49150412307, 1.89513325952, 2.51383485388, 642174, 5, False, False, True, True, False, False, True
MNC, 360.930171278, 0.00273946, 7.59e-06, 360.930171278, 360.930171278, 8.20576952209, 8.90539318127, 2.82998920914, 2.82998920914, 2777384, 1, False, False, False, True, False, False, False
HLC, 107.707317073, 4.416e-05, 4.1e-07, 107.707317073, 107.707317073, 6.01998154018, 2.41721862214, 4.88705915083, 1.69699785806, 33315, 1, False, False, False, False, False, False, False
SPR, 169.623487069, 0.000680543, 4.01208e-06, 24.3136169088, 14.3302379448, 4.73166488648, 5.69011222122, 2.51256128408, 3.19325685645, 238238, 1, False, False, False, False, False, False, True
HTML5, 9.65235566603, 8.5433e-09, 8.851e-10, 3.65457500962, 3.65457500962, 1.67037029124, 1.58498258934, 1.53048838153, 1.50997003052, 150036, 5, False, False, False, True, False, False, False
FLT, 52.1502426194, 2.29993e-05, 4.4102e-07, 52.1502426194, 52.1502426194, 11.2272488272, 12.2805820391, 1.73684017402, 1.70179296444, 7395613, 3, False, False, True, True, False, True, False
DON, 98.8338249561, 1.00853e-06, 1.02043e-08, 98.8338249561, 7.75792307692, 12.3979354363, 13.9874409147, 3.68027118858, 4.61994118891, 1227, 1, False, False, False, False, False, False, False
SHADE, 145.531460844, 0.000270054, 1.85564e-06, 145.531460844, 129.833653846, 25.3653598798, 25.3653598798, 2.77708070111, 2.77708070111, 117257, 1, False, False, False, True, False, False, False
CRYPT, 234.681490672, 0.00200866, 8.55909e-06, 234.681490672, 168.500436212, 26.9823822466, 33.011831846, 1.64439299101, 1.47438306838, 12869710, 3, False, False, False, True, False, False, True
GLC, 141.057871169, 4.37546e-05, 3.10189e-07, 141.057871169, 72.9243333333, 14.8793968301, 16.562175528, 3.28521794847, 3.28521794847, 791664, 1, False, False, False, True, False, False, False
GLD, 35.1328084043, 0.000136713, 3.89132e-06, 14.3154973822, 12.3172632508, 5.80552463772, 6.06414724704, 4.58629741808, 4.58629741808, 503153, 2, False, False, False, True, False, False, False
XXX, 46.901385296, 9.69991e-06, 2.06815e-07, 46.901385296, 13.2875479452, 4.95165816405, 5.0415897045, 1.40616822499, 1.3948091934, 407908, 1, False, False, False, True, False, False, False
DVC, 86.264104849, 2.58474e-06, 2.99631e-08, 86.264104849, 70.8400252145, 7.41070798231, 7.52814839678, 3.51711772104, 3.51711772104, 2579540, 5, False, False, False, True, False, True, False
MUE, 194.341086406, 7.96608e-06, 4.09902e-08, 194.341086406, 14.0062452528, 13.9042814285, 13.9283905884, 5.15112045399, 5.11259185445, 14592, 5, False, False, False, False, False, False, True
CURE, 94.3032272156, 0.00138158, 1.46504e-05, 94.3032272156, 38.6143788658, 18.2117145572, 18.2117145572, 4.10571895853, 4.10571895853, 76792, 2, False, False, True, False, False, False, True
FST, 355.275, 0.00014211, 4e-07, 355.275, 263.575208239, 21.3440817714, 22.8594691921, 10.7134378103, 10.7134378103, 766458, 2, False, False, False, True, False, False, False
CTM, 44.1125152874, 1.08208e-08, 2.453e-10, 44.1125152874, 10.5806199276, 8.22567755941, 9.11496754703, 1.46775566356, 1.6961030039, 152596, 1, False, False, False, True, False, False, False
NET, 83.4604122838, 3.68552e-05, 4.41589e-07, 83.4604122838, 21.0231136058, 11.2645580457, 12.3919795044, 3.45929417844, 3.77251567332, 3062938, 4, False, False, False, True, False, False, False
SILK, 148.262666603, 6.48194e-05, 4.37193e-07, 148.262666603, 69.7806657753, 15.1702166961, 20.7374812992, 1.87371740129, 1.70378155925, 3051148, 2, False, False, True, True, False, False, False
SMC, 423.742794207, 0.000271242, 6.4011e-07, 423.742794207, 187.063448276, 43.9597879881, 47.2850634928, 1.83148030968, 1.82768680057, 391497, 1, False, False, False, True, False, False, False
COL, 68.3092105263, 1.14213e-08, 1.672e-10, 68.3092105263, 22.315943728, 15.0396910276, 15.1931346346, 3.56005934644, 3.56005934644, 352518, 2, False, False, False, True, False, False, False
RED, 64.261892224, 2.1966e-05, 3.4182e-07, 64.261892224, 19.3131462334, 5.46347943745, 6.4690872109, 2.12064260119, 2.37015334849, 811028, 4, False, False, False, True, False, True, False
CON, 7.38834160433, 1.596e-05, 2.16016e-06, 3.05747126437, 2.45104061724, 2.67615867685, 2.08047758747, 2.23762197167, 1.96042480475, 21893, 4, False, False, False, True, False, False, False
DGB, 16.8570518943, 1.85318e-06, 1.09935e-07, 16.8570518943, 4.00684102192, 4.631688843, 4.631688843, 3.31921648117, 3.31921648117, 2056262, 6, False, False, True, True, False, False, True
DGC, 63.4429919073, 0.000794928, 1.25298e-05, 63.4429919073, 25.5022472883, 7.35971110644, 10.80465226, 4.05632198319, 4.05632198319, 3270426, 9, False, False, False, True, True, True, True
SLG, 18.5851601242, 0.000200506, 1.07885e-05, 18.5851601242, 11.5797011891, 7.69462512752, 7.69462512752, 4.36327373604, 4.36327373604, 102089, 6, False, False, False, True, False, False, True
ECC, 133.706451613, 9.94776e-08, 7.44e-10, 133.706451613, 11.2672699883, 7.00891776609, 8.08316879267, 1.55747434799, 1.44017633796, 925155, 4, False, False, False, False, False, False, False
CRT, 605.867886796, 0.00385066, 6.35561e-06, 605.867886796, 128.355333333, 8.76601959073, 13.201004503, 1.48367971679, 1.56510578102, 5717998, 1, False, False, False, False, False, False, False
ELT, 391.334615385, 0.000203494, 5.2e-07, 391.334615385, 101.747, 29.1761501098, 29.1761501098, 1.93285492244, 1.93285492244, 76477, 1, False, False, False, False, False, False, False
CASH, 117.581776325, 8.80537e-05, 7.48872e-07, 117.581776325, 12.4019295775, 9.8985770787, 10.0701518236, 4.05013340317, 4.19471960029, 143550, 1, False, False, False, True, False, False, False
KDC, 269.731965518, 0.000131729, 4.8837e-07, 269.731965518, 97.577037037, 13.8222593862, 13.8222593862, 2.71483044556, 2.71483044556, 410997, 2, False, False, False, True, False, True, False
ASC, 228.588283024, 4.90187e-06, 2.14441e-08, 228.588283024, 88.5560571818, 18.7115846175, 19.5338006667, 1.64824016892, 1.69564276322, 984472, 1, False, False, False, True, False, False, False
MNTA, 74.1549707331, 7.99398e-07, 1.07801e-08, 74.1549707331, 4.12345640803, 3.68415269842, 3.80219856067, 2.66395993558, 2.64024046498, 703, 1, False, False, True, False, False, False, False
BCX, 47.9390285675, 3.49883e-05, 7.2985e-07, 47.9390285675, 28.2163709677, 9.4344883929, 9.65348572088, 1.68659934491, 2.11694986034, 254184, 1, False, False, False, True, False, False, False
KUMA, 51.6523592268, 1.03251e-06, 1.99896e-08, 51.6523592268, 11.4723333333, 7.20568674437, 7.16732909713, 5.49398325148, 5.37549713887, 4463, 2, False, False, False, False, False, False, False
XDN, 53.0002701594, 1.05938e-06, 1.99882e-08, 2.10231151471, 2.10231151471, 3.30967073898, 1.26992505878, 2.93083754357, 1.24773074723, 2747989, 4, False, False, True, False, False, False, True
QTL, 152.182616142, 0.000284338, 1.8684e-06, 25.8017622345, 24.1381710754, 7.42240306246, 7.83086201774, 2.31132047971, 2.25481153976, 620371, 2, False, False, True, False, False, False, True
ZS, 255.647823912, 0.000114984, 4.49775e-07, 255.647823912, 65.7152817863, 5.01619628926, 5.21272858014, 1.7227523575, 1.66773243938, 406319, 1, False, False, False, False, False, False, False
BITS, 30.1242697542, 2.73657e-05, 9.08427e-07, 30.1242697542, 2.77654390257, 2.94386110958, 2.94386110958, 2.30428242902, 2.30428242902, 149800, 2, False, False, True, False, False, False, True
FCN, 142.361038206, 0.000827176, 5.81041e-06, 142.361038206, 103.397, 20.8830823827, 23.9245440917, 2.12255599272, 2.00160398716, 22333, 1, False, False, False, False, False, False, False
JKC, 1001.38504155, 0.000143154, 1.42956e-07, 510.717088833, 160.847191011, 19.5038035818, 17.9196045627, 1.53618576231, 1.53618576231, 953409, 1, False, False, False, True, False, False, False
FRC, 683.428565588, 0.00133721, 1.95662e-06, 683.428565588, 355.733675266, 27.4346908314, 27.7158265979, 28.0172831163, 28.0172831163, 519198, 5, False, False, False, True, False, True, False
SRC, 43.6194970274, 0.00135514, 3.10673e-05, 43.6194970274, 14.4589291468, 7.28424747748, 8.04736052209, 2.68624365966, 2.73730720494, 1552988, 4, False, False, False, True, True, True, False
FC2, 19808.8235294, 0.000198009, 9.996e-09, 11.1796855151, 5.62685421995, 3.76498868026, 2.69283454938, 1.83091219979, 1.78911597666, 1518994, 3, False, False, False, True, False, False, True
DIG, 61.2807277286, 1.83776e-06, 2.99892e-08, 61.2807277286, 45.8818301202, 7.96410542805, 8.35436912789, 1.40727573759, 1.44133827394, 7786, 1, False, False, False, False, False, False, False
FAIR, 493.152657345, 0.0003699, 7.50072e-07, 8.80924029531, 8.80924029531, 8.77647753328, 2.17177386779, 8.85537494877, 1.69686609287, 1917208, 2, False, False, False, False, False, False, True
DIME, 94.8361774744, 8.3361e-09, 8.79e-11, 94.8361774744, 16.2878077374, 12.7787550856, 14.2562075791, 1.69908041807, 1.87973612634, 703581, 1, False, False, False, True, False, False, False
FRK, 475.590271935, 0.0262844, 5.52669e-05, 475.590271935, 475.590271935, 20.7700195144, 21.5126675198, 10.1042855723, 10.1042855723, 458559, 2, False, False, False, True, False, False, False
XC, 84.5843628615, 0.00472753, 5.58913e-05, 84.5843628615, 84.5843628615, 7.0642520349, 7.11029619472, 2.17807172538, 2.12119802098, 34050913, 6, False, False, True, True, False, True, True
RBBT, 32.3396793587, 3.2275e-09, 9.98e-11, 3.61300794806, 3.61300794806, 4.07169719441, 1.56644340905, 2.37956250367, 1.0, 19496, 1, False, False, False, True, False, False, False
SSD, 28.0483809524, 2.94508e-05, 1.05e-06, 28.0483809524, 7.38115288221, 4.85834595072, 5.28723157287, 1.94404691206, 1.53568794288, 404815, 1, False, False, False, False, False, False, True
HEX, 144.540889527, 1.00745e-08, 6.97e-11, 144.540889527, 39.3227946916, 5.95702653124, 8.0002569434, 1.10645959828, 1.69807441369, 4631, 2, False, False, False, False, False, False, False
XLB, 290.281451259, 0.000146847, 5.05878e-07, 290.281451259, 168.789655172, 23.2933841085, 28.9307926166, 1.82326584794, 1.68630369299, 4269314, 1, False, False, False, True, False, False, False
LTC, 8.12800228906, 0.0482909, 0.0059413, 8.12800228906, 3.7775370198, 2.8214217371, 3.17267580089, 2.39786915562, 2.39786915562, 2698587346, 58, True, True, True, True, True, True, True
LTB, 97.3804585174, 0.00249293, 2.55999e-05, 97.3804585174, 57.886805246, 11.4670816856, 12.9409669105, 3.52128219967, 3.60992711533, 54528, 2, False, False, False, True, False, False, False
UNB, 89.2243281992, 0.000717559, 8.04219e-06, 20.8018866557, 20.8018866557, 15.4825389953, 8.35045635381, 2.18954254534, 2.09647069101, 514489, 3, False, False, False, True, False, False, False
AUR, 2732.81213184, 0.141499, 5.17778e-05, 2732.81213184, 2732.81213184, 61.5978332291, 71.4617879665, 2.22645437465, 2.18249080332, 22020496, 5, False, False, False, True, False, True, False
XTC, NaN, NaN, NaN, NaN, NaN, NaN, NaN, NaN, NaN, NaN, NaN, NaN, NaN, NaN, NaN, NaN, NaN, NaN
JBS, 19.5018704072, 0.000144981, 7.43421e-06, 1.72202208516, 1.72202208516, 2.62272772304, 1.27492143675, 2.19435446317, 1.27831222828, 383269, 3, False, False, False, True, False, False, True
DIEM, 112.646794151, 2.00286e-08, 1.778e-10, 112.646794151, 10.5463640672, 5.04175754488, 5.29261606869, 3.63415921758, 4.04313594629, 63196, 2, False, False, True, False, False, False, False
BTQ, 15.1861290323, 1.41231e-05, 9.3e-07, 15.1861290323, 10.9481395349, 3.62224900186, 4.07160584591, 4.50611878722, 5.37560651344, 5382, 1, False, False, False, False, False, False, False
MRS, 82.501472304, 3.71236e-05, 4.49975e-07, 82.501472304, 22.4991515152, 5.08661050924, 7.15592934408, 2.52329077104, 3.57879124518, 90718, 1, False, False, True, False, False, False, False
CAT, 239.744529464, 0.00104993, 4.37937e-06, 239.744529464, 149.99, 12.5636915215, 13.2178990644, 1.66080846409, 1.71707174926, 1511632, 1, False, False, False, True, False, False, False
MINT, 46.2263092519, 4.61468e-07, 9.9828e-09, 3.55366287532, 3.55366287532, 5.60965486725, 1.22079400175, 1.80338691092, 1.10764488746, 8409718, 9, False, False, True, True, False, True, False
BBR, 42.1580498866, 0.00185917, 4.41e-05, 42.1580498866, 42.1580498866, 7.01024547092, 7.01024547092, 2.50993320873, 2.50993320873, 1734634, 4, False, False, True, False, False, True, True
CLR, 528.949368918, 0.000841934, 1.59171e-06, 528.949368918, 443.071854838, 7.7486697539, 8.85846027259, 3.9595988697, 3.9595988697, 501622, 2, False, False, False, True, False, False, False
UNO, 17.9172797356, 0.0376279, 0.00210009, 17.9172797356, 6.27809701144, 4.6018186082, 4.62674451006, 1.88010145264, 1.95098311754, 5975224, 6, False, False, False, True, False, False, True
ALN, 61.9488331624, 4.9412e-06, 7.97626e-08, 23.7701684674, 10.9806396558, 6.63852552302, 5.50990915096, 2.59607071267, 2.43738609071, 165036, 2, False, False, False, True, False, False, False
QORA, 22.0, 8.8e-07, 4e-08, 22.0, 6.90098652739, 5.70060689319, 5.70060689319, 2.64945487598, 2.64945487598, 871994, 9, False, False, True, False, False, True, False
DRS, 694.369901603, 0.000104018, 1.49802e-07, 694.369901603, 305.935294118, 38.6302057777, 52.426670246, 3.88423563242, 4.90152870098, 89849, 1, False, False, False, False, False, False, False
TES, 26.6638957653, 7.28127e-06, 2.73076e-07, 26.6638957653, 9.28880333114, 4.83450645118, 4.85705474928, 2.1895745116, 2.19388481096, 585123, 5, False, False, False, True, False, False, True
ZED, 42.9330612245, 2.10372e-05, 4.9e-07, 42.9330612245, 35.062, 5.20881434311, 5.2948090415, 1.77475242389, 1.7799011252, 413760, 1, False, False, False, True, False, False, False
CANN, 272.502458795, 0.000144353, 5.29731e-07, 17.2686544846, 17.2686544846, 8.07204486172, 8.40209939169, 2.70453702801, 4.22071342425, 4582243, 5, False, False, False, True, False, False, True
HVC, 451.250124825, 7.23011e-05, 1.60224e-07, 451.250124825, 361.476581873, 17.735588675, 17.735588675, 1.83585434569, 1.83585434569, 792798, 2, False, False, False, True, False, False, False
NTR, 745.571538462, 9.69243e-05, 1.3e-07, 745.571538462, 484.6215, 11.5123210403, 11.619276891, 2.4277660043, 2.41469876395, 278788, 1, False, False, False, False, False, False, False
NAUT, NaN, NaN, NaN, NaN, NaN, NaN, NaN, NaN, NaN, NaN, NaN, NaN, NaN, NaN, NaN, NaN, NaN, NaN
SMLY, 3.01094787966, 3.00053e-08, 9.9654e-09, 3.00362373244, 1.500265, 2.15195524643, 1.50036580583, 2.34928789023, 1.47916828249, 21735, 1, False, False, False, False, False, False, False
SBC, 487.045363074, 0.000367879, 7.55328e-07, 487.045363074, 337.503669725, 25.4789063744, 29.7292376456, 5.50277107474, 5.50277107474, 420424, 2, False, False, False, True, False, False, False
GDC, 66.5735, 3.99441e-06, 6e-08, 66.5735, 44.3823333333, 12.3668074676, 12.3668074676, 2.66000022103, 2.66000022103, 504332, 1, False, False, False, True, False, False, False
BILS, 4.05499027219, 2.41145e-06, 5.94687e-07, 2.32760950561, 2.32760950561, 2.08926505132, 1.28556587196, 1.75022184687, 1.15095719413, 5442934, 1, False, False, False, False, True, False, False
NMC, 9.85836065574, 0.0120272, 0.00122, 9.56939626365, 8.0039929458, 3.13491571269, 3.56087073415, 1.77653815931, 1.77653815931, 165549075, 21, True, True, True, True, False, True, False
ZET, 140.144621625, 9.48112e-05, 6.76524e-07, 46.949485746, 13.7023275308, 4.98277923702, 4.49349883601, 2.17436355598, 2.17436355598, 12385624, 7, False, False, False, True, False, True, False
CHILD, 226.295, 0.000135777, 6e-07, 226.295, 56.1061983471, 6.86045555349, 9.08577895907, 1.96925818399, 2.95055307203, 89944, 1, False, False, False, False, False, False, True
VTA, 5.64010179288, 3.92286e-08, 6.9553e-09, 5.64010179288, 1.93972448303, 2.76176867794, 2.76176867794, 1.98540758405, 1.98540758405, 42699, 4, False, False, False, False, False, False, False
MMC, 564.533333333, 0.00135488, 2.4e-06, 564.533333333, 79.5098706603, 21.9363678691, 21.9363678691, 4.86574200881, 4.86574200881, 1599054, 3, False, False, True, False, False, True, False
GLYPH, 185.197604391, 0.000333039, 1.79829e-06, 185.197604391, 114.839846484, 25.963035684, 30.3514535299, 2.21892251116, 2.96779302916, 656650, 2, False, False, False, True, False, False, False
I0C, 17.9821453196, 8.99778e-05, 5.00373e-06, 7.44830840294, 2.17863922518, 2.543127911, 1.7228560117, 2.41213179271, 1.3671301553, 99781, 1, False, False, False, False, False, False, False
BAT, 166.572183815, 4.09601e-08, 2.459e-10, 166.572183815, 40.0509435807, 17.5250649785, 23.542485621, 2.76502965845, 3.10535927363, 115396, 1, False, False, False, True, False, False, False
CRAIG, 50.2377231614, 1.06087e-05, 2.1117e-07, 50.2377231614, 32.1475757576, 8.23325799534, 8.23325799534, 2.30078140621, 2.30078140621, 102622, 1, False, False, False, True, False, False, False
FLO, 218.463415281, 4.94256e-05, 2.26242e-07, 218.463415281, 11.6346448093, 9.31755677414, 10.3442111421, 3.7829602253, 3.7829602253, 427615, 4, False, False, True, True, False, False, True
NXT, 55.4111462125, 0.000138391, 2.49753e-06, 4.44806927097, 4.44806927097, 2.28095722014, 2.32123833125, 1.79345019988, 1.84367550358, 54710126, 53, False, False, True, True, True, True, True
TOR, 133.806213766, 0.000320122, 2.39243e-06, 133.806213766, 17.6472987872, 11.5397321532, 12.0427493202, 1.3321943028, 1.42654110145, 1012670, 2, False, False, False, True, False, False, False
TOP, 36952.5195969, 3.29986e-06, 8.93e-11, 15.7136190476, 9.42817142857, 5.91105001473, 2.95636688872, 64.5556622624, 1.81969824544, 281536, 1, False, False, False, False, False, False, False
CAP, 104.027013538, 0.000839963, 8.07447e-06, 104.027013538, 88.884973545, 18.4182152894, 22.0068661179, 18.0242525882, 18.0242525882, 207558, 1, False, False, False, True, False, False, False
RIPO, 31.0368, 1.55184e-05, 5e-07, 31.0368, 25.0296774194, 10.3169233869, 10.8742578958, 3.1666241498, 3.76999797919, 55887, 1, False, False, False, True, False, False, False
VTC, 272.208386982, 0.00706114, 2.59402e-05, 272.208386982, 47.4580440495, 9.16928764514, 9.14168631218, 2.72143117123, 2.75468219455, 25376546, 14, False, False, True, True, False, True, True
RT2, 653.119128801, 0.00750878, 1.14968e-05, 653.119128801, 125.104631789, 18.809010384, 20.5437786498, 4.69160302226, 5.59251173555, 49027, 1, False, False, False, True, False, False, False
BAY, 7.67741753508, 2.99407e-06, 3.89984e-07, 7.67741753508, 4.11822070616, 3.51259684821, 3.71602042991, 2.01363330779, 2.29877364304, 1091101, 4, False, False, False, False, False, True, True
HYP, 89.0672182579, 7.72488e-05, 8.67309e-07, 89.0672182579, 38.6812614543, 8.75930776164, 12.7101296462, 3.47307587336, 4.13763113586, 421871, 6, False, False, True, True, False, False, True
CORG, 50956.5, 3.05739e-08, 6e-13, 50956.5, 126.025968673, 43.9890249607, 47.0997511912, 1.68640619266, 1.74581032065, 58137, 3, False, False, False, False, False, False, False
LOT, 337.496817719, 5.30275e-07, 1.5712e-09, 337.496817719, 62.7893621304, 15.9350898259, 16.2683089217, 1.68556243563, 1.68169604218, 6766928, 2, False, False, False, True, False, False, False
HAL, 290.94319217, 0.000597222, 2.05271e-06, 290.94319217, 217.171636364, 12.4604780253, 17.4503424566, 1.8062518221, 1.80835272816, 1508583, 1, False, False, False, True, False, False, False
NEC, 93.6185185185, 2.5277e-05, 2.7e-07, 93.6185185185, 93.6185185185, 6.68152022848, 6.96533137092, 2.00602848128, 2.08231068974, 33412, 2, False, False, False, True, False, True, False
ARCH, 20.5514666918, 0.000698084, 3.39676e-05, 13.4438756841, 13.4438756841, 4.78551314371, 2.72781952214, 2.8124084821, 1.95080728924, 2427788, 4, False, False, True, True, False, True, True
XWC, 64.4247756904, 2.22806e-05, 3.45839e-07, 64.4247756904, 36.5255737705, 15.0408186934, 15.1382917459, 1.94556418815, 1.9318700362, 8262867, 3, False, False, False, True, False, False, True
DP, 4999.4125, 0.000399953, 8e-08, 4999.4125, 2105.01578947, 24.3355224408, 35.9254333754, 8.48184239336, 8.86694374947, 56360, 1, False, False, False, False, False, False, False
HAM, 50.4492959871, 7.69266e-05, 1.52483e-06, 31.9579414404, 3.3293343201, 7.30971187852, 7.11248466814, 5.4779474351, 5.42053754498, 15933, 4, False, False, False, True, False, False, False
PPC, 9.21377100992, 0.00855928, 0.000928966, 9.21377100992, 5.51731072936, 3.22934723429, 3.04290417888, 1.51906412919, 1.55370025001, 203959498, 33, True, False, True, True, True, True, True
ENRG, 17.5923022205, 2.3e-06, 1.30739e-07, 1.0, 1.0, 5.1629025661, 1.0, 2.14828275821, 1.0, 182379, 1, False, False, False, False, False, False, True
DMD, 29.892594173, 0.00329246, 0.000110143, 29.892594173, 2.73844515973, 5.64596880505, 5.81825829457, 3.46252415456, 3.46252415456, 521172, 3, False, False, False, True, False, False, True
XSI, 250.885, 0.000100354, 4e-07, 6.78379255334, 6.78379255334, 6.11251438227, 1.68682266096, 2.07764617141, 1.47651855968, 596197, 4, False, False, False, False, False, False, True
KARM, 51.1015125831, 7.83795e-08, 1.5338e-09, 51.1015125831, 51.1015125831, 7.89884511034, 10.3514879163, 2.56239166383, 2.45069439835, 2148226, 5, False, False, False, True, False, False, False
QSLV, 36.9223963134, 8.01216e-05, 2.17e-06, 36.9223963134, 18.5466666667, 3.68966588461, 3.81873430006, 1.73851791616, 1.7930772917, 124672, 1, False, False, False, False, False, False, True
CNL, 35.6133177329, 8.6139e-06, 2.41873e-07, 35.6133177329, 15.3819642857, 10.5815278799, 10.5815278799, 1.14406512564, 1.14406512564, 173666, 1, False, False, False, True, False, False, False
MSC, 82.3955868138, 0.247195, 0.0030001, 82.3955868138, 20.5412120557, 6.5201974873, 6.68428330227, 1.8165704509, 1.8165704509, 5283993, 4, False, False, True, False, False, True, False
POT, 11.8316352284, 3.16443e-05, 2.67455e-06, 11.8316352284, 11.8316352284, 3.83881077119, 4.24178275962, 2.2343368492, 2.47460686787, 4453790, 6, False, False, True, True, False, False, True
QRK, 791.074421024, 0.000275214, 3.47899e-07, 89.1623955991, 42.2696024525, 8.8262372108, 8.22989578087, 3.39636440553, 3.39636440553, 15231685, 10, False, False, False, True, True, True, False
XCP, 8.62894669375, 0.0218774, 0.00253535, 6.57286897165, 6.51871672095, 3.36876304552, 2.91440058089, 2.28870482143, 1.60686153312, 7575257, 7, False, False, True, False, False, True, True
POP, 12.5494133149, 4e-08, 3.1874e-09, 12.5494133149, 1.96766148352, 3.76322287904, 3.79001772119, 2.34500399813, 2.51249376459, 4394, 3, False, False, False, True, False, False, False
ARI, 30.8770122244, 3.98579e-06, 1.29086e-07, 12.8568479386, 12.8568479386, 5.09413708492, 4.6556948772, 4.0206142994, 2.43990351284, 210109, 2, False, False, False, True, False, False, False
RPC, 1908.84139033, 0.0477783, 2.503e-05, 1908.84139033, 1908.84139033, 23.4864979985, 24.5615215061, 1.91777429066, 2.01345584813, 903696, 1, False, False, False, True, False, False, False
QB, 42.3628571429, 1.18616e-05, 2.8e-07, 42.3628571429, 35.9442424242, 6.33497169858, 7.00404938662, 3.29551041721, 3.90769497387, 7599, 1, False, False, False, False, False, False, False
XMR, 8.37166292462, 0.00833353, 0.000995445, 8.37166292462, 5.32153895275, 3.24443843177, 3.36102894184, 2.28621834309, 2.38936022738, 34044581, 8, False, False, True, True, False, True, True
BLOCK, 6.4748191017, 0.000625744, 9.66427e-05, 3.67775341918, 3.67775341918, 2.7762877506, 1.42094938379, 2.33786528178, 1.42690317619, 455934, 4, False, False, True, False, False, True, True
ELC, 1239.74517729, 0.0159187, 1.28403e-05, 1239.74517729, 1059.83355526, 42.3815363463, 60.2469169316, 19.9001745456, 19.9001745456, 379592, 2, False, False, False, True, False, False, False
PXC, 820.996184147, 0.000493133, 6.00652e-07, 820.996184147, 727.106381034, 20.0003749433, 24.6515068855, 32.4293318296, 32.4293318296, 180299, 2, False, False, False, True, False, False, False
TIPS, 106.551138901, 2.38568e-08, 2.239e-10, 106.551138901, 7.52082216828, 12.2505520877, 12.2353264845, 1.81245235912, 1.76481337749, 5456622, 5, False, False, False, True, False, True, False
VPN, 18.2601207087, 6.39285e-06, 3.50099e-07, 1.72692916534, 1.14989243676, 4.06307178441, 1.32104126531, 1.51417257163, 1.21048776794, 340869, 4, False, False, False, False, True, False, True
ZCC, 13.2939129975, 0.000100496, 7.55955e-06, 3.37922083162, 3.37922083162, 3.82565914997, 1.26131242831, 1.69655039246, 1.20059531566, 3517198, 3, False, False, False, True, True, False, False
UTC, 248.903629189, 0.00101991, 4.09761e-06, 248.903629189, 176.427240694, 16.3638211931, 16.3638211931, 4.62011007331, 4.62011007331, 3498007, 4, False, False, False, True, False, False, True
AC, 51.4066273816, 1.89217e-05, 3.68079e-07, 51.4066273816, 10.2607248019, 11.4328358502, 12.932886177, 1.51023532501, 1.43758987299, 4121622, 3, False, False, False, True, False, True, False
XMG, 7.46098829649, 0.000162945, 2.18396e-05, 7.46098829649, 3.20889261745, 2.68436806352, 2.69985039158, 2.35639001321, 2.36641164563, 108820, 7, False, False, True, True, False, False, True
RBY, 378.197103782, 0.000339281, 8.97101e-07, 1.0, 1.0, 38.4351643865, 1.0, 24.8630944406, 1.0, 1927288, 4, False, False, True, True, False, False, True
ICB, 31.9087745031, 2.54961e-05, 7.99031e-07, 31.9087745031, 5.63408635392, 4.55647668137, 4.62568538298, 1.38895681938, 1.32488761643, 92463, 2, False, False, False, True, False, False, False
DOPE, 2587.35442595, 2.58826e-05, 1.00035e-08, 2587.35442595, 31.1838554217, 29.6687348233, 30.6835007189, 5.20102049838, 5.19622397753, 461043, 1, False, False, False, False, False, False, True
RBT, 676.017238144, 0.0039985, 5.91479e-06, 676.017238144, 196.497107952, 49.905691906, 45.0472205233, 35.8441659254, 40.5376381968, 32995, 4, False, False, False, False, False, False, False
AM, 46.7159333333, 7.00739e-05, 1.5e-06, 46.7159333333, 46.7159333333, 3.08270233899, 3.15371775618, 1.90743551895, 1.81331669396, 1220963, 1, False, False, False, False, False, False, True
RBR, 8.18593103448, 2.37392e-06, 2.9e-07, 8.18593103448, 8.18593103448, 1.82988004713, 1.83547492425, 1.57959274726, 1.60037987756, 96501, 2, False, False, False, True, False, False, True
SLR, 27.7431746195, 6.99841e-05, 2.52257e-06, 2.03264885274, 2.03264885274, 4.20996519687, 1.40212534362, 3.85983336584, 1.13202875574, 292646, 2, False, False, False, False, False, False, True
BRIT, 42.5379081665, 1.19563e-05, 2.81074e-07, 42.5379081665, 8.02436241611, 4.62155405804, 5.86080266671, 2.04987279287, 2.63656988265, 97173, 1, False, False, False, False, False, False, False
NEOS, 33.2478568766, 0.000289913, 8.71975e-06, 33.2478568766, 33.2478568766, 5.84562851527, 6.19312946523, 1.80155921974, 1.95470653952, 575730, 4, False, False, True, True, False, False, True
CND, 166.649166667, 1.99979e-05, 1.2e-07, 166.649166667, 83.3169459466, 11.2090468953, 12.2571653334, 1.59735412843, 1.51084489732, 186529, 1, False, False, False, False, False, False, False
AU, 203.392372616, 0.00044751, 2.20023e-06, 203.392372616, 5.14379310345, 12.8546835431, 12.8546835431, 1.9626515219, 1.9626515219, 20247, 1, False, False, False, False, False, False, False
RZR, 392.309763069, 0.00221513, 5.64638e-06, 392.309763069, 303.442465753, 13.1106003421, 13.4752289889, 1.93583294033, 2.09425933514, 5059465, 2, False, False, False, True, False, False, False
STR, 79.1706870779, 4.75074e-06, 6.00063e-08, 79.1706870779, 47.5074, 24.6324755642, 24.6324755642, 1.60262392148, 1.60262392148, 46756, 1, False, False, False, True, False, False, False
KTK, 219.955789474, 4.17916e-05, 1.9e-07, 219.955789474, 219.955789474, 15.5159368999, 15.5135815008, 7.06482127243, 7.06086037756, 108707, 1, False, False, False, False, False, False, True
ABY, 9.88519954961, 1.97531e-06, 1.99825e-07, 7.91044776119, 6.67772120917, 3.94006365081, 4.01296533899, 2.58811170187, 2.56122037172, 71855, 2, False, False, True, False, False, False, True
EXCL, 8.34193961337, 2.12435e-05, 2.54659e-06, 8.13908492525, 7.15544013527, 2.4973242954, 2.81100522015, 1.5598529242, 1.70825893358, 321724, 2, False, False, False, True, False, False, True
U, 94.1231837167, 3.2e-05, 3.3998e-07, 13.7931034483, 10.6312292359, 4.92443351592, 3.97560415358, 2.62098726845, 2.49906096813, 33510, 2, False, False, False, False, False, False, True
XCASH, 77.1034188034, 0.000270633, 3.51e-06, 77.1034188034, 77.1034188034, 7.97660780914, 8.30928548895, 1.61079411445, 1.76630747343, 404140, 1, False, False, False, True, False, False, False
CFN, 34.9888576518, 2.78533e-06, 7.96062e-08, 30.9481111111, 30.9481111111, 9.70447864157, 10.1849491521, 2.0980800374, 2.69236575877, 4491, 1, False, False, False, False, False, False, False
MCN, 34.2131304348, 7.86902e-06, 2.3e-07, 34.2131304348, 11.9227575758, 5.06095235067, 6.34952990166, 3.55282059897, 4.53091428258, 2817, 1, False, False, True, False, False, False, False
NSR, NaN, NaN, NaN, NaN, NaN, NaN, NaN, NaN, NaN, NaN, NaN, NaN, NaN, NaN, NaN, NaN, NaN, NaN
RDD, 17.985229392, 3.61638e-07, 2.01075e-08, 11.4762359617, 7.44397535677, 3.94477046364, 3.5365871717, 1.86913646244, 1.66771367731, 10480755, 12, False, False, True, True, False, False, True
NRB, 166.713741373, 0.000250264, 1.50116e-06, 166.713741373, 86.2979310345, 11.9015213604, 15.306936879, 5.25600361801, 5.25600361801, 140751, 1, False, False, False, True, False, False, False
WKC, 376.44950495, 0.000380214, 1.01e-06, 376.44950495, 376.44950495, 7.97168433541, 8.05681117803, 2.25545735188, 2.25899087014, 327317, 1, False, False, False, False, False, False, False
HUC, 386.696969094, 0.00155347, 4.01728e-06, 386.696969094, 206.126185895, 14.1043618389, 17.4846479007, 1.95898375382, 2.28541686328, 469155, 2, False, False, True, True, False, False, False
XST, 38.367023597, 0.000143358, 3.73649e-06, 14.4898561506, 14.4898561506, 4.83878521146, 4.89075135877, 1.96885815966, 2.04805985875, 4430169, 4, False, False, True, True, False, False, True
NOTE, NaN, NaN, NaN, NaN, NaN, NaN, NaN, NaN, NaN, NaN, NaN, NaN, NaN, NaN, NaN, NaN, NaN, NaN
OC, 38.5223298877, 5.0012e-06, 1.29826e-07, 38.5223298877, 1.42079545455, 3.38208321372, 3.54887502259, 1.76223306229, 1.89440434633, 262279, 1, False, False, False, False, False, False, True
UNC, 11.5300193317, 0.00417502, 0.0003621, 11.5300193317, 11.5300193317, 1.55268331139, 1.48477827624, 1.50224992073, 1.47143516488, 27909, 2, False, False, False, False, False, False, False
NKT, 28.3544185674, 2.55234e-06, 9.00156e-08, 28.3544185674, 10.63475, 3.17635612886, 3.20203173607, 2.08759397763, 2.23843496056, 117737, 2, False, False, False, True, False, False, True
PINK, 28.9077389633, 1.447e-06, 5.00558e-08, 4.555170449, 4.38484848485, 2.18736254243, 2.24534861419, 1.74341590882, 1.70184443966, 881147, 2, False, False, True, False, False, False, True
BDSM, 130.072, 1.30072e-06, 1e-08, 130.072, 5.91236363636, 4.6708607252, 4.8523764298, 2.88366470838, 2.92403590295, 333, 1, False, False, False, False, False, False, False
ARG, 182.001622733, 0.000964554, 5.2997e-06, 182.001622733, 144.827927928, 9.44482052827, 10.1661432448, 4.03152867055, 4.03152867055, 380446, 1, False, False, False, True, False, False, False
NRS, 52.0013333333, 0.000468012, 9e-06, 52.0013333333, 11.6973756561, 6.31456771124, 7.00396779473, 1.74440640319, 1.75699668405, 556581, 2, False, False, False, True, True, False, False
COMM, 109.866322725, 2.1977e-06, 2.00034e-08, 109.866322725, 31.3957142857, 15.0720762097, 15.0720762097, 2.39856005158, 2.39856005158, 584715, 2, False, False, False, True, False, True, False
CZC, 92.6068731379, 0.000267319, 2.8866e-06, 92.6068731379, 92.6068731379, 4.83541641218, 5.18367552302, 2.33135536947, 2.4905101678, 141693, 7, False, False, False, False, False, False, False
TRUST, 226.968200833, 4.997e-05, 2.20163e-07, 4.87512195122, 4.87512195122, 6.75715107502, 1.90491075853, 7.62037021593, 1.74123283196, 208469, 1, False, False, False, False, False, False, True
SUPER, 224.126110725, 0.00010069, 4.49256e-07, 94.0984066165, 94.0984066165, 10.4549243656, 11.9233386064, 1.58692937203, 1.50188262395, 3660903, 3, False, False, False, True, False, False, False
TRL, 15.7138645114, 4.53015e-08, 2.8829e-09, 3.8000150989, 3.8000150989, 2.76014571703, 1.2107416579, 1.79772537119, 1.14864436562, 8862, 3, False, False, False, False, False, False, False
