symbol,name,earliest_trade_date,earliest_mention_date,network_date,user1,user1_num_mentions,user1_num_posts,user1_num_subjects,user1_days_since_first_post
DRZ,Droidz,2015-04-27,2015-04-14,2015-04-27,DRZ,1,28,1,13
TIX,Tickets,2013-11-03,2013-09-20,2013-11-03,Lottery Tickets,1,191,4,44
CKC,Checkcoin,2014-09-19,2014-07-29,2014-09-19,BitsendInc,1,74,1,52
MONETA,Moneta,2015-10-24,2015-10-19,2015-10-24,moneta-dev,1,30,2,53
CANN,CannabisCoin,2014-08-02,2014-06-07,2014-08-02,CannabisCoinDev,1,189,13,121
XJO,Joulecoin,2013-12-06,2013-09-22,2013-12-06,JohnJoule,1,26,2,75
CPC,Capricoin,2015-07-23,2015-07-20,2015-07-23,CapricoinOfficial,1,1,1,3
BOT,Botcoin,2015-09-08,2015-08-31,2015-09-08,Walter Botcoin,1,9,1,8
SOON,SoonCoin,2015-01-28,2014-06-25,2015-01-28,pineapples,1,381,8,392
XBS,BitStake,2015-01-13,2015-01-11,2015-01-13,Bitstake,1,8,1,2
TRICK,TrickyCoin,2015-03-31,2015-03-27,2015-03-31,TrickyCoin,1,20,1,4
SWARM,Swarm,2014-09-16,2014-06-24,2014-09-16,fractastical,1,143,1,234
TRBO,TurboStake,2015-10-30,2015-10-08,2015-10-30,CryptoWiz420,1,56,2,145
YUM,CandyCoin,2014-11-16,2014-04-08,2014-11-16,candycoin,1,15,1,222
G3N,Genstake,2015-06-10,2015-10-11,2015-06-10,HORT,1,0,0,-28
EXP,Expanse,2015-09-15,2015-08-10,2015-09-15,CryptoClub,1,713,3,556
GHC,GamerholicCoin,2014-10-10,2014-09-25,2014-10-10,coinweaver,1,154,5,238
LQD,LIQUID,2015-02-06,2015-02-07,2015-02-06,Geenstijl,1,214,10,432
XUP,UPcoin,2015-09-22,2015-09-16,2015-09-22,TheTerminator,1,51,1,36
BOB,Dobbscoin,2014-08-27,2014-01-10,2014-08-27,deeppurple72,1,373,74,423
PAK,Pakcoin,2015-09-15,2015-06-22,2015-09-15,drwatson84,1,54,1,85
BSTY,GlobalBoost-Y,2014-10-03,2014-09-08,2014-10-03,GlobalBoost,1,231,3,161
SHLD,ShieldCoin,2014-07-12,2014-07-08,2014-07-12,shieldcoindevs,1,28,1,4
SAK,Sharkcoin,2015-03-08,2014-05-20,2015-03-08,SAKTeam,1,1,1,292
PKB,ParkByte,2015-05-18,2015-04-29,2015-05-18,ParkByte,1,43,2,19
SHELL,ShellPay,2015-06-18,2015-05-08,2015-06-18,ShellCoin,1,50,1,41
XQN,Quotient,2014-11-23,2014-11-11,2014-11-23,CedricQuotient,1,78,2,12
XRA,Ratecoin,2015-06-26,2015-07-12,2015-06-26,presstab,1,861,2,564
TCO,TacoCoin,2014-07-21,2014-06-14,2014-07-21,bassguitarman,1,30,3,67
APEX,ApexCoin,2014-07-18,2014-07-11,2014-07-18,APEXcoin_Team,1,47,3,7
DUO,ParallelCoin,2015-10-24,2015-06-22,2015-10-24,marcetin,1,542,11,902
COV,Coven,2015-04-21,2015-04-19,2015-04-21,CovenDev,1,17,2,2
PXI,Prime-XI,2014-10-04,2014-07-20,2014-10-04,Percise,1,186,7,95
DCR,DeltaCredits,2015-08-30,2015-08-18,2015-08-30,Gladimor,1,268,3,515
RIN,Ringo,2014-08-02,2014-05-23,2014-08-02,homhomhom,1,91,1,147
TIT,Titcoin,2014-08-25,2014-06-21,2014-08-25,RobertTitCoin,1,28,2,204
UIS,Unitus,2015-01-12,2014-12-21,2015-01-12,neuroMode,1,450,56,388
LDOGE,LiteDoge,2015-03-19,2015-06-01,2015-03-19,heavensopen,1,0,0,-45
LYB,Lyrabar,2015-11-16,2015-01-28,2015-11-16,Lyrabar,1,77,1,292
LTD,LimitedCoin,2015-09-15,2015-09-11,2015-09-15,LimitedDev,1,13,1,8
BITUSD,bitUSD,2014-09-23,2014-08-22,2014-09-23,ChuckOne,1,641,16,243
IOC,I/O Coin,2014-08-02,2014-07-15,2014-08-02,IO Dev Team,1,28,1,18
RIC,Riecoin,2014-02-27,2013-09-05,2014-02-27,gatra,1,115,5,243
CHA,Chancecoin,2014-05-20,2014-03-23,2014-05-20,magician,1,35,1,58
INDEX,CoinoIndex,2015-06-18,2015-07-21,2015-06-18,sasha35625,1,36,2,220
HAL,Halcyon,2014-08-19,2014-08-16,2014-08-19,halcyondev,1,19,1,3
MRY,Murraycoin,2014-03-03,2014-01-20,2014-03-03,bholzer,1,294,3,216
URC,Unrealcoin,2015-03-31,2015-03-23,2015-03-31,USER211,1,19,1,8
BOST,BoostCoin,2014-05-30,2014-05-09,2014-05-30,mammix2,1,531,14,100
MMNXT,MMNXT,2014-10-22,2015-01-20,2014-10-22,Nxtblg,1,1068,14,235
URO,Uro,2014-06-12,2014-05-08,2014-06-12,true-asset,1,192,6,35
XAU,Xaurum,2015-04-21,2015-02-27,2015-04-21,Aurum Project,1,35,1,53
DASH,Dash,2014-02-14,2014-01-18,2014-02-14,eduffield,1,157,9,253
XAI,Sapience AIFX,2014-12-25,2014-11-19,2014-12-25,CedricQuotient,1,141,2,44
TRMB,TRMB,2015-05-25,2015-06-30,2015-05-25,godda04,1,186,0,314
P7C,P7Coin,2015-04-17,2015-05-10,2015-04-17,Power7-Dev,1,0,0,-23
NXE,NXE,2015-03-22,2015-03-05,2015-03-22,NXE,1,80,1,17
BNB,BnB Coin,2015-06-08,2015-06-03,2015-06-08,Bnbdevteam,1,12,1,5
QBK,Qibuck,2014-08-17,2014-07-27,2014-08-17,qiwoman2,1,659,4,71
THC,HempCoin,2014-06-28,2014-03-08,2014-06-28,HempCoin,1,64,1,112
DIGS,Diggits,2015-07-16,2015-07-03,2015-07-16,DIGGITSquad,1,1,1,13
TENNET,TenneT,2015-08-10,2015-06-19,2015-08-10,TenneT,1,18,1,52
VIA,Viacoin,2014-07-18,2014-07-18,2014-07-18,btcdrak,1,196,5,410
OK,OKCash,2014-12-14,2015-04-17,2014-12-14,OKtoshi,1,0,0,-124
SIB,SIBCoin,2015-09-25,2015-10-01,2015-09-25,hot,1,0,0,-6
CRAIG,CraigsCoin,2014-09-30,2014-09-12,2014-09-30,CraigsCoin,1,52,2,18
HNC,Helleniccoin,2015-07-21,2015-02-08,2015-07-21,helleniccoin,1,2,1,163
SFR,SaffronCoin,2014-06-15,2014-04-27,2014-06-15,saffroncoin,1,362,1,49
BVC,BeaverCoin,2014-10-04,2014-08-29,2014-10-04,Sumpfbiene,1,114,4,242
MAID,MaidSafeCoin,2014-04-28,2014-04-19,2014-04-28,Chang Hum,1,238,1,604
NTRN,Neutron,2015-04-21,2015-04-25,2015-04-21,TeamNeutron,1,0,0,0
SCOT,Scotcoin,2014-05-26,2014-04-10,2014-05-26,retrend,1,67,1,250
LXC,Librexcoin,2014-08-05,2014-07-21,2014-08-05,Librexcoindev,1,55,1,15
FETISH,Fetish,2014-10-20,2014-09-19,2014-10-20,altcoin.center,1,51,3,42
MZC,MazaCoin,2014-02-27,2014-03-05,2014-02-27,crazyearner,1,278,25,492
JUDGE,Judgecoin,2014-07-08,2014-06-26,2014-07-08,judgecrypto,1,220,8,61
NAV,Navajo,2014-06-12,2014-07-06,2014-06-12,SUM2dev,1,0,0,-11
NIRO,Nexus,2015-01-25,2014-06-19,2015-01-25,KryptoKash,1,84,2,220
BTCRY,BitCrystal,2015-03-22,2015-02-24,2015-03-22,bitcrystal,1,141,7,142
SPEC,SPEC,2015-07-27,2015-06-28,2015-07-27,SpecDevelopment,1,40,1,29
ICASH,iCash,2015-03-27,2015-03-19,2015-03-27,cryptodev35,1,70,1,8
DEX,InstantDEX,2014-09-14,2014-07-09,2014-09-14,Azeh,1,92,3,195
GREXIT,Grexit,2015-07-23,2015-07-17,2015-07-23,grexitcoin,1,2,1,6
CRW,CrownCoin,2014-11-08,2014-10-07,2014-11-08,jeliman,1,33,3,314
EMC,EmerCoin,2014-08-23,2013-12-08,2014-08-23,Fixx,1,76,4,476
FIBRE,Fibre,2014-08-30,2014-08-13,2014-08-30,killakem,1,179,3,60
OC,OrangeCoin,2014-05-13,2014-04-23,2014-05-13,Orangecoin,1,59,1,20
BELA,BellaCoin,2014-03-20,2014-01-29,2014-03-20,twoturtles,1,28,2,50
CHIP,ChipCoin,2015-08-04,2015-07-25,2015-08-04,Chips,1,51,1,10
XLB,Libertycoin,2014-05-13,2014-05-08,2014-05-13,Libertycoin,1,67,6,62
NXTCOINSCO,Tradebots,2014-10-04,2014-08-30,2014-10-04,jl777,1,566,7,285
CGN,KolschCoin,2015-04-21,2015-04-10,2015-04-21,TillKoeln,1,415,4,422
DETH,DarkEther,2015-08-10,2015-08-09,2015-08-10,DarkEther,1,5,1,1
DEM,Deutsche eMark,2013-12-14,2013-10-15,2013-12-14,Bzzzum,1,28,1,60
QSLV,Quicksilver,2014-11-13,2014-10-31,2014-11-13,QuicksilverCoin,1,40,2,18
COINO,CoinoUSD,2014-12-25,2015-03-23,2014-12-25,coinomat.com,1,31,6,308
SCRT,SecretCoin,2015-11-16,2015-08-25,2015-11-16,TeamSecret,1,105,1,83
UNC,UNCoin,2015-03-22,2015-03-07,2015-03-22,invt2424,1,1,1,15
XSI,StabilityShares,2014-04-23,2014-04-16,2014-04-23,cryptonewbie,1,165,6,62
VIOR,Viorcoin,2014-11-23,2015-05-07,2014-11-23,MikeMike,1,65,0,254
ZNY,Bitzeny,2015-07-09,2014-11-07,2015-07-09,bitzeny,1,2,1,244
BLOCK,Blocknet,2014-11-01,2014-10-20,2014-11-01,synechist,1,327,2,421
TRON,Positron,2015-04-14,2015-04-11,2015-04-14,positrondev,1,23,1,3
NEU,NeuCoin,2015-09-25,2015-02-03,2015-09-25,Sandrine89,1,33,2,234
MUSE,MUSE,2015-05-07,2015-10-23,2015-05-07,StanLarimer,1,398,1,258
SLING,Sling,2015-04-21,2015-04-20,2015-04-21,DG.Slayer,1,3,1,1
KORE,KoreCoin,2014-06-21,2014-06-28,2014-06-21,Eurbids,1,0,0,-7
PLNC,PLNcoin,2014-04-15,2014-03-10,2014-04-15,WalutowyKrol,1,17,1,84
PTC,Pesetacoin,2014-02-22,2014-01-07,2014-02-22,CryptoMP,1,154,10,69
CRAVE,Crave,2015-03-26,2015-03-20,2015-03-26,industrialcoinmagic,1,33,1,6
CAIX,CAIx,2014-04-15,2014-03-13,2014-04-15,Caishen_Project,1,20,1,33
ROX,ROXcoin,2014-07-01,2014-06-28,2014-07-01,Roxcoin,1,23,1,3
BUK,CryptoBuck,2014-10-04,2013-08-31,2014-10-04,CryptoBuck,1,114,6,411
PSEUD,PseudoCash,2014-07-21,2014-07-03,2014-07-21,pseudocoin,1,74,3,18
CAID,Coinaid,2015-09-15,2015-09-05,2015-09-15,crunck,1,600,15,474
SANDG,Save and Gain,2015-10-12,2015-06-16,2015-10-12,crunck,1,695,15,501
XDQ,Dirac,2014-05-26,2014-05-19,2014-05-26,coinweaver,1,76,4,101
XDP,Dogeparty,2014-08-28,2014-07-23,2014-08-28,dogeparty,1,1,1,36
BUB,Bubble,2015-05-07,2015-05-01,2015-05-07,MakingBubbles,1,48,1,7
OSC,OpenSourcecoin,2014-03-15,2013-08-06,2014-03-15,r3wt,1,2662,86,307
PTS,BitShares PTS,2013-11-21,2013-11-05,2013-11-21,FreeTrade,1,561,32,782
MNE,Munne,2014-10-25,2014-09-26,2014-10-25,Mchrono,1,98,2,30
WS,Woodshares,2015-07-02,2015-04-12,2015-07-02,KrLos,1,227,7,866
8BIT,8Bit,2015-04-18,2015-04-17,2015-04-18,8bitproject,1,1,1,1
TRI,Triangles,2014-07-21,2014-07-16,2014-07-21,3angle,1,12,1,5
USDE,USDe,2014-02-06,2014-01-11,2014-02-06,USD-e,1,87,7,26
TRK,Truckcoin,2014-07-16,2014-07-29,2014-07-16,noise23,1,89,0,136
TAGR,TAGRcoin,2015-07-16,2015-06-18,2015-07-16,Tagr.Dev,1,43,1,28
SKB,SkullBuzz,2015-10-14,2015-05-20,2015-10-14,SkullBuzz,1,23,1,147
CAPT,CAPTcoin,2014-08-20,2014-07-09,2014-08-20,EcuaMobi,1,499,8,266
UNIC,UniCoin,2015-06-14,2013-12-30,2015-06-14,Teamunicoin,1,36,1,531
TRC,Terracoin,2013-04-28,2012-10-31,2013-04-28,celkaris,1,107,8,179
DOGED,DogeCoinDark,2014-10-25,2014-10-09,2014-10-25,Dogedarkdev,1,46,2,16
WOP,WorldPay,2015-10-12,2015-10-07,2015-10-12,WorldPay,1,25,1,5
GCN,GCoin,2014-11-16,2014-04-04,2014-11-16,Mr G,1,20,1,226
GCC,GuccioneCoin,2015-08-20,2015-06-25,2015-08-20,GCCTeam1,1,80,1,56
SHA,SHACoin,2014-06-25,2014-03-17,2014-06-25,matt4054,1,168,4,468
SJCX,Storjcoin X,2014-08-20,2014-07-20,2014-08-20,Storj,1,28,1,64
KOBO,Kobocoin,2015-02-15,2015-01-11,2015-02-15,TheTribesman,1,328,7,428
EFL,Electronic Gulden,2014-03-26,2014-03-19,2014-03-26,ElectronicGulden,1,53,2,7
VCN,Vcoin,2015-06-10,2015-05-13,2015-06-10,chrisvl,1,122,4,310
SHF,Shift,2015-09-05,2015-08-17,2015-09-05,ShiftTeam,1,169,1,19
RT2,RotoCoin,2014-03-29,2014-03-15,2014-03-29,Rotocoin,1,101,2,14
PMP,PreminePlus,2014-10-20,2014-07-02,2014-10-20,TheMightyX,1,880,4,470
SPRTS,Sprouts,2015-07-21,2015-06-30,2015-07-21,MrEggman,1,50,1,21
CLV,CleverCoin,2015-05-13,2015-05-08,2015-05-13,clevercryptodev,1,14,1,5
UNIT,Universal Currency,2015-05-07,2015-04-25,2015-05-07,carboncredit,1,26,3,49
COOL,CoolCoin,2014-06-28,2014-05-08,2014-06-28,CoolloveCoin,1,10,2,51
ULTC,Umbrella-LTC,2014-08-31,2014-07-12,2014-08-31,Umbrella Holdings,1,173,3,50
STHR,Stakerush,2015-09-14,2015-08-25,2015-09-14,stakerush,1,34,1,20
BTQ,BitQuark,2014-07-29,2014-02-15,2014-07-29,BitQuark,1,340,1,164
BTS,BitShares,2014-07-21,2013-05-31,2014-07-21,bytemaster,1,534,24,1454
ANC,Anoncoin,2013-07-14,2013-06-06,2013-07-14,meeh,1,83,3,76
CBIT,CryptBit,2015-10-01,2015-09-23,2015-10-01,CryptBit,1,20,1,8
XCH,ClearingHouse,2014-10-04,2014-08-11,2014-10-04,btcdrak,1,406,9,488
SSV,SSVCoin,2014-09-07,2014-06-22,2014-09-07,SSVCoin,1,14,1,77
XCN,Cryptonite,2014-08-02,2014-07-18,2014-08-02,Cryptonite XCN,1,3,1,15
XCO,X-Coin,2015-03-06,2015-02-26,2015-03-06,el3ab,1,27,1,8
FUND,Cryptofund,2015-09-21,2015-09-03,2015-09-21,sasha35625,1,68,5,315
ENRG,Energycoin,2014-05-15,2014-04-29,2014-05-15,energycr,1,123,1,16
HIRO,Hirocoin,2014-03-26,2014-04-13,2014-03-26,dupee419,1,229,3,211
XCP,Counterparty,2014-02-15,2014-01-02,2014-02-15,PhantomPhreak,1,147,1,44
GCR,Global Currency Reserve,2015-08-26,2015-08-19,2015-08-26,gcrgcr,1,1,1,7
BTA,Bata,2015-05-29,2015-04-28,2015-05-29,pc888,1,262,4,453
FRSH,FreshCoin,2014-08-22,2014-06-30,2014-08-22,savale,1,281,5,243
BTB,BitBar,2013-05-09,2013-05-02,2013-05-09,xorxor,1,317,9,128
BTM,Bitmark,2014-08-19,2014-06-21,2014-08-19,coinsolidation,1,569,37,65
XCASH,XCash,2014-09-11,2014-09-01,2014-09-11,johnnyxcash,1,28,1,10
JLH,jl777hodl,2014-07-23,2014-07-18,2014-07-23,EvilDave,1,459,3,219
IVZ,InvisibleCoin,2015-10-12,2015-10-09,2015-10-12,scat,1,5,1,164
HZ,Horizon,2014-07-14,2014-10-14,2014-07-14,Pizpie,1,48,0,54
BCN,Bytecoin,2014-06-17,2014-03-12,2014-06-17,DStrange,1,110,4,141
JBS,Jumbucks,2014-09-07,2014-09-01,2014-09-07,jyap,1,28,1,113
XSEED,BitSeeds,2015-04-21,2015-09-28,2015-04-21,worth,1,194,1,473
GIVE,GiveCoin,2015-02-20,2014-08-16,2015-02-20,TheLittleDuke,1,204,13,1091
BCF,BitcoinFast,2014-12-06,2014-12-03,2014-12-06,BitCoinFastTeam,1,14,1,3
SWING,Swing,2015-09-28,2015-08-28,2015-09-28,murderouskirk,1,600,12,658
CHAO,23 Skidoo,2015-07-25,2014-03-22,2015-07-25,gxsbk,1,38,1,696
DVC,Devcoin,2013-04-28,2011-08-05,2013-04-28,Unthinkingbit,1,256,2,684
SPHR,Sphere,2015-05-02,2015-04-30,2015-05-02,ChronoSphereDev,1,9,1,2
UTIL,UtilityCoin,2014-09-30,2014-09-26,2014-09-30,utilitycoin,1,9,1,4
ACP,AnarchistsPrime,2015-07-13,2015-03-24,2015-07-13,ACP,1,70,5,111
BCX,BattleCoin,2014-01-31,2014-01-11,2014-01-31,jackofall1232,1,144,15,194
BCY,Bitcrystals,2015-09-14,2015-02-16,2015-09-14,hnin,1,101,4,210
FIST,FistBump,2015-06-08,2015-06-01,2015-06-08,FistBump,1,63,2,7
ISL,IslaCoin,2015-09-28,2015-05-05,2015-09-28,isladev,1,55,2,146
ETH,Ethereum,2015-08-07,2014-01-12,2015-08-07,tacotime,1,1967,53,1452
SILK,Silkcoin,2014-05-11,2014-02-12,2014-05-11,silkcoinproject,1,2,1,88
FLDC,FoldingCoin,2014-09-16,2014-09-13,2014-09-16,FoldingCoin,1,47,3,72
BCR,Bitcredits,2015-03-29,2014-12-17,2015-03-29,bitcreditscc,1,495,9,103
CON,PayCon,2015-02-15,2015-01-02,2015-02-15,muddafudda,1,1362,40,660
DGB,DigiByte,2014-02-06,2014-01-10,2014-02-06,DigiByte,1,166,12,39
PLANET,PlanetCoin,2015-03-22,2015-03-04,2015-03-22,planetcoin,1,65,2,22
ECC,ECCoin,2014-03-20,2014-03-06,2014-03-20,hostmaster,1,965,44,110
CRT,CRTCoin,2014-05-11,2014-04-03,2014-05-11,digitaldj,1,1,1,38
LTBC,LTBcoin,2014-08-20,2014-07-27,2014-08-20,crackerhead,1,143,1,201
GEMZ,GetGems,2015-01-12,2014-08-26,2015-01-12,peled1986,1,302,1,367
CASH,Cashcoin,2014-02-27,2014-01-20,2014-02-27,CryptoCashNow,1,111,7,38
GRAV,Graviton,2015-05-04,2015-05-02,2015-05-04,gravitondev,1,10,1,2
KDC,KlondikeCoin,2014-02-02,2014-01-09,2014-02-02,KlondikeCoin,1,144,11,24
VRC,VeriCoin,2014-05-16,2014-05-09,2014-05-16,effectsToCause,1,76,1,7
BKS,BlockShares,2015-09-09,2015-04-30,2015-09-09,BCExchange,1,4,1,135
BITZ,Bitz,2015-03-08,2015-11-01,2015-03-08,EBK1000,1,290,6,404
KUMA,Kumacoin,2014-08-02,2014-04-26,2014-08-02,kumacoinproject,1,1,1,98
QORA,Qora,2014-05-26,2014-03-19,2014-05-26,qora,1,74,1,68
XST,Stealthcoin,2014-07-10,2014-05-25,2014-07-10,stealthdev,1,7,1,46
C2,Coin2.1,2014-06-08,2014-02-23,2014-06-08,joel511,1,162,7,105
TES,TeslaCoin,2014-02-06,2014-01-17,2014-02-06,Trafficlearn,1,172,21,59
BITS,Bitstar,2014-04-23,2014-04-17,2014-04-23,Bitstar_coin,1,53,1,6
IBITS,iBits,2015-07-27,2015-07-13,2015-07-27,iBITS,1,1,1,14
JKC,Junkcoin,2013-06-14,2013-06-16,2013-06-14,the1silverwolf,1,293,12,38
VTA,Virtacoin,2014-08-09,2014-08-11,2014-08-09,VirtaCoinDev,1,0,0,-2
VIRAL,Viral,2015-05-08,2015-04-28,2015-05-08,ViralDev,1,111,1,10
FRDC,FreedomCoin,2015-09-21,2015-09-06,2015-09-21,placebo,1,6889,159,623
FAIR,FairCoin,2014-03-22,2014-05-08,2014-03-22,Gladimor,1,0,0,-11
NKA,IncaKoin,2015-01-28,2015-01-23,2015-01-28,madross,1,25,1,176
XC,XCurrency,2014-05-23,2014-05-29,2014-05-23,Teka,1,318,11,416
RBBT,RabbitCoin,2014-08-30,2014-02-15,2014-08-30,rabbitcointeam,1,33,1,196
J,Joincoin,2014-08-25,2014-08-13,2014-08-25,Love_of_Algo,1,25,1,12
HEX,Heisenberg,2014-03-15,2014-02-22,2014-03-15,Heisenbergprime,1,8,1,21
CF,Californium,2015-04-21,2015-04-17,2015-04-21,cfdev,1,9,1,4
EUC,Eurocoin,2015-08-23,2014-03-04,2015-08-23,deeppurple72,1,373,74,784
CLOAK,CloakCoin,2014-06-06,2014-06-03,2014-06-06,TheDagger,1,43,2,6
UNB,UnbreakableCoin,2014-05-23,2014-03-27,2014-05-23,jimblasko,1,66,5,57
VTR,vTorrent,2014-12-25,2014-12-11,2014-12-25,vtorrent,1,75,1,14
COMM,CommunityCoin,2014-04-15,2014-03-25,2014-04-15,communitycoin,1,128,3,21
ADC,AudioCoin,2015-06-05,2015-06-13,2015-06-05,cryptobloguk,1,3,0,333
DIEM,CarpeDiemCoin,2014-04-28,2014-03-13,2014-04-28,Carpe Diem Coin,1,354,11,46
ADN,Aiden,2014-04-15,2014-04-05,2014-04-15,defaced,1,1146,29,1139
MARYJ,MaryJane,2014-10-04,2014-09-23,2014-10-04,MaryJ,1,22,1,11
IEC,IvugeoCoin,2015-04-29,2015-04-16,2015-04-29,IvugeoEvolutionCoin,1,29,1,13
ELT,Electron,2014-06-12,2014-05-25,2014-06-12,electron-coin,1,17,1,18
MED,MediterraneanCoin,2014-10-22,2014-01-03,2014-10-22,smallplatf,1,261,3,441
DRS,Denarius,2014-06-15,2014-05-01,2014-06-15,Nthused,1,988,16,166
PLS,PLAY,2015-10-12,2014-12-25,2015-10-12,dacplay,1,6,1,291
OZC,Ozziecoin,2015-07-23,2014-04-21,2015-07-23,Ozziecoin,1,213,2,458
SNRG,Synergy,2015-06-08,2015-05-26,2015-06-08,Grandpa Jones,1,159,1,13
UFO,UFO Coin,2014-02-27,2014-01-05,2014-02-27,UFO Coin,1,83,14,53
MEM,Memecoin,2013-06-09,2013-05-27,2013-06-09,muddafudda,1,241,9,44
XEM,NEM,2015-03-31,2014-06-16,2015-03-31,ournem,1,1,1,288
HVC,Heavycoin,2014-03-12,2014-02-17,2014-03-12,keccak512,1,242,2,297
XCE,Cerium,2015-06-10,2015-06-06,2015-06-10,Cerium,1,21,1,4
NAUT,NautilusCoin,2014-05-15,2014-05-01,2014-05-15,BK_PHI,1,80,1,14
SMLY,SmileyCoin,2015-01-28,2014-11-04,2015-01-28,gstefans,1,56,1,85
LEO,LEOcoin,2015-08-04,2015-01-07,2015-08-04,leocoin2015,1,8,3,209
CIRC,CryptoCircuits,2015-06-18,2015-05-31,2015-06-18,CryptoCircuits,1,31,2,18
CS,CryptoSpots,2015-08-04,2015-02-28,2015-08-04,xPooky,1,797,2,325
GDC,GrandCoin,2013-12-17,2013-07-13,2013-12-17,Grandcoin,1,28,10,157
BILS,BilShares,2014-08-25,2014-08-08,2014-08-25,starteam,1,4,2,17
NMC,Namecoin,2013-04-28,2011-04-29,2013-04-28,khal,1,200,14,795
KEY,KeyCoin,2014-07-18,2014-07-15,2014-07-18,keycoin,1,15,1,3
INFX,Influxcoin,2015-09-15,2015-08-25,2015-09-15,Coryvmcs1,1,69,12,40
MAZE,MazeCoin,2015-10-19,2015-09-24,2015-10-19,plastcom,1,100,1,62
FLY,Flycoin,2015-09-14,2015-08-17,2015-09-14,vegasguy,1,1076,4,447
DEBUNE,DeBuNe,2015-02-06,2014-12-30,2015-02-06,capodieci,1,2,1,38
BRC,Biebercoin,2015-07-21,2014-06-02,2015-07-21,Omega6,1,42,4,482
MYST,MysteryCoin,2015-02-06,2015-01-29,2015-02-06,solacedev,1,25,1,8
SLFI,Selfiecoin,2015-03-22,2015-03-05,2015-03-22,freedomsr40,1,149,7,175
AMS,AmsterdamCoin,2015-08-20,2015-08-14,2015-08-20,keesdewit,1,91,2,59
MNTA,Moneta,2014-08-30,2014-08-13,2014-08-30,MonetaCoin,1,24,1,17
RUBIT,RubleBit,2015-11-23,2015-11-10,2015-11-23,Rublebit,1,30,1,13
XWT,World Trade Funds,2014-10-26,2014-10-20,2014-10-26,wtfdev,1,10,1,6
DIG,Digit,2014-06-28,2014-05-06,2014-06-28,DSF,1,110,1,68
BRE,BREAKcoin,2015-09-08,2015-08-24,2015-09-08,breakcoindev,1,62,2,15
BTX,BitcoinTX,2015-04-26,2015-04-27,2015-04-26,placebo,1,5526,153,475
HYP,HyperStake,2014-08-09,2014-07-06,2014-08-09,presstab,1,685,2,243
BITSILVER,bitSilver,2015-02-25,2015-01-14,2015-02-25,matt608,1,474,16,705
WBB,WildBeastBitcoin,2015-02-28,2015-02-11,2015-02-28,WildBeastBitcoin,1,68,1,17
SHND,StrongHands,2015-10-30,2015-09-28,2015-10-30,JacksonBriggs,1,33,2,34
AXIOM,Axiom,2015-07-30,2015-07-26,2015-07-30,AxiomCryptocurrency,1,73,1,4
DT,DarkToken,2014-09-17,2014-09-16,2014-09-17,darktoken,1,4,1,1
MSC,Mastercoin,2013-12-24,2013-06-24,2013-12-24,MstCoin,1,48,5,183
XWC,WhiteCoin,2014-04-18,2014-09-30,2014-04-18,WhitecoinFoundation,1,0,0,-165
AIB,AIB,2015-04-30,2015-04-11,2015-04-30,aib,1,6,1,19
CESC,CryptoEscudo,2014-04-03,2014-03-20,2014-04-03,cryptoescudo,1,17,1,14
CYP,Cypher,2015-04-11,2015-03-29,2015-04-11,Cypher7A69,1,53,1,13
DGCS,Digital Credits,2015-11-16,2015-11-01,2015-11-16,intristin,1,136,10,47
CYT,Cryptokenz,2015-09-21,2015-09-10,2015-09-21,Crypt0ken,1,102,1,11
MAPC,MapCoin,2015-09-08,2015-08-21,2015-09-08,thimo,1,441,4,634
ARCH,ARCHcoin,2014-10-06,2014-08-24,2014-10-06,BTCarchitect,1,96,2,191
EAC,EarthCoin,2013-12-28,2013-12-20,2013-12-28,earthcoin,1,30,3,8
JAY,Jay,2015-04-17,2015-04-02,2015-04-17,jones_,1,26,2,90
MRKT,FreeMarket,2014-09-23,2014-07-11,2014-09-23,cloudboy,1,123,8,211
ARB,ARbit,2015-05-21,2015-05-08,2015-05-21,ARbit,1,57,1,13
POP,PopularCoin,2014-04-23,2014-02-02,2014-04-23,cryptojette,1,111,21,84
GAP,Gapcoin,2014-11-01,2014-06-11,2014-11-01,j0nn9,1,68,2,143
CYC,Conspiracycoin,2014-07-05,2014-04-30,2014-07-05,ConspiracyCoin,1,175,3,66
BOLI,Bolivarcoin,2015-09-08,2015-08-15,2015-09-08,bolivarcoin,1,31,3,31
RPC,RonPaulCoin,2014-01-06,2013-12-28,2014-01-06,colinistheman,1,213,24,211
PXL,Phalanx,2015-04-07,2015-03-10,2015-04-07,PLX_Dev,1,42,1,28
NSR,NuShares,2014-10-25,2014-09-23,2014-10-25,toast,1,68,7,1187
DUB,Dubstep,2015-06-30,2015-06-05,2015-06-30,DUBSTEP-DEV,1,41,1,25
BOD,Bloodcoin,2015-06-18,2015-06-16,2015-06-18,SalimNagamato,1,1054,3,356
NOXT,NobleNXT,2014-12-06,2014-10-31,2014-12-06,Rofo,1,403,9,349
UTC,UltraCoin,2014-02-09,2014-01-13,2014-02-09,bumface,1,110,1,36
AC,AsiaCoin,2014-04-20,2014-05-04,2014-04-20,Maestro1,1,20,0,15
GOOD,GoodCoin,2014-06-08,2014-04-21,2014-06-08,Seefude,1,229,4,146
BITGOLD,bitGold,2015-01-04,2014-03-21,2015-01-04,Gold-Bars,1,217,3,311
ICN,iCoin,2014-02-17,2014-01-10,2014-02-17,TeamICoiN,1,161,11,41
SPACE,SpaceCoin,2015-09-09,2015-08-31,2015-09-09,SpaceCoinLab,1,47,1,9
MTR,MasterTraderCoin,2015-03-02,2015-02-13,2015-03-02,mastertrader777,1,116,1,17
ICB,IcebergCoin,2014-07-16,2014-07-01,2014-07-16,Icebergcoin,1,91,1,15
DOPE,DopeCoin,2014-02-22,2014-02-16,2014-02-22,userpacman,1,386,29,51
RBT,Rimbit,2014-10-26,2014-04-19,2014-10-26,garden.stater,1,2,1,190
AM,AeroMe,2014-07-07,2015-02-14,2014-07-07,aeros,1,29,1,15
RBR,RibbitRewards,2015-01-23,2014-08-15,2015-01-23,ribbitcoin,1,1,1,161
SLR,SolarCoin,2014-03-29,2014-01-23,2014-03-29,ddirt,1,29,1,79
KNC,KhanCoin,2015-09-28,2015-08-22,2015-09-28,k0er,1,19,1,189
XVI,Vibranium,2015-07-02,2015-06-08,2015-07-02,Viecoin,1,284,3,476
START,Startcoin,2014-06-15,2014-06-13,2014-06-15,startcoinproject,1,2,1,2
IRL,IrishCoin,2015-07-07,2014-05-17,2015-07-07,riddler_xyz,1,186,1,500
CNMT,Coinomat,2014-09-05,2014-08-10,2014-09-05,coinomat.com,1,13,3,197
CNO,Coin(O),2014-03-18,2014-01-17,2014-03-18,coino.org,1,220,4,60
CNL,ConcealCoin,2014-07-21,2014-07-18,2014-07-21,ConcealCoin,1,4,1,3
SLG,Sterlingcoin,2014-09-23,2014-08-02,2014-09-23,Sterlingcoin,1,297,1,52
CUBE,DigiCube,2015-10-24,2015-10-17,2015-10-24,DigiCube,1,66,1,7
PINK,PinkCoin,2014-05-11,2014-05-01,2014-05-11,bigman,1,39,3,10
MCN,MonetaVerde,2014-08-25,2014-06-15,2014-08-25,cryptomidnight,1,105,3,71
SDP,SydPak,2015-08-23,2015-08-09,2015-08-23,SydPakCoin Dev,1,5,1,14
XGR,GoldReserve,2014-06-28,2014-06-05,2014-06-28,Mesterlovesz74,1,177,2,158
NXTTY,Nxttycoin,2014-08-12,2014-08-12,2014-08-12,landomata,1,44,0,244
QDOS,Quedos,2015-11-18,2015-11-19,2015-11-18,grue,1,833,406,1715
CV2,Colossuscoin V2,2015-03-20,2015-01-30,2015-03-20,colossuscoin,1,15,2,391
ADD,AdderalCoin,2015-02-28,2014-07-24,2015-02-28,adderalcoin,1,11,2,219
LGD,LegendaryCoin,2014-04-28,2014-03-25,2014-04-28,legendarycoin,1,86,2,34
KGC,Krugercoin,2013-07-07,2013-06-30,2013-07-07,Nibiru,1,57,10,7
SWIFT,BitSwift,2014-10-05,2014-10-02,2014-10-05,BitSwift,1,46,2,6
NKT,Nakas,2014-12-29,2014-12-17,2014-12-29,nkt-coin-team,1,29,2,12
MCZ,MangoCoinz,2015-03-22,2014-12-22,2015-03-22,SreleFromMangoCoinz,1,158,1,192
SDC,ShadowCash,2014-07-31,2014-08-18,2014-07-31,sdcoin,1,28,2,14
NRS,NoirShares,2014-04-20,2014-09-05,2014-04-20,chocobo,1,73,0,118
ARI,Aricoin,2014-02-20,2014-02-07,2014-02-20,olympicsdude,1,74,1,15
SUPER,SuperCoin,2014-05-26,2014-05-21,2014-05-26,supercointeam,1,107,1,5
POT,PotCoin,2014-02-10,2014-01-21,2014-02-10,PotCoin,1,23,6,24
$$$,Money,2015-11-12,2014-11-18,2015-11-12,moneyfoundation,1,29,2,360
AXR,Axron,2014-08-27,2014-08-14,2014-08-27,Project Axron,1,118,1,13
NYAN,Nyancoin,2014-02-09,2013-12-21,2014-02-09,myhoho,1,169,6,938
WDC,WorldCoin,2013-05-22,2013-05-14,2013-05-22,WorldCoin,1,12,2,8
EXC,Extremecoin,2014-01-16,2013-08-17,2014-01-16,CaptChadd,1,883,40,560
MIN,Mineralscoin,2014-06-21,2014-06-05,2014-06-21,Minerals,1,102,1,25
GSY,GenesysCoin,2015-09-15,2015-08-05,2015-09-15,GSYTeam,1,208,2,61
NAN,NanoToken,2013-07-17,2013-06-25,2013-07-17,r3wt,1,1005,36,66
LTB,LiteBar,2014-03-12,2014-02-12,2014-03-12,Scooby903,1,707,37,319
LIT,Lightcoin,2014-07-05,2014-06-12,2014-07-05,Lightcoinproject,1,34,1,23
NAS,Nas,2014-04-15,2014-03-20,2014-04-15,Nas_Coin,1,24,1,26
HBN,HoboNickels,2013-12-20,2013-07-24,2013-12-20,thundertoe,1,218,35,927
STEPS,Steps,2015-09-19,2015-09-07,2015-09-19,AltcoinSteps,1,107,1,26
AMBER,AmberCoin,2015-02-06,2014-08-17,2015-02-06,amber_gold,1,30,1,173
DIBS,Dibbits,2015-06-24,2015-06-16,2015-06-24,DIBBITSdev,1,1,1,8
SXC,Sexcoin,2013-12-08,2013-05-28,2013-12-08,chinsu,1,55,7,194
PRC,ProsperCoin,2014-02-20,2014-01-29,2014-02-20,inmean,1,76,4,22
MEOW,Kittehcoin,2014-01-24,2013-12-24,2014-01-24,lonestar108,1,26,2,71
MYR,Myriadcoin,2014-03-08,2014-02-23,2014-03-08,8bitcoder,1,37,1,13
SPT,Spots,2013-07-25,2013-07-21,2013-07-25,iGotSpots,1,714,34,85
CENT,Pennies,2014-08-25,2013-08-06,2014-08-25,auctioneeeeer,1,103,5,482
AEON,Aeon,2015-08-04,2014-06-06,2015-08-04,aeon,1,65,1,424
PRT,Particle,2014-01-22,2013-12-31,2014-01-22,moonmoon,1,44,6,22
TAG,TagCoin,2013-11-05,2013-10-24,2013-11-05,tagbond,1,106,6,37
YAC,Yacoin,2013-06-09,2013-05-15,2013-06-09,WindMaster,1,158,1,31
LYC,Lycancoin,2014-04-11,2014-02-08,2014-04-11,vampirecoin,1,35,3,62
SPC,SpikesPrivateCoin,2015-08-04,2013-05-15,2015-08-04,Supercoin,1,8,1,811
TAK,TakCoin,2014-02-27,2014-02-07,2014-02-27,TakeiCoin,1,165,13,20
NXT,Nxt,2013-12-04,2013-09-28,2013-12-04,BCNext,1,230,10,67
CHC,ChainCoin,2015-07-16,2014-01-19,2015-07-16,Rolihlahla,1,44,1,571
OFF,Cthulhu Offerings,2015-07-25,2013-09-14,2015-07-25,Blazr2,1,182,6,723
BQC,BBQCoin,2013-05-08,2013-10-08,2013-05-08,aa,1,44,0,32
XPM,Primecoin,2013-07-11,2013-07-07,2013-07-11,Sunny King,1,642,27,335
SONG,SongCoin,2015-03-22,2014-09-30,2015-03-22,dynoman,1,148,1,180
SHADE,ShadeCoin,2014-09-06,2014-09-04,2014-09-06,iShade,1,18,1,2
IXC,Ixcoin,2013-05-08,2011-08-10,2013-05-08,Nasakioto,1,99,13,637
MTLMC3,Metal Music Coin,2015-07-02,2015-02-23,2015-07-02,metalmusiccoin,1,221,2,272
NOBL,NobleCoin,2014-02-08,2014-01-07,2014-02-08,Rofo,1,238,7,48
PIGGY,Piggycoin,2014-06-15,2014-05-31,2014-06-15,piggycoin,1,320,4,110
MRC,microCoin,2014-03-03,2014-01-03,2014-03-03,MCR,1,107,6,59
DARK,DarkCoin,2014-12-06,2015-03-25,2014-12-06,darkcoindev,1,0,0,-109
ROS,RosCoin,2014-09-30,2014-09-04,2014-09-30,godivacoin,1,77,3,26
PHO,Photon,2014-05-23,2014-02-21,2014-05-23,photon_coin,1,6,1,91
DBL,Doubloons,2013-07-04,2013-05-15,2013-07-04,shakezula,1,588,25,74
BURST,Burst,2014-08-30,2014-08-10,2014-08-30,burstcoin,1,61,1,20
ZEIT,Zeitcoin,2014-03-20,2014-02-26,2014-03-20,ZEITCOIN,1,182,2,34
MAX,MaxCoin,2014-02-12,2014-01-29,2014-02-12,maxcoinproject,1,2,1,14
SYS,SysCoin,2014-08-20,2014-04-27,2014-08-20,danosphere,1,341,20,232
PAC,Paccoin,2015-11-02,2013-11-12,2015-11-02,wmcorless,1,77,4,856
PHS,Philosopher Stones,2013-12-17,2013-07-28,2013-12-17,johntawaki,1,49,3,146
APC,Applecoin,2014-02-09,2013-11-18,2014-02-09,KunningLinguist,1,82,9,99
PYC,Paycoin,2014-12-06,2013-08-06,2014-12-06,deppJ,1,24,2,556
HAM,HamRadioCoin,2014-10-26,2014-07-03,2014-10-26,hamhrc,1,43,1,115
EMD,Emerald Crypto,2013-08-04,2013-06-16,2013-08-04,picasso,1,74,3,50
XLM,Stellar,2014-08-05,2014-07-31,2014-08-05,HostFat,1,307,15,1521
DMD,Diamond,2013-12-19,2013-07-13,2013-12-19,JohnLuc,1,50,1,165
GUE,Guerillacoin,2014-06-23,2014-06-17,2014-06-23,guerillacoin,1,21,1,6
DTC,Datacoin,2013-12-07,2013-11-05,2013-12-07,oocook5u,1,27,1,32
SMBR,Sembro Token,2014-10-20,2014-10-11,2014-10-20,Sembro Development,1,29,2,46
FLT,FlutterCoin,2014-03-20,2014-03-10,2014-03-20,thekidcoin,1,385,17,314
MWC,MultiWalletCoin,2014-08-09,2014-08-23,2014-08-09,sovie,1,175,1,91
CRC,CraftCoin,2013-07-07,2013-07-05,2013-07-07,Blindfolded,1,66,3,347
FLO,FlorinCoin,2013-11-27,2013-06-17,2013-11-27,skyangel,1,242,5,216
IFC,Infinitecoin,2013-07-10,2013-06-05,2013-07-10,fisheater,1,387,12,63
BET,BetaCoin,2013-12-14,2013-10-30,2013-12-14,betacoindev,1,84,4,45
CC,CyberCoin,2015-04-03,2015-03-29,2015-04-03,CyberCoinDev,1,31,1,5
TTY,Trinity,2015-01-18,2014-07-15,2015-01-18,TrinityCoin,1,65,1,187
HUC,HunterCoin,2014-02-14,2013-09-24,2014-02-14,snailbrain,1,351,15,953
XDN,DigitalNote,2014-06-24,2014-09-19,2014-06-24,dNote,1,24,1,25
AMC,AmericanCoin,2013-06-09,2015-01-23,2013-06-09,danny asia,1,0,0,-526
LTCD,LitecoinDark,2014-09-11,2014-08-28,2014-09-11,Litecoindark,1,39,1,14
BUN,BunnyCoin,2014-09-11,2014-04-29,2014-09-11,shibebunny,1,104,11,219
NLG,Gulden,2014-04-08,2014-04-02,2014-04-08,guldencoin,1,30,1,6
MNC,Mincoin,2013-05-03,2013-04-03,2013-05-03,SuperTramp,1,182,3,622
GEO,GeoCoin,2015-02-21,2013-08-18,2015-02-21,MaGNeT,1,2455,51,1341
LIMX,LimeCoinX,2014-06-08,2014-06-03,2014-06-08,IParn,1,234,3,65
FLAP,FlappyCoin,2014-02-22,2014-02-14,2014-02-22,flappycoin,1,42,3,8
SOLE,Solecoin,2014-08-21,2014-08-08,2014-08-21,solecoin,1,50,1,13
CSC,CasinoCoin,2013-07-25,2013-07-18,2013-07-25,transcoder,1,46,4,14
VGC,VegasCoin,2014-05-06,2014-02-15,2014-05-06,Byates,1,11,1,80
GRE,Greencoin,2014-06-23,2014-06-05,2014-06-23,Mesterlovesz74,1,159,2,153
GRC,GridCoin,2015-02-28,2013-10-29,2015-02-28,prophetx,1,347,7,661
BLK,BlackCoin,2014-02-28,2014-02-16,2014-02-28,rat4,1,52,1,14
CRACK,CrackCoin,2014-09-19,2014-09-04,2014-09-19,OfficialCrackCoin,1,44,2,15
GRN,GraniteCoin,2014-06-12,2014-05-22,2014-06-12,GraniteCoin,1,47,1,22
CAGE,CageCoin,2014-04-15,2014-01-01,2014-04-15,skyisthelimit,1,62,2,117
XRP,Ripple,2013-08-04,2013-09-26,2013-08-04,Stefan Thomas,1,53,7,903
BLC,Blakecoin,2014-02-12,2013-10-07,2014-02-12,BlueDragon747,1,331,3,176
DP,DigitalPrice,2014-10-04,2014-09-20,2014-10-04,7vpo,1,76,2,232
VOOT,VootCoin,2014-06-12,2014-06-04,2014-06-12,MsCollec,1,1159,5,391
DOGE,Dogecoin,2013-12-15,2013-12-08,2013-12-15,Dogecoin,1,24,2,7
ANI,Animecoin,2014-02-28,2014-02-06,2014-02-28,UnderAuthor,1,1,1,22
MOON,Mooncoin,2014-01-06,2013-12-28,2014-01-06,deaconboogie,1,30,1,9
BTE,Bytecoin,2013-05-10,2013-04-07,2013-05-10,Number6,1,164,5,35
BTG,Bitgem,2013-07-04,2013-05-16,2013-07-04,mineral,1,108,2,49
NVC,Novacoin,2013-04-28,2013-02-11,2013-04-28,xorxor,1,257,6,117
EMC2,Einsteinium,2014-04-09,2014-03-01,2014-04-09,einsteinium,1,71,4,39
GB,GreenBacks,2014-08-23,2014-08-15,2014-08-23,GreenBacksTeam,1,150,2,32
HTML5,HTMLCOIN,2014-09-19,2014-09-28,2014-09-19,HTMLCOIN,1,188,0,155
VNL,Vanillacoin,2015-03-06,2015-03-05,2015-03-06,traumschiff,1,721,6,458
DSH,Dashcoin,2014-10-07,2014-07-05,2014-10-07,slb,1,122,2,135
FJC,FujiCoin,2015-06-14,2014-06-08,2015-06-14,motty,1,233,1,371
ISR,Isracoin,2014-04-08,2014-03-24,2014-04-08,IsraelCoin,1,34,3,15
GLC,GlobalCoin,2013-08-04,2013-06-26,2013-08-04,SistaFista,1,187,7,67
GLD,GoldCoin,2013-06-14,2013-07-27,2013-06-14,MicroGuy,1,83,5,57
NEC,Neocoin,2014-03-26,2013-10-18,2014-03-26,Neo8,1,87,15,244
MUE,MonetaryUnit,2014-11-01,2014-09-11,2014-11-01,Mue,1,99,2,51
XNC,XenCoin,2013-07-25,2013-06-19,2013-07-25,XenCoin,1,62,3,64
CURE,CureCoin,2014-05-26,2013-05-07,2014-05-26,cygnusxi,1,259,23,408
FST,Fastcoin,2013-07-04,2013-05-29,2013-07-04,fast-coin,1,48,3,36
BEN,Benjamins,2014-02-27,2014-02-02,2014-02-27,AllAboutTheBenjaminsBaby,1,422,10,25
NET,NetCoin,2013-12-17,2013-05-10,2013-12-17,NetCoin,1,2,1,221
SMC,SmartCoin,2014-02-06,2014-01-06,2014-02-06,smartcoin,1,82,2,31
COL,Colossuscoin,2013-12-01,2013-08-23,2013-12-01,scificoin,1,88,4,100
RED,RedCoin,2014-01-24,2013-06-30,2014-01-24,Redcoin,1,301,55,208
LOG,Woodcoin,2015-03-22,2014-10-22,2015-03-22,funkenstein,1,176,6,151
DGC,Digitalcoin,2013-06-09,2014-09-17,2013-06-09,kenel,1,0,0,-97
TEK,TEKcoin,2014-05-20,2013-09-07,2014-05-20,thundertoe,1,289,37,1078
CGA,Cryptographic Anomaly,2014-02-21,2014-09-06,2014-02-21,CGAnomaly,1,0,0,-197
BITB,BitBean,2015-02-18,2013-05-03,2015-02-18,TruCoin,1,919,46,656
NBT,NuBits,2014-09-23,2014-09-20,2014-09-23,ronnyb,1,12,6,54
ASC,AsicCoin,2013-12-31,2013-09-11,2013-12-31,asicuser,1,26,2,112
FUNK,The Cypherfunks,2015-06-18,2014-02-16,2015-06-18,simondlr,1,348,1,723
FSC2,FriendshipCoin 2,2015-01-25,2015-01-07,2015-01-25,kaptainkrayola,1,191,13,409
NBL,Nibble,2013-06-14,2013-05-18,2013-06-14,hyoshi,1,101,9,27
QTL,Quatloo,2014-07-12,2014-06-17,2014-07-12,MarKusRomanus,1,396,10,457
FCN,Fantomcoin,2014-06-08,2014-05-07,2014-06-08,amphibian,1,118,6,43
FRC,Freicoin,2013-05-03,2012-06-25,2013-05-03,maaku,1,188,7,595
SRC,SecureCoin,2013-09-28,2013-08-09,2013-09-28,baritus,1,590,38,139
VTC,Vertcoin,2014-01-20,2014-01-08,2014-01-20,Vertcoin,1,132,5,12
CORG,CorgiCoin,2014-02-21,2014-02-02,2014-02-21,corgicoin,1,50,1,19
DIME,Dimecoin,2014-01-06,2013-12-23,2014-01-06,dimecoin,1,155,20,14
FRK,Franko,2013-06-09,2013-05-11,2013-06-09,defaced,1,230,7,829
ELC,Elacoin,2013-06-09,2013-05-13,2013-06-09,Milkshake,1,108,6,110
XMG,Magi,2014-09-24,2014-08-12,2014-09-24,joelao95,1,245,3,261
GME,GameCoin,2013-08-25,2013-05-12,2013-08-25,gamecoin,1,23,1,105
SYNC,Sync,2014-05-21,2014-05-13,2014-05-21,MsCollec,1,1046,4,369
LTC,Litecoin,2013-04-28,2011-10-09,2013-04-28,coblee,1,753,25,671
RDD,ReddCoin,2014-02-09,2014-01-20,2014-02-09,ReddCoin,1,63,3,20
AUR,Auroracoin,2014-02-27,2014-02-02,2014-02-27,balduro,1,31,1,25
ZED,Zedcoin,2014-03-06,2014-01-25,2014-03-06,Kilo88,1,54,5,40
CARB,Carboncoin,2014-08-02,2014-03-22,2014-08-02,axismundi,1,246,3,158
ELP,ElephantCoin,2014-08-26,2013-07-15,2014-08-26,thisnewcoin,1,596,10,468
MINT,Mintcoin,2014-02-19,2014-02-05,2014-02-19,mintcointeam,1,33,1,14
BBR,Boolberry,2014-06-24,2014-04-20,2014-06-24,crypto_zoidberg,1,214,6,208
CLR,Copperlark,2013-11-03,2013-06-06,2013-11-03,herveyc7helker,1,11,1,150
UNO,Unobtanium,2013-12-21,2013-10-17,2013-12-21,Blazr2,1,60,5,142
MEC,Megacoin,2013-07-07,2013-05-29,2013-07-07,kimoto,1,73,3,39
ALF,AlphaCoin,2013-07-07,2013-06-10,2013-07-07,alphacoin,1,43,1,27
CDN,Canada eCoin,2014-05-11,2014-03-28,2014-05-11,5RedneX,1,14,2,47
SBC,StableCoin,2013-07-07,2013-06-07,2013-07-07,artos,1,59,4,30
NMB,Nimbus,2014-09-05,2014-05-23,2014-09-05,sr.machado,1,368,8,214
ZET,Zetacoin,2013-09-10,2013-08-03,2013-09-10,Giskard,1,107,5,118
SC,Siacoin,2015-08-26,2015-05-14,2015-08-26,Taek,1,257,6,482
XXX,XxXcoin,2014-07-03,2014-06-25,2014-07-03,XXX_Coindev,1,2,1,8
MMC,Memorycoin,2013-12-24,2013-08-03,2013-12-24,FreeTrade,1,663,36,815
I0C,I0Coin,2013-11-27,2011-08-11,2013-11-27,BitcoinBug,1,91,2,863
BAT,BatCoin,2014-03-03,2014-01-06,2014-03-03,.Batman.,1,219,11,56
SKC,Skeincoin,2014-03-15,2013-11-01,2014-03-15,Red Kendra,1,34,1,134
CORE,CORE,2015-06-18,2015-02-20,2015-06-18,HouseOP,1,26,1,118
TOP,TopCoin,2014-02-17,2014-09-01,2014-02-17,topdude,1,44,5,15
LKY,Luckycoin,2013-06-14,2013-05-24,2013-06-14,LuckyC,1,6,2,21
CAT,Catcoin,2013-12-28,2014-01-31,2013-12-28,Maverickthenoob,1,0,0,-9
LOT,LottoCoin,2013-12-28,2013-12-12,2013-12-28,mrlotto,1,23,5,16
DUCK,DuckDuckCoin,2014-02-22,2014-02-04,2014-02-22,mainduck,1,42,1,18
FRAC,Fractalcoin,2014-06-15,2014-06-12,2014-06-15,Fractalcoin,1,1,1,3
QCN,QuazarCoin,2014-05-26,2014-05-19,2014-05-26,OracionSeis,1,232,10,365
CCN,Cannacoin,2014-04-25,2014-02-22,2014-04-25,Cannacoin,1,75,3,62
KARM,Karmacoin,2014-02-08,2014-02-03,2014-02-08,Karmagood,1,19,1,5
PPC,Peercoin,2013-04-28,2012-08-10,2013-04-28,Sunny King,1,517,16,261
XCR,Crypti,2014-08-07,2014-06-16,2014-08-07,crypti,1,101,4,66
TX,TransferCoin,2015-08-20,2015-08-11,2015-08-20,Transfer dev,1,41,1,9
BTCD,BitcoinDark,2014-07-16,2014-07-09,2014-07-16,Azeh,1,91,3,135
QRK,Quark,2013-08-25,2013-07-21,2013-08-25,quarkcoin,1,27,2,37
42,42 Coin,2014-01-14,2014-01-01,2014-01-14,hendo420,1,684,58,260
SOL,Solcoin,2014-09-07,2014-01-07,2014-09-07,Solcoin Project,1,95,2,243
GMC,GameCredits,2014-09-01,2015-04-03,2014-09-01,GMC Foundation,1,0,0,-214
TGC,Tigercoin,2013-12-21,2013-09-06,2013-12-21,mintedstone,1,52,1,111
GAM,Gambit,2015-05-22,2015-05-05,2015-05-22,raithe,1,39,2,487
XMR,Monero,2014-05-20,2014-04-25,2014-05-20,monero,1,8,3,27
VDO,Vidio,2014-10-20,2014-09-12,2014-10-20,VidioShare,1,117,1,41
XPB,Pebblecoin,2015-03-31,2015-01-01,2015-03-31,XPB,1,74,1,89
PXC,Phoenixcoin,2013-07-04,2013-11-11,2013-07-04,ghostlander,1,19,0,73
TIPS,FedoraCoin,2013-12-31,2013-12-30,2013-12-31,invisibel,1,28,1,9
NODE,Node,2014-09-13,2014-04-30,2014-09-13,koop4u,1,183,9,193
ABC,Asset Backed Coin,2015-05-24,2015-05-20,2015-05-24,ybcoin,1,32,5,666
RBY,Rubycoin,2014-03-20,2014-02-11,2014-03-20,rby,1,7,1,42
METAL,MetalCoin,2015-01-28,2014-12-08,2015-01-28,xPooky,1,241,1,137
NEOS,NeosCoin,2014-08-25,2014-08-18,2014-08-25,twoturtles,1,172,3,208
U,UCoin,2014-11-16,2014-11-12,2014-11-16,UCoinTeam,1,37,2,13
CNC,CHNCoin,2013-05-08,2013-05-01,2013-05-08,CHNCoin,1,1,1,7
STR,StarCoin,2014-02-02,2013-07-19,2014-02-02,nzdude,1,79,12,238
CZC,CzechCrownCoin,2014-10-20,2014-05-05,2014-10-20,czechcoin,1,12,2,170
EXCL,ExclusiveCoin,2014-09-30,2014-09-06,2014-09-30,kingscrown,1,688,29,259
MRS,Marscoin,2014-02-24,2014-01-15,2014-02-24,Btcdealer5011,1,8,1,40
CACH,CacheCoin,2014-02-15,2014-01-05,2014-02-15,kalgecin,1,296,6,282
ZCC,ZcCoin,2014-08-05,2013-08-05,2014-08-05,zccoin,1,69,2,365
NRB,Noirbits,2013-07-04,2013-08-08,2013-07-04,stbgefltc,1,78,2,50
EXE,Execoin,2014-03-10,2014-02-27,2014-03-10,execoin,1,60,1,11
ACOIN,Acoin,2014-09-13,2014-08-29,2014-09-13,A-Coin,1,72,1,15
NOTE,DNotes,2014-03-08,2014-02-16,2014-03-08,DNotes,1,99,3,20
QB,Quarkbar,2014-05-26,2014-02-26,2014-05-26,QuarkBar,1,26,1,89
PURE,PurePOS,2015-08-23,2015-08-22,2015-08-23,PurePOS,1,1,1,1
ARG,Argentum,2013-07-04,2013-06-11,2013-07-04,AlphaC,1,96,5,23
TRUST,TrustPlus,2014-07-10,2014-06-21,2014-07-10,mitchellmint,1,354,3,136
EZC,EZCoin,2013-07-04,2013-05-30,2013-07-04,ezcoin,1,64,3,36
SKYNET,SkyNET,2014-12-13,2014-08-29,2014-12-13,SkynetDev,1,36,1,107
GAIA,GAIA,2014-10-11,2013-12-27,2014-10-11,JonnyBravo,1,95,9,508
MONA,MonaCoin,2014-03-20,2013-12-30,2014-03-20,2chpool,1,2,1,80
OPAL,Opal,2014-09-13,2014-09-11,2014-09-13,OpalTeam,1,15,3,12
DRKC,DarkCash,2014-07-29,2014-07-25,2014-07-29,zlibz,1,47,2,7
SPA,SpainCoin,2014-03-15,2014-03-04,2014-03-15,SpainCoinDev,1,54,1,11
HEEL,HeelCoin,2015-10-27,2015-07-10,2015-10-27,heelcoin,1,31,2,109
GP,GoldPieces,2015-01-16,2015-05-07,2015-01-16,HYPERfuture,1,503,12,236
HZT,HazMatCoin,2015-04-17,2015-04-10,2015-04-17,HazMatCoin-Dev,1,42,3,8
XPY,PayCoin,2014-12-16,2014-12-15,2014-12-16,manfred87,1,17,5,356
FIMK,FIMKrypto,2014-07-12,2014-05-31,2014-07-12,Eliphaz Fimk,1,81,2,42
FFC,FireFlyCoin,2014-10-26,2013-12-30,2014-10-26,Investment,1,51,1,315
GUA,Guarany,2014-11-23,2014-12-20,2014-11-23,guaranycrypto,1,0,0,-27
GUN,Guncoin,2014-05-11,2014-03-03,2014-05-11,guncoin_support,1,96,1,69
YBC,YbCoin,2014-01-16,2013-07-03,2014-01-16,mikaelh,1,142,4,213
TTC,TittieCoin,2014-11-08,2014-01-29,2014-11-08,vertoe,1,208,11,284
GRT,Grantcoin,2015-07-27,2015-05-03,2015-07-27,The Grantcoin Foundation,1,49,1,85
GRS,GroestlCoin,2014-04-11,2014-03-22,2014-04-11,gruve_p,1,9,1,20
1337,1337,2015-11-09,2014-01-10,2015-11-09,.Batman.,1,221,12,672
GRF,Graffiti,2015-08-17,2015-07-24,2015-08-17,Graffiti,1,95,2,24
FTC,Feathercoin,2013-05-03,2013-04-21,2013-05-03,thep33t,1,142,1,16
ZS,ZimStake,2014-05-02,2014-04-25,2014-05-02,CryptoGir,1,23,1,49
HYPER,Hyper,2014-05-31,2013-05-30,2014-05-31,shakezula,1,1099,25,405
MI,Xiaomicoin,2015-09-04,2015-05-25,2015-09-04,she9888,1,178,2,515
DON,Donationcoin,2014-06-15,2014-04-21,2014-06-15,Donationcoin,1,230,11,56
BLITZ,Blitz,2014-11-16,2014-04-26,2014-11-16,slavo,1,503,23,449
CLAM,Clams,2014-08-25,2014-05-24,2014-08-25,SuperClam,1,196,1,93
BSC,BowsCoin,2015-07-13,2015-04-27,2015-07-13,Bowscoin_dev,1,58,1,77
FC2,FuelCoin,2014-06-12,2014-04-30,2014-06-12,FuelCoinTeam,1,26,1,43
UNITY,SuperNET,2014-10-01,2014-08-30,2014-10-01,jl777,1,565,7,282
XTC,TileCoin,2014-10-25,2014-08-29,2014-10-25,ASIC-8Tile,1,102,1,367
ALN,Aliencoin,2014-03-15,2014-01-09,2014-03-15,Aliencoin,1,84,6,65
QUIT,QuitDough,2015-03-22,2015-04-09,2015-03-22,QuitDough,1,221,1,71
ORB,Orbitcoin,2013-12-21,2014-03-06,2013-12-21,mill0601,1,668,92,248
GLYPH,Glyph,2014-06-17,2014-06-08,2014-06-17,GLYPH,1,7,1,9
FUTC,FutCoin,2015-07-21,2015-02-19,2015-07-21,FUTCOIN,1,3,1,152
TOR,TorCoin,2014-07-12,2014-07-04,2014-07-12,torcoin,1,21,1,8
CAP,Bottlecaps,2013-07-04,2013-12-28,2013-07-04,binaryclock,1,0,0,-164
MOTO,Motocoin,2014-06-03,2014-05-01,2014-06-03,WilliamLie2,1,84,2,33
OS76,OsmiumCoin,2015-10-19,2015-10-06,2015-10-19,OSMIUMCOIN,1,53,1,13
ERC,EuropeCoin,2015-06-18,2014-05-03,2015-06-18,EuropeCoin,1,275,5,411
CELL,SolarFarm,2015-01-25,2015-01-08,2015-01-25,koko2530,1,53,1,205
VPN,VPNCoin,2014-11-23,2014-07-22,2014-11-23,vpncoin,1,302,7,124
DCYP,DarkCypher,2015-10-24,2015-10-06,2015-10-24,Atomictie,1,42,1,20
STV,Sativacoin,2014-10-20,2014-09-21,2014-10-20,sativacoin,1,38,1,29
ZRC,ZiftrCOIN,2015-03-03,2015-03-18,2015-03-03,gnargnar,1,105,0,302
RZR,Razor,2014-06-21,2014-06-08,2014-06-21,RazorTech,1,39,1,13
LEAF,LeafCoin,2014-02-02,2014-01-24,2014-02-02,mcg,1,118,7,37
BTC,Bitcoin,2013-04-28,2012-03-14,2013-04-28,joshbb,1,25,6,415
BAY,BitBay,2014-11-16,2014-10-30,2014-11-16,BitBay Team,1,107,2,17
LSD,Lightspeed,2014-09-13,2014-09-04,2014-09-13,lightspeedLS,1,45,1,9
RNC,ReturnCoin,2015-12-15,2015-12-04,2015-12-15,ReturnCoin,1,8,1,11
TROLL,Trollcoin,2014-09-30,2014-02-07,2014-09-30,TrollCoins,1,100,2,235
AMP,Synereo,2015-12-04,2015-03-19,2015-12-04,Elokane,1,218,5,1632
CHIPS,SmartChips,2015-05-06,2015-10-07,2015-05-06,Cyrus,1,384,290,836
CRYPT,CryptCoin,2014-05-26,2014-05-20,2014-05-26,ccryptcoin,1,21,1,6
NYC,NewYorkCoin,2014-05-06,2014-03-18,2014-05-06,scryptenthusiast,1,98,7,49
PRIME,PrimeChain,2015-09-14,2015-08-11,2015-09-14,iGotSpots,1,4366,103,866
BYC,Bytecent,2014-11-23,2014-12-08,2014-11-23,Yanakitu Tenatako,1,42,0,320
CME,Cashme,2015-11-23,2015-08-29,2015-11-23,stewpak,1,10,1,86
SPR,SpreadCoin,2014-10-26,2014-11-10,2014-10-26,Riseman,1,25,0,312
EKN,Elektron,2015-04-11,2015-04-10,2015-04-11,ElektronFoundation,1,18,1,1
REP,Augur,2015-10-27,2015-11-02,2015-10-27,Komonec,1,0,0,-6
CTM,ContinuumCoin,2014-02-27,2014-02-05,2014-02-27,corsaro,1,21,2,151
CTO,Crypto,2015-05-18,2014-11-21,2015-05-18,CryptoNext,1,5,2,178
FCT,Factom,2015-10-05,2015-09-08,2015-10-05,richwang01,1,22,2,245
BST,BitStone,2015-11-30,2015-06-12,2015-11-30,BitStoneDev,1,94,3,171
DROP,Faucetcoin,2015-11-02,2015-11-14,2015-11-02,Lahvacekmoney,1,6,1,66
AUM,Alexium,2015-08-20,2015-01-23,2015-08-20,mprep,1,575,375,1284
RIPO,RipoffCoin,2014-08-23,2014-08-01,2014-08-23,RipoffCoinDevTeam,1,47,1,22
HUGE,BigCoin,2015-04-24,2015-01-25,2015-04-24,hardforkcoin,1,417,23,266
JINN,Jinn,2014-10-03,2015-12-02,2014-10-03,DecentralizeEconomics,1,0,0,-85
PND,Pandacoin,2014-02-27,2014-02-14,2014-02-27,slaithe,1,42,1,331
MGW,MGW,2014-08-22,2014-03-05,2014-08-22,jl777,1,233,5,242
SSD,Sonic,2014-08-12,2014-08-24,2014-08-12,argakiig,1,186,7,233
X2,X2,2015-12-15,2013-05-13,2015-12-15,nookiegirl,1,40,2,976
BITCNY,bitCNY,2014-09-23,2014-08-25,2014-09-23,instacash,1,939,16,298
ANTI,AntiBitcoin,2015-12-15,2015-11-24,2015-12-15,anonymousx,1,90,4,48
ORO,ORObit,2014-02-27,2014-02-26,2014-02-27,deeppurple72,1,317,55,242
OBITS,Obits,2015-11-30,2015-11-14,2015-11-30,tolvik1772,1,2,1,16
AGS,Aegis,2014-08-25,2014-07-06,2014-08-25,aegisproject,1,36,1,50
DRKT,DarkTron,2015-06-10,2015-06-07,2015-06-10,DarkTron Team,1,10,1,3
LAB,Coinworkscoin,2014-10-25,2014-12-25,2014-10-25,DUMPcoin,1,0,0,-61
MAD,SatoshiMadness,2015-09-01,2015-08-16,2015-09-01,WhoIsNotMad,1,24,1,16
EVO,Evotion,2015-12-09,2015-11-24,2015-12-09,Evo Shi Un,1,1,1,15
007,007Coin,2015-04-23,2015-04-21,2015-04-23,007coin,1,7,1,2
HUN,Hundredcoin,2015-06-19,2014-09-29,2015-06-19,shagger,1,35,1,285
BLU,BlueCoin,2014-04-28,2014-04-22,2014-04-28,BlueCoiner,1,36,1,6
DSB,DarkShibe,2014-10-25,2014-10-23,2014-10-25,DarkShibe,1,6,1,2
NOC,Nocturna,2015-07-27,2015-07-12,2015-07-27,NocturaDev,1,13,1,15
NXTPRIVACY,NXTprivacy,2014-10-04,2014-08-30,2014-10-04,jl777,1,566,7,285
DOT,Dotcoin,2015-02-15,2014-03-31,2015-02-15,KimDotCoin,1,40,1,321
SOIL,SOILcoin,2015-11-12,2015-09-10,2015-11-12,soil,1,74,1,63
LTS,LiteStarCoin,2015-10-23,2015-02-17,2015-10-23,litestar,1,12,1,248
DFT,DraftCoin,2015-11-23,2014-10-26,2015-11-23,simonsez,1,48,2,393
VEC,Vector,2015-09-04,2015-08-29,2015-09-04,VectorDev,1,39,1,6
NTR,Neutrino,2014-06-12,2014-06-19,2014-06-12,NTRscam,1,0,0,-7
BITEUR,bitEUR,2015-06-08,2015-05-03,2015-06-08,d5000,1,167,5,810
BANX,BanxShares,2014-09-30,2014-10-06,2014-09-30,MarkLyford,1,19,4,505
ABY,ArtByte,2014-06-12,2014-03-06,2014-06-12,First.Bitcoins,1,181,39,124
MMBTCD,MMBTCD,2015-07-07,2015-09-03,2015-07-07,sasha35625,1,39,3,239
BITBTC,bitBTC,2014-09-23,2015-03-10,2014-09-23,Newmine,1,103,2,269
PRIVATEBET,Privatebet,2014-10-04,2014-08-30,2014-10-04,jl777,1,566,7,285
OPENBTC,OpenBTC,2015-11-30,2015-11-03,2015-11-30,CCEDKaps,1,40,12,127
FCX,Fantom,2015-11-23,2015-10-24,2015-11-23,DuckYeah!,1,183,6,30
AX,AmeroX,2015-12-01,2015-10-29,2015-12-01,AmeroX,1,25,1,33
XBC,Bitcoin Plus,2014-05-03,2014-03-30,2014-05-03,XBCplus,1,71,6,34
BTCS,Bitcoin Scrypt,2014-03-17,2014-03-17,2014-03-17,kosmost,1,0,0,0
FLAX,Flaxscript,2015-07-25,2015-06-25,2015-07-25,ocminer,1,7879,78,997
CBX,Crypto Bullion,2013-08-04,2011-09-03,2013-08-04,tylerR,1,6,1,723
XFC,Forevercoin,2015-06-24,2014-06-22,2015-06-24,finerpay,1,78,1,367
XPD,PetroDollar,2014-04-15,2014-02-18,2014-04-15,coinweaver,1,34,3,60
020,020LondonCoin,2015-09-15,2015-06-27,2015-09-15,020LondonCoin,1,64,1,85
DICE,NeoDICE,2014-11-08,2012-09-26,2014-11-08,SRoulette,1,297,39,804
CB,CryptoByte,2015-10-24,2014-08-18,2015-10-24,Vertaisvaluutta,1,25,1,432
FIC,Full Integrity Coin,2015-07-09,2014-10-28,2015-07-09,fullintegrity,1,43,4,392
GBC,GBCGoldCoin,2015-12-05,2014-06-17,2015-12-05,Soul_eater_123,1,697,9,637
BCENT,BitCent,2015-02-06,2011-02-18,2015-02-06,Kolbas,1,84,4,1449
USDT,Tether,2015-02-25,2015-06-15,2015-02-25,Hollingsworth,1,1,0,148
