coin,earliest_trade_date,network_date,user1,user1_num_mentions,user1_num_posts,user1_num_subjects,user1_days_since_first_post,user1_degree_total,user1_degree_incoming,user1_degree_outgoing,user1_clustering_coefficient,user1_closeness_centrality_unweighted,user1_closeness_centrality_weighted,user1_closeness_centrality_incoming_unweighted,user1_closeness_centrality_outgoing_unweighted,user1_closeness_centrality_incoming_weighted,user1_closeness_centrality_outgoing_weighted,user1_satoshi_distance,user1_satoshi_pagerank_weighted,user1_pagerank_weighted
CPN,2015-07-16,2014-05-07,compucoin,1,91,7,1,0,0,0,0.0,1.903855e-05,1.903855e-05,1.903855e-05,1.903855e-05,1.903855e-05,1.903855e-05,inf,1.00783e-06,4.249363e-06
XBS,2015-01-13,2015-01-12,Bitstake,1,8,1,1,46,46,0,0.03574879,0.001181787,0.001182728,9.463932e-05,1.417816e-05,9.464505e-05,1.417816e-05,4,4.551779e-06,1.696346e-05
TRICK,2015-03-31,2015-03-28,TrickyCoin,1,20,1,1,17,17,0,0.1397059,0.001132129,0.001133086,9.076571e-05,1.374344e-05,9.077168e-05,1.374344e-05,3,4.000735e-06,8.996691e-06
YUM,2014-11-16,2014-04-09,candycoin,1,15,1,1,6,6,0,0.0,0.001714223,0.001716978,0.0001706386,2.056682e-05,0.0001706609,2.056682e-05,3,3.664831e-06,1.015748e-05
SKYNET,2014-12-13,2014-08-30,SkynetDev,1,36,1,2,10,9,1,0.0,0.001370475,0.001371574,0.0001080003,1.560501e-05,0.000108011,1.560501e-05,5,1.605617e-06,6.688031e-06
GAIA,2014-10-11,2013-12-28,JonnyBravo,1,95,9,221,47,39,8,0.07678076,0.004220687,0.004233571,0.0004351212,5.628831e-05,0.0004352441,5.62891e-05,4,6.330286e-05,0.0001836771
MONA,2014-03-20,2013-12-31,2chpool,1,2,1,1,2,2,0,0.0,3.882892e-05,3.882892e-05,3.882892e-05,3.88259e-05,3.882892e-05,3.88259e-05,inf,4.89689e-06,2.049696e-05
OPAL,2014-09-13,2014-09-12,OpalTeam,1,15,3,11,23,22,1,0.03162055,0.00134003,0.001341588,0.0001061967,2.021029e-05,0.0001062061,2.021038e-05,4,3.002888e-06,1.10845e-05
BLITZ,2014-11-16,2014-04-27,slavo,1,498,23,246,249,163,86,0.05635479,0.00165639,0.001659042,0.0001550147,2.609026e-05,0.0001550326,2.609041e-05,4,8.586724e-05,0.0002862324
TAG,2013-11-05,2013-10-28,MaGNeT,1,1952,44,860,915,519,396,0.05714834,0.008752832,0.008830941,0.0007070032,8.743223e-05,0.0007074946,8.743451e-05,2,0.001252222,0.001761554
DRKC,2014-07-29,2014-07-26,zlibz,1,47,2,4,106,101,5,0.02156334,0.001447131,0.001449431,0.0001121803,2.143861e-05,0.0001121894,2.14387e-05,4,1.480198e-05,5.098102e-05
SPA,2014-03-15,2014-03-05,SpainCoinDev,1,54,1,1,9,9,0,0.02777778,0.002018834,0.002022473,0.0002179848,2.323312e-05,0.000218024,2.323312e-05,3,7.43865e-06,2.373687e-05
TAK,2014-02-27,2014-02-08,TakeiCoin,1,165,13,1,14,14,0,0.02197802,0.002657683,0.002664205,0.0002801511,2.65915e-05,0.0002802046,2.65915e-05,4,5.029273e-06,1.902258e-05
XPH,2015-06-08,2015-06-07,Pharma,1,6,1,1,21,21,0,0.07142857,0.001092523,0.001093559,8.568596e-05,1.338455e-05,8.56912e-05,1.338455e-05,4,1.442339e-06,5.646053e-06
XPM,2013-07-11,2013-06-29,Sunny King,1,846,28,323,405,271,134,0.07048384,0.01131186,0.01145225,0.0008654677,0.0001090569,0.0008662056,0.0001090613,2,0.001084373,0.002146701
GP,2015-01-16,2015-05-08,HYPERfuture,1,512,13,348,282,249,33,0.01436252,0.001111305,0.001112521,8.751275e-05,1.793963e-05,8.751895e-05,1.793968e-05,4,9.581129e-05,0.0003051743
IXC,2013-05-08,2013-12-12,FrictionlessCoin,1,0,0,188,94,57,37,0.1049556,0.005502498,0.005537227,0.0005794144,6.937894e-05,0.0005797576,6.938014e-05,3,7.38165e-05,0.0001948434
NOBL,2014-02-08,2014-01-10,cozie,1,120,12,319,102,92,10,0.06658901,0.003612373,0.003622746,0.0003602363,4.979399e-05,0.000360316,4.979455e-05,3,5.647111e-05,0.0001529065
HZT,2015-04-17,2015-04-11,HazMatCoin-Dev,1,42,3,2,44,44,0,0.05285412,0.001118298,0.001119725,8.986049e-05,1.366848e-05,8.986828e-05,1.366848e-05,4,4.982664e-06,1.8649e-05
XPY,2014-12-16,2014-12-16,manfred87,1,17,5,356,37,34,3,0.01351351,0.001219018,0.001220187,9.695866e-05,1.897509e-05,9.696492e-05,1.897517e-05,4,1.301587e-05,3.97262e-05
CAT,2013-12-28,2013-12-25,nod,1,142,8,18,166,158,8,0.01664841,0.004292111,0.004309808,0.0004698683,5.84974e-05,0.0004700291,5.849801e-05,3,7.643087e-05,0.0002814696
PIGGY,2014-06-15,2014-06-01,piggycoin,1,320,4,96,223,215,8,0.006060606,0.001567526,0.001569884,0.0001308366,2.338767e-05,0.0001308496,2.338777e-05,3,5.661696e-05,0.0001845954
FIMK,2014-07-12,2014-06-01,Eliphaz Fimk,1,81,2,1,3,3,0,0.0,0.00156562,0.001567658,0.0001308301,1.780849e-05,0.0001308408,1.780849e-05,5,1.239904e-06,5.140646e-06
BTCD,2014-07-16,2014-07-10,Azeh,1,91,3,129,23,6,17,0.1264822,0.001474523,0.001477418,0.0001166099,2.193149e-05,0.0001166189,2.193163e-05,4,1.583735e-06,5.764048e-06
MNC,2013-05-03,2013-04-13,vipah,1,6,2,1,5,5,0,0.3,0.02020981,0.02084603,0.001203863,0.0001156203,0.001205443,0.0001156203,4,3.321698e-05,9.12782e-05
MAX,2014-02-12,2014-01-30,maxcoinproject,1,2,1,1,147,147,0,0.01509645,0.003049752,0.003056286,0.0003070312,2.880018e-05,0.0003070883,2.880018e-05,3,0.0001165422,0.0003318815
FFC,2014-10-26,2014-01-16,argakiig,1,271,8,25,11,0,11,0.2181818,0.003814267,0.00382522,3.386043e-05,4.750889e-05,3.386043e-05,4.750934e-05,inf,1.616556e-06,6.747714e-06
GUA,2014-11-23,2014-12-21,guaranycrypto,1,0,0,1,3,3,0,0.3333333,0.001218598,0.001220052,9.643464e-05,1.434741e-05,9.644e-05,1.434741e-05,5,2.464447e-06,8.550606e-06
BEN,2014-02-27,2014-02-03,AllAboutTheBenjaminsBaby,1,415,10,1,26,25,1,0.03384615,0.002914086,0.002921265,0.0002976656,3.771871e-05,0.0002977492,3.771899e-05,4,9.096778e-06,3.389358e-05
GUE,2014-06-23,2014-06-18,guerillacoin,1,21,1,1,6,6,0,0.0,0.00153502,0.001536844,0.0001242423,1.730852e-05,0.0001242505,1.730852e-05,4,1.420926e-06,5.436087e-06
DTC,2013-12-07,2013-12-04,mstfck,1,38,4,11,10,6,4,0.3611111,0.006267815,0.006335975,0.0006208276,7.492404e-05,0.000621407,7.492696e-05,4,1.042668e-05,3.633174e-05
GUN,2014-05-11,2014-03-04,guncoin_support,1,96,1,1,0,0,0,0.0,2.335466e-05,2.335466e-05,2.335466e-05,2.335466e-05,2.335466e-05,2.335466e-05,inf,1.142853e-06,4.910684e-06
YBC,2014-01-16,2013-07-04,mikaelh,1,142,4,17,20,16,4,0.1684211,0.01146983,0.01161472,0.0008684681,0.0001065098,0.0008690897,0.0001065127,4,1.643221e-05,5.366801e-05
BET,2013-12-14,2013-10-31,betacoindev,1,84,4,1,11,11,0,0.03636364,0.009141163,0.009226219,0.0007074489,5.819367e-05,0.000707972,5.819367e-05,4,3.450538e-05,0.0001100885
TTY,2015-01-18,2014-07-16,TrinityCoin,1,65,1,1,57,57,0,0.01378446,0.001455378,0.00145687,0.0001145816,1.656671e-05,0.0001145894,1.656671e-05,4,1.045852e-05,3.487475e-05
HUC,2014-02-14,2013-09-25,snailbrain,1,352,15,811,196,157,39,0.05428493,0.009204118,0.009290523,0.0007311106,9.026421e-05,0.0007314821,9.026647e-05,3,0.0001620102,0.0004122827
TTC,2014-11-08,2014-01-30,vertoe,1,210,12,2,5,1,4,0.0,0.003044616,0.003054321,0.0003051752,3.927932e-05,0.0003052443,3.927974e-05,5,1.475315e-06,6.112676e-06
GRT,2015-07-27,2015-05-04,The Grantcoin Foundation,1,42,1,1,5,5,0,0.0,0.001111278,0.001112155,8.771231e-05,1.353894e-05,8.771723e-05,1.353894e-05,4,5.46733e-06,1.1154e-05
GRS,2014-04-11,2014-03-23,gruve_p,1,24,1,1,31,31,0,0.0172043,0.001801246,0.001803616,0.000186376,2.157637e-05,0.0001863922,2.157637e-05,4,8.564938e-06,3.118297e-05
SOLE,2014-08-21,2014-08-09,solecoin,1,50,1,1,15,15,0,0.02857143,0.001409973,0.00141161,0.000112098,1.603335e-05,0.0001121045,1.603335e-05,4,4.634485e-06,1.801691e-05
FTC,2013-05-03,2013-04-22,thep33t,1,141,1,5,4,1,3,0.6666667,0.01743347,0.01778015,0.0001082603,0.0001705638,0.0001082603,0.0001705762,inf,5.634986e-06,2.318041e-05
GRE,2014-06-23,2014-06-03,ncsupanda,1,104,5,104,14,7,7,0.02197802,0.001559248,0.001561465,0.0001300268,2.329669e-05,0.000130039,2.329679e-05,4,2.099331e-06,8.028088e-06
GRC,2015-02-28,2013-10-30,prophetx,1,351,7,175,30,2,28,0.1126437,0.009105702,0.009179146,0.0007069303,8.714128e-05,0.0007074686,8.714324e-05,4,4.259486e-06,1.522673e-05
BLK,2014-02-28,2014-05-08,Soepkip,1,49,1,1085,130,105,25,0.01249844,0.001642203,0.001644056,0.0001445471,2.508872e-05,0.0001445596,2.508884e-05,3,6.719455e-05,0.0001504201
BLC,2014-02-12,2013-10-08,BlueDragon747,1,332,3,49,26,24,2,0.04615385,0.009243444,0.009318757,0.0007090596,8.910376e-05,0.0007095117,8.910673e-05,4,1.879327e-05,5.929914e-05
ZS,2014-05-02,2014-04-26,CryptoGir,1,23,1,43,36,33,3,0.02857143,0.001657668,0.001660045,0.0001561593,2.615605e-05,0.0001561786,2.615619e-05,4,5.186041e-06,2.100153e-05
HYPER,2014-05-31,2013-05-31,shakezula,1,1101,25,40,275,153,122,0.1295876,0.01272367,0.0129043,0.000889105,0.0001209835,0.0008898568,0.0001209885,3,0.0002852027,0.0007940856
MI,2015-09-04,2015-06-12,xiaomicoin,1,5,1,1,4,4,0,0.0,0.001089816,0.001091093,8.54239e-05,1.336148e-05,8.542855e-05,1.336148e-05,4,1.137944e-06,4.64618e-06
EMC2,2014-04-09,2014-03-02,einsteinium,1,71,4,1,71,71,0,0.02052314,0.002100644,0.002103908,0.0002249608,2.356712e-05,0.0002249965,2.356712e-05,4,2.248343e-05,7.896114e-05
DON,2014-06-15,2014-04-22,Donationcoin,1,230,11,2,16,16,0,0.03333333,0.001663081,0.001665531,0.0001622125,1.993581e-05,0.0001622282,1.993581e-05,4,3.993191e-06,1.453967e-05
SPT,2013-07-25,2013-12-26,binaryclock,1,0,0,11,41,27,14,0.04634146,0.00444312,0.004464486,0.0004554717,5.766469e-05,0.0004556563,5.766552e-05,4,1.349178e-05,5.338227e-05
GLC,2013-08-04,2013-06-29,erundook,1,703,31,51,194,172,22,0.1011334,0.01126109,0.01141475,0.0008651538,0.0001090549,0.0008659027,0.0001090584,3,0.0003253107,0.0009405015
GLD,2013-06-14,2013-05-21,JohnyBigs,1,80,3,7,20,12,8,0.3368421,0.0138586,0.01406877,0.0009265028,0.0001278628,0.0009271225,0.0001278682,4,2.345504e-05,6.537641e-05
SMC,2014-02-06,2014-01-07,smartcoin,1,82,2,1,30,30,0,0.01609195,0.003826638,0.00383863,0.0003861629,3.653635e-05,0.0003862589,3.653635e-05,4,9.26988e-06,3.490748e-05
RED,2014-01-24,2014-01-02,cozie,1,120,12,311,89,83,6,0.06537283,0.00387833,0.003890081,0.0004090031,5.358268e-05,0.0004091072,5.358335e-05,3,5.73267e-05,0.0001561996
CLAM,2014-08-25,2014-05-25,SuperClam,1,196,1,1,32,32,0,0.0,0.001591266,0.001593339,0.0001330642,1.807534e-05,0.0001330733,1.807534e-05,5,4.276707e-06,1.744137e-05
FCN,2014-06-08,2014-04-27,amphibian,1,118,6,1,2,1,1,0.0,0.00165303,0.001656723,1.964058e-05,2.609061e-05,1.964058e-05,2.609071e-05,inf,1.155436e-06,4.874679e-06
BSC,2015-07-13,2015-04-28,Bowscoin_dev,1,46,1,1,8,8,0,0.03571429,0.001114279,0.001115454,8.840194e-05,1.357829e-05,8.841012e-05,1.357829e-05,5,8.699849e-07,3.587602e-06
FC2,2014-06-12,2014-05-01,FuelCoinTeam,1,26,1,1,14,14,0,0.01098901,0.001640407,0.001642668,0.0001487197,1.936858e-05,0.0001487442,1.936858e-05,5,4.677545e-06,1.787044e-05
LTC,2013-04-28,2013-03-27,Ltcfaucet,1,32,2,3,9,2,7,0.3611111,0.02437846,0.02489468,0.0001303611,0.000212008,0.0001303611,0.0002120226,inf,1.265067e-05,5.134505e-05
UNITY,2014-10-01,2014-08-31,jl777,1,565,7,251,141,107,34,0.0699476,0.001368205,0.001370325,0.0001078631,2.048194e-05,0.00010787,2.048205e-05,3,4.438698e-05,0.0001448964
AUR,2014-02-27,2014-02-03,balduro,1,31,1,1,5,5,0,0.0,0.002910747,0.002917964,0.00029769,2.781254e-05,0.0002977509,2.781254e-05,4,1.628317e-06,6.7918e-06
XTC,2014-10-25,2014-08-30,ASIC-8Tile,1,102,1,311,16,12,4,0.025,0.001371359,0.001373377,0.0001079824,2.050163e-05,0.0001079889,2.050174e-05,4,1.696116e-06,6.827407e-06
FETISH,2014-10-20,2014-09-20,altcoin.center,1,51,3,12,3,0,3,0.0,0.001323361,0.001324997,1.526764e-05,2.006191e-05,1.526764e-05,2.006202e-05,inf,8.510332e-07,3.549626e-06
LEAF,2014-02-02,2014-01-25,mcg,1,118,7,29,148,147,1,0.02279831,0.003333105,0.00334436,0.0003175455,4.206965e-05,0.0003176214,4.207013e-05,4,8.042603e-05,0.000268755
MOTO,2014-06-03,2014-05-02,WilliamLie2,1,84,2,1,11,11,0,0.09090909,0.00164133,0.001643326,0.0001481344,1.931994e-05,0.0001481533,1.931994e-05,4,2.820012e-06,9.216432e-06
XWC,2014-04-18,2014-10-01,WhitecoinFoundation,1,0,0,1,11,11,0,0.0,0.001287754,0.001289258,0.0001036602,1.510711e-05,0.0001036669,1.510711e-05,4,2.355046e-06,9.496892e-06
ALN,2014-03-15,2014-01-10,Aliencoin,1,86,6,1,23,23,0,0.07905138,0.003606482,0.003617311,0.0003606972,3.545094e-05,0.0003607877,3.545094e-05,4,1.413751e-05,5.232112e-05
ALF,2013-07-07,2013-07-17,d2.cc,1,96,5,72,714,696,18,0.009497622,0.01128781,0.0114201,0.000852028,0.0001022113,0.0008527715,0.0001022155,2,0.0006835948,0.002229882
SBC,2013-07-07,2013-06-08,artos,1,59,4,1,78,74,4,0.06631579,0.01250768,0.01263082,0.0008665261,0.0001177035,0.0008670828,0.0001177078,3,9.263349e-05,0.0002901934
ORB,2013-12-21,2014-03-07,mill0601,1,667,92,324,448,269,179,0.1038007,0.001985563,0.001990301,0.0002118729,3.069516e-05,0.0002119169,3.069536e-05,3,0.0002180176,0.0005088108
MMC,2013-12-24,2013-12-15,FreeTrade,1,663,36,806,496,450,46,0.04342613,0.005038574,0.005066193,0.0005505084,6.722004e-05,0.0005507811,6.722112e-05,2,0.0009061588,0.001567837
GLYPH,2014-06-17,2014-06-09,GLYPH,1,7,1,1,14,14,0,0.05494505,0.001576945,0.001578936,0.0001267851,1.755495e-05,0.0001267993,1.755495e-05,4,2.036021e-06,7.658095e-06
I0C,2013-11-27,2013-08-18,rsnel,1,63,2,19,23,21,2,0.2094862,0.01000929,0.01008753,0.000784936,9.560389e-05,0.0007854143,9.560665e-05,3,5.27016e-05,0.000127355
BAT,2014-03-03,2014-01-11,cozie,1,122,13,320,105,94,11,0.06777446,0.003747793,0.003758965,0.0003655035,4.937846e-05,0.0003655851,4.937901e-05,3,8.59548e-05,0.0002561775
DOGE,2013-12-15,2013-12-09,Dogecoin,1,24,2,1,97,96,1,0.02362543,0.005746156,0.005771738,0.0005930207,7.184961e-05,0.0005932514,7.185063e-05,3,0.0001191474,0.0003724008
FUTC,2015-07-21,2015-02-20,FUTCOIN,1,3,1,1,11,11,0,0.0,0.00114774,0.00114883,9.24764e-05,1.394817e-05,9.248263e-05,1.394817e-05,4,1.32422e-06,4.825633e-06
TOR,2014-07-12,2014-07-05,torcoin,1,21,1,1,31,31,0,0.0172043,0.001483271,0.001485006,0.000117251,1.682907e-05,0.0001172579,1.682907e-05,4,2.628062e-06,1.029384e-05
TOP,2014-02-17,2014-02-03,topdude,1,44,5,1,46,45,1,0.01352657,0.002915115,0.002922078,0.0002976835,3.771931e-05,0.0002977504,3.771964e-05,3,1.243757e-05,4.476895e-05
CAP,2013-07-04,2013-12-29,binaryclock,1,0,0,14,51,34,17,0.03591837,0.004272779,0.004292147,0.0004348974,5.559377e-05,0.0004350748,5.559452e-05,4,3.286075e-05,0.0001177787
BAY,2014-11-16,2014-10-31,BitBay Team,1,107,2,1,10,10,0,0.02222222,0.001258635,0.001260123,0.0001010965,1.476233e-05,0.0001011049,1.476233e-05,4,4.180198e-06,1.34722e-05
ERC,2015-06-18,2014-05-04,EuropeCoin,1,274,5,1,10,10,0,0.0,0.001637995,0.00164035,0.0001472028,1.922744e-05,0.0001472161,1.922744e-05,4,1.480026e-06,6.147042e-06
ERM,2014-12-25,2014-10-14,DailyModo,1,720,2,238,90,10,80,0.0329588,0.001285392,0.001286963,0.0001020847,1.966664e-05,0.0001020898,1.966672e-05,4,6.452676e-06,2.226106e-05
BTG,2013-07-04,2013-05-17,mineral,1,109,2,1,52,52,0,0.09426848,0.01370195,0.01384192,0.0009505264,8.594019e-05,0.0009511217,8.594019e-05,3,7.49144e-05,0.0002224755
CELL,2015-01-25,2015-01-09,koko2530,1,51,1,189,15,1,14,0.04761905,0.001181388,0.001182635,1.420091e-05,1.875938e-05,1.420091e-05,1.875947e-05,inf,8.049887e-07,3.345851e-06
VPN,2014-11-23,2014-07-23,vpncoin,1,302,7,1,8,8,0,0.07142857,0.001446313,0.00144835,0.0001125673,1.640259e-05,0.0001125782,1.640259e-05,4,2.951767e-06,1.019781e-05
NEOS,2014-08-25,2014-08-19,twoturtles,1,172,3,202,75,72,3,0.01225225,0.001383051,0.001384422,0.0001106772,2.082822e-05,0.0001106861,2.082829e-05,4,2.747122e-05,8.783781e-05
ZRC,2015-03-03,2015-03-19,gnargnar,1,105,0,318,59,1,58,0.08591467,0.001131222,0.001132283,9.073782e-05,1.826801e-05,9.074376e-05,1.826807e-05,4,9.296082e-07,3.688723e-06
RZR,2014-06-21,2014-06-09,RazorTech,1,39,1,1,9,9,0,0.02777778,0.001576151,0.001578473,0.0001267601,1.755495e-05,0.000126769,1.755495e-05,4,1.301289e-06,5.28865e-06
CACH,2014-02-15,2014-01-06,kalgecin,1,296,6,242,55,38,17,0.1204644,0.003892093,0.003907137,0.0003896992,5.173933e-05,0.0003898126,5.174002e-05,3,7.435133e-05,0.0001858345
CFN,2014-12-16,2014-05-14,ConfessionCoin,1,127,1,1,20,20,0,0.0,0.001616986,0.001619062,0.0001384259,1.857286e-05,0.0001384384,1.857286e-05,4,4.053716e-06,1.688938e-05
GENI,2015-06-26,2015-05-20,Genius dev,1,27,1,1,27,27,0,0.04843305,0.001099815,0.001100759,8.665205e-05,1.345913e-05,8.665692e-05,1.345913e-05,4,3.716462e-06,1.355137e-05
XQN,2014-11-23,2014-11-12,CedricQuotient,1,78,2,1,28,28,0,0.06084656,0.001251205,0.001252489,0.0001003576,1.465201e-05,0.0001003646,1.465201e-05,4,5.388444e-06,1.78358e-05
LIT,2014-07-05,2014-06-13,Lightcoinproject,1,34,1,1,6,6,0,0.0,0.001563826,0.001566114,0.0001257662,1.743558e-05,0.0001257783,1.743558e-05,5,1.107025e-06,4.617553e-06
GHC,2014-10-10,2014-09-26,coinweaver,1,154,5,224,265,256,9,0.01416422,0.001304,0.001305648,0.0001043086,1.993995e-05,0.0001043171,1.994003e-05,3,0.0001160062,0.0003539252
ZNY,2015-07-09,2014-11-08,bitzeny,1,2,1,1,8,8,0,0.07142857,0.00125114,0.001252329,0.0001005678,1.468623e-05,0.0001005751,1.468623e-05,4,1.812377e-06,6.591057e-06
EGG,2015-04-30,2014-04-13,MijntjeGoud,1,171,2,104,57,1,56,0.09022556,0.00170958,0.001712918,0.0001691256,2.715949e-05,0.0001691492,2.715964e-05,4,1.776538e-06,5.766449e-06
SAK,2015-03-08,2014-05-21,SAKTeam,1,1,1,1,7,7,0,0.0,0.001595899,0.001598376,0.0001341838,1.821626e-05,0.0001341989,1.821626e-05,5,1.578654e-06,6.64056e-06
PRC,2014-02-20,2014-01-30,inmean,1,76,4,1,15,15,0,0.01904762,0.003045675,0.003054109,0.0003053551,2.880018e-05,0.0003054154,2.880018e-05,4,4.478475e-06,1.789364e-05
MEOW,2014-01-24,2013-12-25,lonestar108,1,26,2,41,57,55,2,0.02272727,0.004290877,0.004305353,0.0004698534,5.849743e-05,0.0004700022,5.849838e-05,4,7.359616e-05,0.0002466322
PRT,2014-01-22,2014-01-01,moonmoon,1,44,6,1,116,116,0,0.02818591,0.003906042,0.003917612,0.0004114965,3.845119e-05,0.0004116224,3.845119e-05,4,6.956451e-05,0.0002450534
CHA,2014-05-20,2014-03-24,magician,1,35,1,1,6,6,0,0.06666667,0.001799997,0.00180252,0.0001848491,2.149983e-05,0.0001848678,2.149983e-05,3,4.735103e-05,0.000121339
CHC,2015-07-16,2014-01-20,Rolihlahla,1,29,1,29,75,71,4,0.02882883,0.003845195,0.003857368,0.000355085,4.631378e-05,0.0003551771,4.631423e-05,3,1.907905e-05,6.760917e-05
MRY,2014-03-03,2014-01-21,bholzer,1,294,3,175,51,26,25,0.08627451,0.00363676,0.003654337,0.0003437176,4.547601e-05,0.0003438248,4.547661e-05,4,8.377789e-06,3.080037e-05
JAY,2015-04-17,2015-04-03,jones_,1,30,2,76,15,3,12,0.4285714,0.001125791,0.001127655,9.032129e-05,1.816677e-05,9.032831e-05,1.816688e-05,4,1.18843e-06,3.944972e-06
MMNXT,2014-10-22,2015-01-21,Nxtblg,1,1078,14,326,602,274,328,0.0324197,0.001170107,0.001171695,9.395915e-05,1.864927e-05,9.396541e-05,1.864936e-05,3,7.444599e-05,0.0002216025
URO,2014-06-12,2014-05-09,true-asset,1,192,6,1,9,9,0,0.0,0.001635606,0.001638226,0.0001436416,1.890395e-05,0.0001436591,1.890395e-05,4,2.157318e-06,7.949106e-06
MRC,2014-03-03,2014-01-04,MCR,1,107,6,1,8,8,0,0.03571429,0.004009497,0.004023773,0.0004068747,3.751501e-05,0.0004069961,3.751501e-05,4,4.359221e-06,1.530066e-05
MUE,2014-11-01,2014-09-12,Mue,1,99,2,1,5,3,2,0.1,0.001339671,0.001341396,1.538012e-05,2.021074e-05,1.538012e-05,2.021084e-05,inf,9.419707e-07,3.930248e-06
VIA,2014-07-18,2014-07-19,btcdrak,1,196,5,411,333,317,16,0.005589927,0.001458089,0.001460115,0.0001134691,2.165134e-05,0.000113477,2.165142e-05,3,9.750708e-05,0.0003259418
DBL,2013-07-04,2013-06-12,schnebi,1,230,25,40,58,21,37,0.2396925,0.01267505,0.01284235,0.0008581834,0.0001156114,0.0008587807,0.0001156153,3,3.283755e-05,0.0001031573
SFR,2014-06-15,2014-04-28,saffroncoin,1,362,1,1,8,8,0,0.0,0.001640697,0.00164302,0.0001531678,1.957483e-05,0.0001531807,1.957483e-05,4,5.615891e-06,1.973207e-05
PYC,2014-12-06,2013-08-07,deppJ,1,24,2,70,26,25,1,0.1538462,0.01028319,0.01038532,0.0008095215,6.509145e-05,0.0008100795,6.509145e-05,4,5.188277e-05,0.0001508783
KORE,2014-06-21,2015-04-29,MikeMike,1,1,0,411,24,12,12,0.05928854,0.001114453,0.001115617,8.822636e-05,1.799932e-05,8.823247e-05,1.79994e-05,4,4.97979e-06,1.517339e-05
XLB,2014-05-13,2014-05-09,Libertycoin,1,67,6,58,49,49,0,0.01445578,0.001636451,0.001638549,0.0001436532,1.890395e-05,0.00014367,1.890395e-05,3,1.254889e-05,3.859892e-05
SWING,2015-09-28,2013-05-20,zerodrama,1,147,14,19,10,2,8,0.08888889,0.01389009,0.01405131,0.0009351515,0.0001303323,0.000935579,0.0001303367,5,4.402828e-06,1.783708e-05
SLING,2015-04-21,2015-04-21,DG.Slayer,1,3,1,1,85,85,0,0.01820728,0.001118428,0.001119355,8.906942e-05,1.362027e-05,8.90741e-05,1.362027e-05,3,1.284807e-05,4.336e-05
PLNC,2014-04-15,2014-03-11,WalutowyKrol,1,17,1,49,11,6,5,0.0,0.001899987,0.001902865,0.0002042549,3.012076e-05,0.0002042917,3.012091e-05,4,1.74094e-06,6.835847e-06
PKB,2015-05-18,2015-04-30,ParkByte,1,43,2,1,23,23,0,0.07114625,0.00111452,0.00111549,8.812522e-05,1.356282e-05,8.813047e-05,1.356282e-05,4,2.530417e-06,9.550374e-06
TENNET,2015-08-10,2015-06-20,TenneT,1,17,1,1,14,14,0,0.1428571,0.001088902,0.001089836,8.516076e-05,1.332889e-05,8.516576e-05,1.332889e-05,4,8.333472e-06,2.998702e-05
GCC,2015-08-20,2015-06-22,GCMATeam,1,11,2,1,0,0,0,0.0,1.332108e-05,1.332108e-05,1.332108e-05,1.332108e-05,1.332108e-05,1.332108e-05,inf,7.664024e-07,3.17287e-06
DOGED,2014-10-25,2014-10-10,Dogedarkdev,1,46,2,1,21,21,0,0.07619048,0.001283236,0.001284335,0.0001028429,1.500623e-05,0.0001028503,1.500623e-05,4,1.81641e-06,6.844498e-06
CSC,2013-07-25,2013-07-19,transcoder,1,46,4,8,32,31,1,0.1330645,0.01111768,0.01125867,0.0008444944,0.0001017684,0.00084528,0.0001017715,3,3.525567e-05,0.0001081351
GCN,2014-11-16,2014-04-05,Mr G,1,20,1,1,0,0,0,0.0,2.072195e-05,2.072195e-05,2.072195e-05,2.072195e-05,2.072195e-05,2.072195e-05,inf,1.062459e-06,4.507822e-06
SHA,2014-06-25,2014-03-18,matt4054,1,168,4,369,81,26,55,0.0382716,0.001841998,0.001844254,0.0001939763,2.929674e-05,0.0001940021,2.929686e-05,4,1.435555e-05,3.797554e-05
CAGE,2014-04-15,2014-01-02,Nicolas_Cage,1,19,3,1,19,19,0,0.07602339,0.003870654,0.003883215,0.0004090658,3.814028e-05,0.000409216,3.814028e-05,4,1.366005e-05,4.490888e-05
BTQ,2014-07-29,2014-02-16,BitQuark,1,340,1,1,8,8,0,0.0,0.002373103,0.002377955,0.00025297,2.529404e-05,0.0002530135,2.529404e-05,4,2.506433e-06,1.069821e-05
XCE,2015-06-10,2015-06-07,Cerium,1,21,1,1,18,18,0,0.04575163,0.001092488,0.001093526,8.567917e-05,1.338455e-05,8.568443e-05,1.338455e-05,4,1.350714e-06,4.999875e-06
XCH,2014-10-04,2014-08-12,btcdrak,1,406,9,435,460,439,21,0.007252539,0.00141686,0.001418811,0.0001117832,2.10073e-05,0.0001117935,2.100737e-05,3,0.0001461387,0.0004770279
SSV,2014-09-07,2014-06-23,SSVCoin,1,14,1,1,15,15,0,0.0,0.001521469,0.001523453,0.0001229089,1.718981e-05,0.0001229185,1.718981e-05,4,2.043549e-06,8.561889e-06
XCN,2014-08-02,2014-07-19,Cryptonite XCN,1,3,1,1,1,1,0,0.0,0.001454518,0.001456467,1.649893e-05,1.649866e-05,1.649893e-05,1.649866e-05,inf,1.03898e-06,4.353543e-06
MOON,2014-01-06,2013-12-29,deaconboogie,1,30,1,1,62,62,0,0.01903755,0.004271038,0.004285119,0.0004354881,3.955696e-05,0.0004356013,3.955696e-05,4,5.787729e-05,0.0001958702
BTE,2013-05-10,2013-04-07,brie,1,107,3,43,16,0,16,0.4416667,0.02184861,0.02221301,0.0001212415,0.0001952484,0.0001212415,0.0001952587,inf,6.007379e-06,2.418767e-05
XCP,2014-02-15,2014-01-03,PhantomPhreak,1,147,1,1,17,16,1,0.01666667,0.003888097,0.003900037,0.0004033199,3.782148e-05,0.0004034424,3.782148e-05,3,0.000102486,0.0003044227
BTC,2013-04-28,2012-03-15,joshbb,1,25,6,6,1,0,1,0.0,0.03079226,0.03184412,0.0002016942,0.0003515767,0.0002016942,0.000351618,inf,1.131068e-05,4.24756e-05
BTB,2013-05-09,2013-05-05,sido,1,60,2,19,24,18,6,0.2597403,0.01587336,0.0161392,0.00109254,0.0001517504,0.001093659,0.0001517589,3,4.410019e-05,0.0001281337
JBS,2014-09-07,2014-09-02,jyap,1,28,1,108,29,21,8,0.04558405,0.00135805,0.001359454,0.0001074861,2.043041e-05,0.0001074933,2.043049e-05,4,1.878998e-05,5.862029e-05
ISR,2014-04-08,2014-03-25,IsraelCoin,1,34,3,1,1,1,0,0.0,0.001785782,0.001789456,0.0001832361,2.142796e-05,0.0001832644,2.142796e-05,5,1.14099e-06,4.806336e-06
SPHR,2015-05-02,2015-05-01,ChronoSphereDev,1,9,1,1,60,60,0,0.02090395,0.001113365,0.001114284,8.807943e-05,1.355656e-05,8.80841e-05,1.355656e-05,4,5.578621e-06,2.106617e-05
UTIL,2014-09-30,2014-09-27,utilitycoin,1,9,1,1,28,28,0,0.04232804,0.001303286,0.001304571,0.0001042358,1.516323e-05,0.0001042442,1.516323e-05,4,2.60521e-06,1.013886e-05
OCTO,2015-03-22,2015-02-20,OCTOPARTY,1,179,1,1,2,2,0,0.0,0.001147139,0.001148317,9.247329e-05,1.394817e-05,9.247836e-05,1.394817e-05,4,7.749519e-06,2.518394e-05
2BACCO,2015-07-25,2015-06-23,2bacco,1,44,2,1,8,8,0,0.07142857,0.00109006,0.001091097,8.49148e-05,1.331398e-05,8.491988e-05,1.331398e-05,4,3.437445e-06,1.139098e-05
ISL,2015-09-28,2015-05-06,isladev,1,26,2,1,18,18,0,0.04575163,0.00111193,0.001112973,8.767677e-05,1.352869e-05,8.768226e-05,1.352869e-05,4,1.393016e-06,5.464406e-06
DGB,2014-02-06,2014-02-04,sa_ddam213,1,24,9,30,7,5,2,0.0,0.002838292,0.002845965,0.0002963961,3.734994e-05,0.0002964517,3.735038e-05,4,4.578905e-06,1.603823e-05
DGC,2013-06-09,2013-05-21,schnebi,1,172,13,18,13,5,8,0.1666667,0.01386747,0.01400728,0.0009263848,0.0001278631,0.0009270488,0.0001278682,3,3.499128e-05,0.0001087927
ECC,2014-03-20,2014-03-07,hostmaster,1,968,44,97,547,237,310,0.02650099,0.001985971,0.001989547,0.0002118643,3.069518e-05,0.0002118946,3.069535e-05,3,5.387988e-05,0.0001674111
LIQUID,2015-02-06,2014-04-02,Bitcoin Magazine,1,289,28,2,34,12,22,0.1016043,0.001766509,0.001768869,0.0001752705,2.776578e-05,0.0001752951,2.776592e-05,4,3.581125e-06,1.160098e-05
ASC,2013-12-31,2013-09-12,asicuser,1,26,2,2,22,18,4,0.1255411,0.009411232,0.009499561,0.0007494082,9.168493e-05,0.0007499659,9.168714e-05,4,1.592961e-05,5.402034e-05
KUMA,2014-08-02,2014-04-27,kumacoinproject,1,1,1,1,4,4,0,0.0,0.001654287,0.001656689,0.0001550201,1.964019e-05,0.0001550371,1.964019e-05,4,1.75482e-06,6.622058e-06
QTL,2014-07-12,2014-06-18,MarKusRomanus,1,396,10,433,169,96,73,0.1721201,0.001536496,0.001538778,0.0001242397,2.271929e-05,0.000124252,2.271939e-05,3,7.372652e-05,0.000145067
BITS,2014-04-23,2014-04-18,Bitstar_coin,1,53,1,1,11,11,0,0.0,0.001673703,0.001675958,0.0001657529,2.013936e-05,0.0001657693,2.013936e-05,4,3.335182e-06,1.377545e-05
JKC,2013-06-14,2013-06-17,the1silverwolf,1,293,12,41,77,56,21,0.08552388,0.01268453,0.01281295,0.0008619965,0.0001134471,0.0008625539,0.0001134504,3,0.0001125369,0.0003363607
VTA,2014-08-09,2014-08-12,VirtaCoinDev,1,0,0,1,2,2,0,0.0,0.00141483,0.001416125,0.0001117796,1.597699e-05,0.0001117873,1.597699e-05,5,1.350052e-06,4.93356e-06
VTC,2014-01-20,2014-01-30,vertoe,1,0,0,2,5,1,4,0.0,0.003044616,0.003054321,0.0003051752,3.927932e-05,0.0003052443,3.927974e-05,5,1.475315e-06,6.112676e-06
FRK,2013-06-09,2013-05-12,defaced,1,230,7,801,95,87,8,0.09101768,0.01432325,0.01446736,0.0009981174,0.0001376903,0.0009988257,0.0001376949,3,0.0001317218,0.0004063173
DUB,2015-06-30,2015-06-06,DUBSTEP-DEV,1,40,1,1,16,16,0,0.06666667,0.00109364,0.001094695,8.573586e-05,1.338903e-05,8.57413e-05,1.338903e-05,4,2.24922e-06,7.923465e-06
EUC,2015-08-23,2014-03-05,deeppurple72,1,373,74,248,128,72,56,0.04304762,0.002021018,0.002024651,0.0002178529,3.102939e-05,0.0002178804,3.102954e-05,4,6.758304e-05,0.0002173112
UNB,2014-05-23,2014-03-28,jimblasko,1,66,5,1,11,11,0,0.01818182,0.001765271,0.001767843,0.0001775654,2.11815e-05,0.0001775816,2.11815e-05,4,6.504122e-06,2.033071e-05
VTR,2014-12-25,2014-12-12,vtorrent,1,75,1,1,15,15,0,0.1047619,0.001220594,0.001221854,9.708371e-05,1.441358e-05,9.709048e-05,1.441358e-05,4,4.749704e-06,1.394796e-05
CARB,2014-08-02,2014-03-07,axismundi,1,246,3,10,5,3,2,0.1,0.001981592,0.001983887,0.0002118192,3.069473e-05,0.0002118477,3.069498e-05,5,1.681862e-06,6.66958e-06
BBR,2014-06-24,2014-07-06,silvo,1,10,1,135,9,1,8,0.1111111,0.001476404,0.001478396,0.0001172647,2.204799e-05,0.0001172721,2.204808e-05,4,1.567862e-06,5.671392e-06
YAC,2013-06-09,2013-05-06,pocopoco,1,12,1,1,34,34,0,0.1016043,0.01514991,0.01533842,0.00108208,9.602458e-05,0.001083044,9.602458e-05,3,6.305613e-05,0.0001818959
UNO,2013-12-21,2014-02-17,ArcticWolfie,1,3,0,76,9,0,9,0.02777778,0.002345232,0.00235176,2.510923e-05,3.36443e-05,2.510923e-05,3.364461e-05,inf,1.195984e-06,5.175287e-06
OMC,2014-05-11,2015-02-22,MeshCollider,1,0,0,116,12,11,1,0.01515152,0.001147474,0.001148475,9.241413e-05,1.393709e-05,9.241958e-05,1.393709e-05,4,1.73385e-06,6.690275e-06
ZED,2014-03-06,2014-01-26,Kilo88,1,54,5,1,8,7,1,0.07142857,0.003286411,0.003296599,0.0003197466,4.138843e-05,0.0003198465,4.138874e-05,4,4.100021e-06,1.573347e-05
HVC,2014-03-12,2014-02-18,keccak512,1,242,2,275,41,36,5,0.02317073,0.002330769,0.002334878,0.0002475724,3.340726e-05,0.0002476158,3.340749e-05,4,1.445557e-05,4.872047e-05
CRAVE,2015-03-26,2015-03-21,industrialcoinmagic,1,33,1,1,19,19,0,0.06432749,0.001130916,0.001131908,9.074825e-05,1.377847e-05,9.07538e-05,1.377847e-05,4,2.323807e-06,8.876915e-06
ZET,2013-09-10,2013-08-04,Giskard,1,107,5,81,79,53,26,0.1971362,0.01053698,0.01067208,0.0008123045,9.807085e-05,0.0008129669,9.80748e-05,4,5.293837e-05,0.000149561
FRC,2013-05-03,2014-06-28,FreicoinMafia,1,0,0,1,0,0,0,0.0,1.70381e-05,1.70381e-05,1.70381e-05,1.70381e-05,1.70381e-05,1.70381e-05,inf,9.261745e-07,3.890774e-06
SLFI,2015-03-22,2015-03-06,freedomsr40,1,148,7,159,42,30,12,0.07433217,0.001141488,0.001143008,9.133178e-05,1.835348e-05,9.133752e-05,1.835359e-05,4,1.359911e-05,3.733108e-05
WBB,2015-02-28,2015-02-12,WildBeastBitcoin,1,68,1,1,6,6,0,0.06666667,0.001152873,0.00115391,9.306164e-05,1.399051e-05,9.306798e-05,1.399051e-05,4,1.136706e-06,4.292003e-06
DUCK,2014-02-22,2014-02-05,mainduck,1,42,1,1,22,22,0,0.02164502,0.002815864,0.002822101,0.0002946068,2.734781e-05,0.0002946648,2.734781e-05,3,1.773613e-05,3.191021e-05
DT,2014-09-17,2014-09-17,darktoken,1,4,1,1,23,23,0,0.02766798,0.001330981,0.00133236,0.0001057116,1.530643e-05,0.0001057188,1.530643e-05,4,2.547747e-06,9.63716e-06
DP,2014-10-04,2014-09-21,7vpo,1,76,2,219,18,6,12,0.04575163,0.001320455,0.001322212,0.0001051423,2.004746e-05,0.0001051494,2.004756e-05,4,9.882693e-07,3.874083e-06
CESC,2014-04-03,2014-03-21,cryptoescudo,1,17,1,1,1,0,1,0.0,0.001827887,0.001830452,2.170469e-05,2.892606e-05,2.170469e-05,2.892622e-05,inf,1.099001e-06,4.676444e-06
CYP,2015-04-11,2015-03-30,Cypher7A69,1,53,1,1,20,20,0,0.05789474,0.001132075,0.001133165,9.065796e-05,1.373117e-05,9.066334e-05,1.373117e-05,4,3.171085e-06,9.397197e-06
POT,2014-02-10,2014-01-23,SCryptoMiners,1,73,4,3,9,3,6,0.1388889,0.00345417,0.003466078,0.0003257191,4.371999e-05,0.0003258097,4.372058e-05,5,1.977659e-06,8.132634e-06
POP,2014-04-23,2014-02-03,cryptojette,1,111,21,5,26,25,1,0.05846154,0.002914516,0.002921608,0.0002976737,3.771777e-05,0.0002977518,3.771807e-05,4,5.612887e-05,0.0001183722
TGC,2013-12-21,2013-09-07,mintedstone,1,52,1,6,27,18,9,0.1367521,0.009614121,0.009692102,0.0007488821,9.239761e-05,0.0007493702,9.239958e-05,3,1.544627e-05,4.502656e-05
RPC,2014-01-06,2013-12-29,colinistheman,1,214,24,203,202,175,27,0.05393035,0.004279942,0.004296398,0.0004350155,5.559391e-05,0.0004351657,5.559446e-05,3,0.0002825699,0.0006128011
TIPS,2013-12-31,2013-12-23,MystPhysX,1,57,1,1,75,74,1,0.002522523,0.004562854,0.004579193,0.0004772262,5.998776e-05,0.0004773637,5.99887e-05,4,3.614515e-05,0.0001343365
NODE,2014-09-13,2013-05-03,Passion_ltc,1,303,10,4,41,31,10,0.1794872,0.01561659,0.01581587,0.001086595,0.0001550431,0.00108773,0.0001550505,3,0.0001032355,0.0002754228
BITGOLD,2015-01-04,2014-03-22,Gold-Bars,1,217,3,23,195,193,2,0.006608512,0.001818297,0.001820981,0.000187262,2.883368e-05,0.0001872849,2.883389e-05,4,5.749589e-05,0.0002048711
RBY,2014-03-20,2014-02-12,rby,1,7,1,6,14,12,2,0.02564103,0.00246125,0.002466653,0.0002617521,3.476589e-05,0.0002618081,3.476623e-05,4,9.420022e-06,3.581045e-05
DOPE,2014-02-22,2014-02-17,userpacman,1,386,29,46,219,187,32,0.03551347,0.002347949,0.002354612,0.0002497375,3.364333e-05,0.0002497819,3.364356e-05,4,8.739822e-05,0.0003116544
LSD,2014-09-13,2014-09-05,lightspeedLS,1,45,1,1,11,11,0,0.05454545,0.001346914,0.001348318,0.0001071253,1.549667e-05,0.0001071311,1.549667e-05,4,2.040192e-06,8.229609e-06
SLR,2014-03-29,2014-01-24,ddirt,1,29,1,15,14,13,1,0.0989011,0.003387358,0.003397611,0.0003200501,4.291309e-05,0.0003201191,4.291347e-05,4,4.606169e-06,1.736104e-05
SLG,2014-09-23,2014-08-03,Sterlingcoin,1,297,1,1,18,18,0,0.0130719,0.001436302,0.001438005,0.0001120604,1.616501e-05,0.0001120675,1.616501e-05,4,5.088879e-06,2.012894e-05
NRB,2013-07-04,2013-12-03,educatedwarrior,1,20,0,192,9,0,9,0.2222222,0.006617673,0.006653556,5.149861e-05,7.564468e-05,5.149861e-05,7.564574e-05,inf,2.344212e-06,9.817055e-06
WKC,2014-06-25,2014-05-27,wankcoin,1,12,1,1,16,16,0,0.025,0.001589387,0.001591454,0.0001321469,1.799338e-05,0.0001321618,1.799338e-05,4,4.47782e-06,1.563367e-05
QB,2014-05-26,2014-02-27,QuarkBar,1,26,1,1,14,14,0,0.03296703,0.002134916,0.002138958,0.0002280104,2.38749e-05,0.0002280538,2.38749e-05,4,3.450879e-06,1.266051e-05
BDSM,2014-10-20,2014-09-20,altcoin.center,1,51,3,12,3,0,3,0.0,0.001323361,0.001324997,1.526764e-05,2.006191e-05,1.526764e-05,2.006202e-05,inf,8.510332e-07,3.549626e-06
NRS,2014-04-20,2014-09-06,chocobo,1,73,0,257,39,7,32,0.02560455,0.001349359,0.001351886,0.0001069473,2.034069e-05,0.0001069576,2.034082e-05,4,4.852188e-06,1.466751e-05
AXR,2014-08-27,2014-08-15,Project Axron,1,118,1,1,0,0,0,0.0,1.591723e-05,1.591723e-05,1.591723e-05,1.591723e-05,1.591723e-05,1.591723e-05,inf,8.798088e-07,3.678028e-06
EXC,2014-01-16,2013-08-18,CaptChadd,1,883,40,409,295,235,60,0.09272727,0.01005196,0.01016585,0.0007851863,9.560644e-05,0.0007857792,9.560878e-05,3,0.0004737873,0.001183072
SWARM,2014-09-16,2014-06-25,fractastical,1,143,1,151,11,6,5,0.07272727,0.001513803,0.001515938,0.0001219521,2.249224e-05,0.0001219647,2.249238e-05,4,2.404425e-06,9.59757e-06
DRZ,2015-04-27,2015-04-15,DRZ,1,28,1,1,18,18,0,0.05882353,0.001122006,0.001122976,8.953769e-05,1.364796e-05,8.9543e-05,1.364796e-05,4,1.862034e-06,6.569357e-06
TCO,2014-07-21,2014-06-15,bassguitarman,1,30,3,31,78,64,14,0.02768284,0.001559906,0.001561764,0.0001251506,2.283025e-05,0.00012516,2.283035e-05,3,0.0001678937,0.0001208976
GLOBE,2015-06-18,2015-06-05,GlobalCurrencyCoin,1,1,1,1,0,0,0,0.0,1.339298e-05,1.339298e-05,1.339298e-05,1.339298e-05,1.339298e-05,1.339298e-05,inf,7.689491e-07,3.186082e-06
VNL,2015-03-06,2014-12-13,john-connor,1,76,4,1,2,2,0,0.0,0.001223264,0.001224819,9.707277e-05,1.440507e-05,9.708087e-05,1.440507e-05,4,1.386266e-06,5.040406e-06
RIN,2014-08-02,2014-05-24,homhomhom,1,91,1,77,15,13,2,0.06666667,0.001599525,0.00160153,0.0001335698,2.380396e-05,0.0001335784,2.380408e-05,4,2.698679e-06,1.050215e-05
CANN,2014-08-02,2014-06-08,CannabisCoinDev,1,189,13,66,58,58,0,0.03206292,0.001574791,0.001577095,0.0001268843,1.758087e-05,0.0001268963,1.758087e-05,4,1.27498e-05,3.939658e-05
CLR,2013-11-03,2013-08-06,vipah,1,85,11,116,52,38,14,0.1386054,0.01022,0.01033379,0.000811674,9.766906e-05,0.0008123219,9.767182e-05,3,0.0001074573,0.0003083469
RIC,2014-02-27,2013-09-06,gatra,1,116,5,69,22,7,15,0.2121212,0.009526832,0.009637676,0.000750944,9.254425e-05,0.0007514937,9.25471e-05,4,1.304676e-05,4.404254e-05
FRAC,2014-06-15,2014-06-13,Fractalcoin,1,1,1,1,3,3,0,0.0,0.001562606,0.001564753,0.0001257623,1.743558e-05,0.0001257738,1.743558e-05,5,1.14416e-06,4.720762e-06
HAM,2014-10-26,2014-11-14,hamhrc,1,43,1,134,44,43,1,0.01162791,0.001248097,0.001249515,0.0001001041,1.926936e-05,0.0001001122,1.926944e-05,4,8.179587e-06,3.013389e-05
MED,2014-10-22,2014-01-04,smallplatf,1,261,3,150,7,6,1,0.0952381,0.004009924,0.004023942,0.000406693,5.273191e-05,0.0004068663,5.273279e-05,4,4.783227e-06,1.718238e-05
DASH,2014-02-14,2014-01-19,eduffield,1,157,9,227,34,28,6,0.03208556,0.003716505,0.003727422,0.000358383,4.667938e-05,0.0003584925,4.667987e-05,4,1.169139e-05,4.094588e-05
THC,2014-06-28,2014-03-09,HempCoin,1,64,1,1,16,16,0,0.05,0.001955653,0.001958425,0.0002070962,2.274692e-05,0.0002071275,2.274692e-05,4,4.106886e-06,1.478285e-05
CINNI,2014-04-23,2014-04-17,CinniCoin,1,40,2,1,52,52,0,0.00678733,0.001679984,0.00168229,0.0001664872,2.019141e-05,0.0001665088,2.019141e-05,4,1.681955e-05,6.286581e-05
PHO,2014-05-23,2014-02-22,photon_coin,1,6,1,1,20,20,0,0.02105263,0.002225794,0.002229857,0.0002363131,2.439084e-05,0.0002363415,2.439084e-05,4,1.02397e-05,4.067727e-05
BURST,2014-08-30,2014-08-11,burstcoin,1,61,1,1,42,42,0,0.006968641,0.001410179,0.00141166,0.000111876,1.599898e-05,0.000111885,1.599898e-05,4,6.740937e-06,2.550332e-05
ZEIT,2014-03-20,2014-02-15,ZEITCOIN,1,182,2,1,2,2,0,0.0,0.00238345,0.002388997,0.0002558756,2.543364e-05,0.0002559201,2.543364e-05,4,1.36746e-06,5.672713e-06
GEO,2015-02-21,2014-03-18,Geocoin,1,1,1,1,3,3,0,0.0,0.001838692,0.001842248,0.0001939689,2.197368e-05,0.0001939961,2.197368e-05,5,1.283928e-06,5.408115e-06
MEM,2013-06-09,2013-05-28,tyrion70,1,218,4,36,50,14,36,0.2721631,0.01300911,0.01321486,0.000919656,0.0001228851,0.0009203507,0.000122891,3,2.226136e-05,6.601072e-05
LXC,2014-08-05,2014-07-22,Librexcoindev,1,55,1,1,23,23,0,0.007905138,0.001452752,0.001454436,0.0001131348,1.643142e-05,0.0001131427,1.643142e-05,5,2.170214e-06,8.984726e-06
MZC,2014-02-27,2014-03-06,crazyearner,1,285,25,499,261,157,104,0.08727308,0.002021634,0.002025887,0.0002148758,3.087807e-05,0.0002149207,3.087831e-05,3,0.0002951844,0.0004163149
SPEC,2015-07-27,2014-01-27,danosphere,1,454,21,27,205,202,3,0.02945959,0.003267853,0.00328101,0.0003143434,4.056171e-05,0.0003144622,4.056203e-05,4,7.971271e-05,0.0002904111
DMD,2013-12-19,2013-07-14,JohnLuc,1,50,1,7,17,2,15,0.4705882,0.01173144,0.01185837,0.0008606348,0.0001029997,0.0008611776,0.0001030022,4,4.712922e-06,1.739852e-05
BELA,2014-03-20,2014-01-30,twoturtles,1,28,2,1,15,15,0,0.01904762,0.003044847,0.003054986,0.0003054507,2.880018e-05,0.0003055243,2.880018e-05,4,2.216261e-05,7.927558e-05
SYNC,2014-05-21,2013-06-25,MstCoin,1,49,5,1,7,7,0,0.2380952,0.01158021,0.01173563,0.0008775554,7.272727e-05,0.0008783831,7.272727e-05,4,1.410869e-05,4.427381e-05
CRC,2013-07-07,2013-07-06,Blindfolded,1,66,3,346,50,31,19,0.127551,0.01152461,0.01166874,0.0008709745,0.0001059253,0.000871568,0.000105929,3,3.37873e-05,8.829996e-05
SKC,2014-03-15,2013-11-02,Red Kendra,1,34,1,1,21,21,0,0.08571429,0.008998484,0.009071743,0.0007146528,5.790723e-05,0.0007151191,5.790723e-05,4,2.23231e-05,7.178977e-05
FLAP,2014-02-22,2014-02-15,flappycoin,1,42,3,1,97,97,0,0.01353093,0.002386242,0.002390563,0.0002569172,2.543364e-05,0.000256961,2.543364e-05,4,6.97559e-05,0.0002503409
ACOIN,2014-09-13,2014-08-30,A-Coin,1,72,1,1,10,10,0,0.0,0.001370607,0.001372172,0.0001080129,1.560476e-05,0.0001080227,1.560476e-05,5,3.738054e-06,1.452588e-05
XDN,2014-06-24,2015-06-07,dNote,1,24,1,373,347,339,8,0.007506074,0.001093046,0.001094128,8.567563e-05,1.779054e-05,8.56808e-05,1.779061e-05,3,7.11e-05,0.000221068
BUK,2014-10-04,2013-09-01,CryptoBuck,1,114,6,13,9,9,0,0.08333333,0.009406509,0.009493002,0.0007607035,6.245706e-05,0.0007612172,6.245706e-05,4,8.655149e-06,2.951676e-05
XDQ,2014-05-26,2014-05-20,coinweaver,1,76,4,95,118,117,1,0.01506591,0.001600144,0.001601924,0.0001341735,2.405314e-05,0.000134185,2.405328e-05,3,4.956888e-05,0.0001597681
XDP,2014-08-28,2014-07-24,dogeparty,1,1,1,1,8,8,0,0.03571429,0.001442055,0.00144372,0.0001125259,1.637787e-05,0.0001125374,1.637787e-05,4,1.285014e-06,5.231344e-06
SWIFT,2014-10-05,2014-09-30,BitSwift,1,46,2,1,6,6,0,0.0,0.001292525,0.00129396,0.0001038645,1.512219e-05,0.0001038751,1.512219e-05,4,2.596873e-06,1.069077e-05
GEN,2015-06-10,2015-06-04,ThinkingOutLoud,1,60,1,289,37,36,1,0.03903904,0.001097391,0.001098261,8.598092e-05,1.339836e-05,8.598595e-05,1.339836e-05,4,2.644926e-06,1.047731e-05
FIBRE,2014-08-30,2014-08-14,killakem,1,179,3,44,19,13,6,0.1111111,0.001407748,0.001410524,0.0001116137,2.095659e-05,0.0001116285,2.095666e-05,4,5.56635e-06,1.89518e-05
LIMX,2014-06-08,2014-06-04,IParn,1,234,3,61,227,219,8,0.01159455,0.001567575,0.001569639,0.0001292491,2.324895e-05,0.0001292597,2.324906e-05,4,7.655559e-05,0.0002596849
KEY,2014-07-18,2014-07-16,keycoin,1,15,1,1,77,77,0,0.004442925,0.001455382,0.001456924,0.0001146327,1.656671e-05,0.0001146399,1.656671e-05,4,8.393941e-06,3.276726e-05
UNIC,2015-06-14,2013-12-31,Teamunicoin,1,36,1,1,6,6,0,0.2666667,0.004059335,0.004075436,0.0004234581,3.88259e-05,0.0004236284,3.88259e-05,4,1.354928e-05,4.41724e-05
XRA,2015-06-26,2015-06-18,R-A-T-E,1,17,1,1,9,9,0,0.02777778,0.001089804,0.001090823,8.509069e-05,1.333707e-05,8.509621e-05,1.333707e-05,4,9.374127e-07,3.812777e-06
VGC,2014-05-06,2014-02-16,Byates,1,11,1,1,12,12,0,0.04545455,0.002374149,0.002379006,0.0002530703,2.529404e-05,0.0002531298,2.529404e-05,4,4.686047e-06,1.885537e-05
XRP,2013-08-04,2013-05-14,webr3,1,136,15,56,84,72,12,0.03024691,0.01391891,0.01406827,0.000979558,0.0001359471,0.0009802363,0.0001359525,3,0.0003290453,0.0006230849
ANC,2013-07-14,2013-06-24,nicksmith,1,19,1,9,2,0,2,0.0,0.01182997,0.01202112,7.291819e-05,0.0001110491,7.291819e-05,0.0001110523,inf,3.461204e-06,1.423192e-05
ANI,2014-02-28,2014-01-20,ani-chan,1,40,2,12,17,16,1,0.02941176,0.003841356,0.003854609,0.0003550426,4.631286e-05,0.0003551405,4.631331e-05,4,7.618097e-06,2.725968e-05
NVC,2013-04-28,2013-07-06,feeleep,1,0,0,62,89,63,26,0.1152098,0.01150514,0.0116538,0.0008710526,0.0001059245,0.0008716518,0.0001059275,3,8.53736e-05,0.0002544233
JLH,2014-07-23,2014-07-19,EvilDave,1,460,3,215,140,27,113,0.08956313,0.001458218,0.001460541,0.000113464,2.165139e-05,0.0001134733,2.165149e-05,4,5.2814e-06,1.686568e-05
COV,2015-04-21,2015-04-20,CovenDev,1,17,2,1,34,34,0,0.02139037,0.001120766,0.001121835,8.913226e-05,1.362583e-05,8.913831e-05,1.362583e-05,4,1.107501e-05,3.509317e-05
BCX,2014-01-31,2014-01-12,jackofall1232,1,145,15,175,110,106,4,0.04926945,0.003803789,0.003820002,0.0003631184,4.898891e-05,0.0003632058,4.89896e-05,3,5.093141e-05,0.0001323027
ICASH,2015-03-27,2015-03-20,cryptodev35,1,70,1,1,21,21,0,0.07142857,0.0011295,0.001130486,9.077308e-05,1.378341e-05,9.077854e-05,1.378341e-05,4,4.925383e-06,1.690835e-05
ETH,2015-08-07,2014-02-14,AltcoinBull,1,31,6,1,10,10,0,0.1333333,0.00240243,0.002407722,0.0002577107,2.558395e-05,0.0002577617,2.558395e-05,4,1.086018e-05,2.974597e-05
COL,2013-12-01,2014-01-27,sudo23,1,100,2,149,706,675,31,0.01981703,0.003270816,0.003283211,0.000314379,4.056207e-05,0.0003144529,4.056237e-05,3,0.0001636074,0.0005148181
CON,2015-02-15,2015-01-03,muddafudda,1,1352,40,617,1062,721,341,0.0393855,0.001184055,0.00118561,9.535981e-05,1.882694e-05,9.536788e-05,1.882703e-05,3,0.0003503758,0.0008670197
KDC,2014-02-02,2014-01-10,KlondikeCoin,1,144,11,1,19,19,0,0.02339181,0.003606039,0.003617037,0.0003602774,3.545094e-05,0.0003603387,3.545094e-05,4,7.738048e-06,2.891941e-05
VRC,2014-05-16,2014-05-10,effectsToCause,1,76,1,1,7,7,0,0.0,0.001635042,0.001637286,0.0001426437,1.883842e-05,0.0001426531,1.883842e-05,5,1.572926e-06,6.55061e-06
QORA,2014-05-26,2014-03-20,qora,1,74,1,1,7,7,0,0.04761905,0.001837532,0.001840375,0.0001899189,2.178982e-05,0.0001899503,2.178982e-05,4,2.470241e-06,9.435425e-06
COOL,2014-06-28,2014-05-09,CoolloveCoin,1,10,2,1,1,1,0,0.0,0.001631912,0.001636026,1.890431e-05,1.890395e-05,1.890431e-05,1.890395e-05,inf,1.173388e-06,4.947924e-06
SRC,2013-09-28,2013-08-10,baritus,1,610,39,90,901,818,83,0.03406338,0.0101502,0.01026954,0.0008113113,9.697868e-05,0.0008119957,9.698154e-05,3,0.001075532,0.002961822
FAIR,2014-03-22,2014-07-21,FairCoinTeam,1,0,0,1,3,3,0,0.0,0.001453947,0.001455694,1.645711e-05,1.645549e-05,1.645711e-05,1.645549e-05,inf,1.113152e-06,4.663336e-06
DIME,2014-01-06,2013-12-24,dimecoin,1,155,20,1,18,18,0,0.03921569,0.0044417,0.004458576,0.0004790729,4.182176e-05,0.0004792597,4.182176e-05,3,1.819414e-05,6.159558e-05
XMG,2014-09-24,2014-08-13,joelao95,1,246,3,219,27,22,5,0.04558405,0.001414052,0.001415607,0.0001117514,2.09799e-05,0.0001117576,2.098001e-05,4,1.495252e-05,5.104347e-05
HEX,2014-03-15,2014-02-23,Heisenbergprime,1,8,1,1,2,2,0,0.0,0.002226903,0.002231936,2.42742e-05,2.427302e-05,2.42742e-05,2.427302e-05,inf,2.180592e-06,9.408092e-06
COMM,2014-04-15,2014-03-26,communitycoin,1,128,3,1,111,111,0,0.004422604,0.001785518,0.001787924,0.0001801385,2.131605e-05,0.0001801636,2.131605e-05,3,2.459823e-05,6.165134e-05
CS,2015-08-04,2015-03-01,xPooky,1,666,2,169,73,49,24,0.06468798,0.001140179,0.001141343,9.163052e-05,1.839128e-05,9.163802e-05,1.839134e-05,4,1.395629e-05,4.608087e-05
XMR,2014-05-20,2014-05-18,superresistant,1,811,6,367,275,38,237,0.06379664,0.001616551,0.00161901,0.0001348062,2.415145e-05,0.0001348183,2.415154e-05,3,1.96194e-05,3.94244e-05
SNRG,2015-06-08,2015-05-27,Grandpa Jones,1,159,1,1,27,27,0,0.03133903,0.001097381,0.001098345,8.637575e-05,1.343616e-05,8.638034e-05,1.343616e-05,4,1.18025e-05,3.823591e-05
NMC,2013-04-28,2012-11-09,phelix,1,657,29,568,266,142,124,0.1524422,0.02922044,0.03007497,0.001478528,0.0002812539,0.001480565,0.0002812805,2,0.0008177363,0.001223174
LOG,2015-03-22,2014-10-23,funkenstein,1,176,6,1,12,12,0,0.07575758,0.001268517,0.001269715,0.0001021405,1.484935e-05,0.000102147,1.484935e-05,4,8.413035e-06,2.80524e-05
MNTA,2014-08-30,2014-08-14,MonetaCoin,1,24,1,1,4,4,0,0.1666667,0.001406949,0.001408686,0.0001116208,1.593676e-05,0.0001116284,1.593676e-05,4,1.210987e-05,2.961485e-05
WDC,2013-05-22,2013-05-15,WorldCoin,1,12,2,1,52,52,0,0.1410256,0.01334646,0.01348064,0.0009698861,8.741259e-05,0.0009705906,8.741259e-05,3,8.662738e-05,0.0002574472
LOT,2013-12-28,2013-12-27,cozie,1,59,3,305,60,57,3,0.06045198,0.004312529,0.004324853,0.0004401382,5.686093e-05,0.0004402639,5.686174e-05,3,4.411869e-05,0.0001154804
ARCH,2014-10-06,2014-10-09,cryptobooster,1,2,1,4,28,26,2,0.06349206,0.001278299,0.00127975,0.0001028433,1.973951e-05,0.0001028493,1.973959e-05,4,6.962192e-06,2.502979e-05
AIB,2015-04-30,2015-04-12,aib,1,6,1,1,2,2,0,0.0,0.001117284,0.001118251,1.366382e-05,1.366344e-05,1.366382e-05,1.366344e-05,inf,7.962408e-07,3.307492e-06
QRK,2013-08-25,2013-07-22,quarkcoin,1,27,2,3,54,53,1,0.07267645,0.01111865,0.01121561,0.0008459787,6.736275e-05,0.0008464737,6.736275e-05,3,9.371351e-05,0.0002377631
SOL,2014-09-07,2014-01-08,Solcoin Project,1,95,2,1,28,28,0,0.02116402,0.003783991,0.003797254,0.0003790091,3.619123e-05,0.0003791009,3.619123e-05,4,2.128756e-05,7.193345e-05
GAP,2014-11-01,2014-06-12,j0nn9,1,68,2,1,12,12,0,0.01515152,0.001564232,0.001566218,0.0001256979,1.746237e-05,0.0001257093,1.746237e-05,4,3.429527e-06,1.176972e-05
DIBS,2015-06-24,2015-06-17,DIBBITSdev,1,1,1,1,9,9,0,0.02777778,0.00108876,0.001089871,8.51594e-05,1.334187e-05,8.51651e-05,1.334187e-05,4,1.134031e-06,4.324139e-06
NSR,2014-10-25,2015-02-15,drakoin,1,489,12,432,204,72,132,0.03126372,0.001157738,0.001159139,9.286635e-05,1.849609e-05,9.287169e-05,1.849615e-05,4,2.186156e-05,7.495848e-05
UTC,2014-02-09,2014-01-14,bumface,1,110,1,10,20,18,2,0.04736842,0.003815569,0.00382734,0.0003621719,4.817447e-05,0.0003622654,4.817495e-05,4,3.905504e-05,0.0001129835
XVI,2015-07-02,2015-06-09,Viecoin,1,281,3,453,77,18,59,0.04066986,0.001091622,0.001092565,8.557766e-05,1.777917e-05,8.55822e-05,1.777924e-05,4,4.083585e-06,1.160782e-05
XCASH,2014-09-11,2014-09-02,johnnyxcash,1,28,1,1,10,10,0,0.08888889,0.001358283,0.001359871,0.0001075,1.555137e-05,0.0001075099,1.555137e-05,4,2.191503e-06,8.170266e-06
HTML5,2014-09-19,2014-12-13,KCoinH,1,0,0,35,2,1,1,0.0,0.001222743,0.001223853,1.440528e-05,1.899958e-05,1.440528e-05,1.899964e-05,inf,9.096546e-07,3.786294e-06
PINK,2014-05-11,2014-05-25,sonysasankan,1,437,1,92,160,4,156,0.0341195,0.001592703,0.001595326,0.0001329996,2.375892e-05,0.0001330096,2.375905e-05,4,1.283808e-06,5.062832e-06
ARG,2013-07-04,2013-06-11,eddyfitz,1,201,2,35,22,0,22,0.1948052,0.01249676,0.01267599,7.628347e-05,0.0001167574,7.628347e-05,0.000116763,inf,3.631744e-06,1.492295e-05
ARI,2014-02-20,2015-01-01,Aricoin,1,0,0,127,102,101,1,0.00990099,0.001190356,0.001191422,9.549039e-05,1.884098e-05,9.549752e-05,1.884104e-05,4,2.34936e-05,7.465396e-05
TRUST,2014-07-10,2014-06-22,mitchellmint,1,354,3,118,26,14,12,0.1466667,0.001524016,0.001525942,0.000123191,2.26139e-05,0.0001232027,2.261399e-05,4,2.327757e-06,7.848156e-06
NYAN,2014-02-09,2013-12-22,myhoho,1,169,6,889,131,45,86,0.063992,0.004815489,0.004836462,0.0004782263,6.087351e-05,0.0004783776,6.087448e-05,3,3.988759e-05,8.761625e-05
HBN,2013-12-20,2013-07-25,thundertoe,1,219,35,779,63,39,24,0.1300899,0.01089592,0.01101171,0.0008326275,0.0001004047,0.0008333073,0.0001004073,3,4.334157e-05,0.0001091621
TIX,2013-11-03,2013-09-21,Lottery Tickets,1,193,4,1,47,47,0,0.0906568,0.00934608,0.009417485,0.0007379606,6.059504e-05,0.0007383869,6.059504e-05,3,4.129018e-05,0.0001215645
TIT,2014-08-25,2014-11-11,titcoinfoundation,1,0,0,1,2,2,0,0.0,0.001250817,0.001252425,0.0001004572,1.46619e-05,0.0001004653,1.46619e-05,4,6.794517e-06,2.068486e-05
DRS,2014-06-15,2014-05-02,Nthused,1,988,16,122,206,63,143,0.04485892,0.001642778,0.001645237,0.0001481222,2.560001e-05,0.0001481462,2.560013e-05,3,1.76012e-05,4.529926e-05
NAN,2013-07-17,2013-12-21,camodude009,1,0,0,85,4,2,2,0.5,0.004871532,0.004894479,0.0004920146,6.177142e-05,0.0004922305,6.177243e-05,4,5.694847e-06,1.864291e-05
CCN,2014-04-25,2014-03-25,Cannacoin,1,76,3,31,18,16,2,0.0,0.001787954,0.001790436,0.0001832259,2.855614e-05,0.0001832437,2.855632e-05,4,3.124301e-06,1.193665e-05
NAV,2014-06-12,2014-07-07,SUM2dev,1,0,0,14,42,42,0,0.03368177,0.001474612,0.001476413,0.000117489,1.678754e-05,0.0001174997,1.678754e-05,4,1.319418e-05,4.835817e-05
BOB,2014-08-27,2014-01-11,deeppurple72,1,373,74,195,21,12,9,0.1333333,0.003746368,0.003756747,0.0003653904,4.937875e-05,0.0003654738,4.937928e-05,4,2.777399e-06,1.115603e-05
BOD,2015-06-18,2015-06-17,SalimNagamato,1,1055,3,355,227,50,177,0.04284113,0.001089493,0.001090693,8.515515e-05,1.774293e-05,8.51616e-05,1.774298e-05,4,4.86148e-06,1.495378e-05
SHLD,2014-07-12,2014-07-09,shieldcoindevs,1,28,1,1,34,34,0,0.003565062,0.00147678,0.001478463,0.0001170338,1.673388e-05,0.0001170423,1.673388e-05,3,4.11955e-06,1.458768e-05
SXC,2013-12-08,2013-08-14,gr33k,1,93,7,13,16,10,6,0.2095238,0.009872097,0.009959575,0.0007965335,9.617297e-05,0.0007970706,9.617627e-05,4,2.177486e-05,6.232601e-05
CENT,2014-08-25,2013-08-14,feeleep,1,644,28,101,137,92,45,0.1069859,0.009918946,0.01004012,0.0007968519,9.617552e-05,0.0007973317,9.61789e-05,3,0.0001100582,0.0003234537
LYC,2014-04-11,2014-02-09,vampirecoin,1,35,3,1,13,13,0,0.06410256,0.002614733,0.002624477,0.0002741185,2.640613e-05,0.0002742073,2.640613e-05,4,2.495329e-06,1.037425e-05
NXT,2013-12-04,2013-09-29,BCNext,1,230,10,1,14,14,0,0.07692308,0.009338695,0.009413119,0.0007214183,6.002401e-05,0.0007218308,6.002401e-05,3,1.563867e-05,4.646355e-05
BQC,2013-05-08,2013-05-08,gritter,1,51,2,3,23,21,2,0.1385281,0.01513839,0.01539774,0.001056872,0.0001456251,0.001057791,0.0001456367,4,4.51785e-05,0.0001482132
NXE,2015-03-22,2015-03-06,NXE,1,80,1,1,8,8,0,0.0,0.001140848,0.001141995,9.133186e-05,1.38629e-05,9.134144e-05,1.38629e-05,5,1.083831e-06,4.495772e-06
OK,2014-12-14,2015-04-18,OKtoshi,1,0,0,1,2,2,0,0.0,0.001117655,0.001118864,8.935032e-05,1.363661e-05,8.935679e-05,1.363661e-05,4,9.737638e-07,3.759529e-06
CRAIG,2014-09-30,2014-12-19,tokyoghetto,1,1216,27,463,694,306,388,0.03868265,0.001220141,0.001221783,9.666797e-05,1.895002e-05,9.667605e-05,1.895011e-05,3,0.0001250341,0.0003146727
OC,2014-05-13,2014-04-24,Orangecoin,1,59,1,1,14,14,0,0.03296703,0.001671754,0.00167411,0.0001594058,1.981768e-05,0.0001594268,1.981768e-05,4,5.590384e-06,1.974007e-05
BVC,2014-10-04,2014-08-30,Sumpfbiene,1,114,4,207,20,16,4,0.05789474,0.001371373,0.001373418,0.0001079863,2.050161e-05,0.000107993,2.050169e-05,4,5.556346e-06,2.020313e-05
NTRN,2015-04-21,2015-04-26,TeamNeutron,1,0,0,5,21,20,1,0.08095238,0.001117999,0.001119133,8.862351e-05,1.358973e-05,8.86277e-05,1.358973e-05,4,2.415388e-06,9.284683e-06
FST,2013-07-04,2013-05-30,fast-coin,1,49,3,1,96,96,0,0.07982456,0.01284181,0.01300089,0.0009108246,7.916403e-05,0.0009114308,7.916403e-05,3,0.0002278941,0.000708407
HZ,2014-07-14,2014-10-15,Pizpie,1,48,0,147,22,6,16,0.05194805,0.001283041,0.001284838,0.0001019516,1.964766e-05,0.0001019605,1.964776e-05,5,2.027821e-06,8.448523e-06
XST,2014-07-10,2014-07-29,TheTrollUHate,1,3,0,124,4,1,3,0.0,0.00144816,0.00145024,0.0001120309,2.136904e-05,0.00011204,2.136915e-05,5,1.018969e-06,4.131932e-06
CLOAK,2014-06-06,2014-06-04,TheDagger,1,43,2,4,146,146,0,0.01218706,0.001567455,0.001570167,0.0001293794,1.770444e-05,0.0001293911,1.770444e-05,3,2.895389e-05,9.789458e-05
QSLV,2014-11-13,2014-11-01,QuicksilverCoin,1,40,2,6,14,14,0,0.0,0.001261992,0.001263588,0.0001009324,1.475209e-05,0.0001009377,1.475209e-05,4,3.463943e-06,1.195268e-05
LKY,2013-06-14,2013-05-25,LuckyC,1,6,2,1,131,131,0,0.08009395,0.01354332,0.0136753,0.0009251725,8.126778e-05,0.0009257355,8.126778e-05,3,0.0001929264,0.000575934
XSI,2014-04-23,2015-05-26,she9888,1,22,0,414,16,7,9,0.1428571,0.00109614,0.001097133,8.646296e-05,1.786169e-05,8.646681e-05,1.786177e-05,4,1.843327e-06,6.614727e-06
VIOR,2014-11-23,2015-05-08,MikeMike,1,63,0,420,24,12,12,0.05928854,0.001110741,0.001111898,8.750839e-05,1.793958e-05,8.751438e-05,1.793966e-05,4,5.039241e-06,1.520759e-05
TRON,2015-04-14,2015-04-12,positrondev,1,23,1,1,51,51,0,0.02901961,0.001118279,0.001119133,8.975523e-05,1.366344e-05,8.976008e-05,1.366344e-05,4,5.845738e-06,2.055602e-05
AMC,2013-06-09,2013-05-30,schnebi,1,172,13,27,47,18,29,0.2292929,0.01283299,0.01300724,0.0008925907,0.0001212167,0.0008931659,0.0001212212,3,3.39564e-05,0.0001056169
PTC,2014-02-22,2014-01-16,CryptoMP,1,154,10,32,150,143,7,0.0233557,0.003816695,0.003833756,0.0003600742,4.750624e-05,0.0003601794,4.750699e-05,4,4.721071e-05,0.0001783848
ROS,2014-09-30,2014-09-05,godivacoin,1,77,3,1,3,3,0,0.0,0.001346221,0.001347817,0.0001070968,1.549667e-05,0.0001071055,1.549667e-05,6,9.115379e-07,3.797601e-06
TRI,2014-07-21,2014-07-17,3angle,1,12,1,1,11,10,1,0.09090909,0.001461075,0.001462659,0.0001144443,1.654698e-05,0.0001144509,1.654698e-05,4,1.749004e-06,6.372564e-06
TRK,2014-07-16,2014-06-04,truckcoin,1,67,2,1,19,19,0,0.01754386,0.001566745,0.001568807,0.0001292728,1.770444e-05,0.0001292871,1.770444e-05,4,3.997275e-06,1.483544e-05
TRL,2014-09-30,2014-02-08,TrollCoins,1,100,2,1,7,7,0,0.0,0.002654324,0.002660622,0.0002799716,2.65915e-05,0.0002800207,2.65915e-05,5,1.801548e-06,7.840355e-06
AM,2014-07-07,2015-02-15,aeros,1,29,1,238,221,220,1,0.01246401,0.001157478,0.001158801,9.286754e-05,1.849599e-05,9.287282e-05,1.84961e-05,4,4.699711e-05,0.0001535035
TRC,2013-04-28,2013-01-22,weenfan,1,5,1,7,1,0,1,0.0,0.025494,0.02618498,0.000155521,0.0002663152,0.000155521,0.0002663407,inf,7.978851e-06,3.163036e-05
USDe,2014-02-06,2014-01-12,USD-e,1,87,7,1,39,39,0,0.02968961,0.003798988,0.00381129,0.0003637176,3.488453e-05,0.0003637898,3.488453e-05,4,2.148456e-05,7.893925e-05
VOOT,2014-06-12,2014-05-30,vootcoin_dev,1,3,2,1,2,2,0,0.0,0.001573782,0.001576521,1.787566e-05,1.787502e-05,1.787566e-05,1.787502e-05,inf,1.144789e-06,4.816351e-06
MYST,2015-02-06,2015-01-30,solacedev,1,25,1,1,30,30,0,0.05517241,0.001162496,0.001163523,9.368977e-05,1.406628e-05,9.369594e-05,1.406628e-05,4,4.965692e-06,1.801029e-05
ENRG,2014-05-15,2014-04-30,energycr,1,123,1,1,60,60,0,0.01468927,0.001638829,0.001641002,0.0001488614,1.940918e-05,0.0001488767,1.940918e-05,4,5.540389e-05,0.0001650627
NOXT,2014-12-06,2014-11-01,Rofo,1,403,9,314,1143,1036,107,0.009071368,0.001263115,0.001264795,0.0001009301,1.941467e-05,0.000100938,1.941476e-05,3,0.0002724633,0.0008729726
NEC,2014-03-26,2013-07-26,Neo8,1,87,15,1,30,30,0,0.1770115,0.01085724,0.01096008,0.0008346001,6.667556e-05,0.0008351482,6.667556e-05,3,3.096363e-05,9.100566e-05
XNC,2013-07-25,2013-05-23,XenCoin,1,62,3,1,15,11,4,0.2571429,0.01427894,0.01445141,0.0009257618,0.0001258648,0.0009265049,0.0001258691,3,2.405336e-05,6.417041e-05
ACP,2015-07-13,2015-03-25,ACP,1,67,5,1,7,7,0,0.1904762,0.001129412,0.001130474,9.087152e-05,1.375856e-05,9.087745e-05,1.375856e-05,4,1.50358e-06,5.348652e-06
NET,2013-12-17,2013-12-26,binaryclock,1,25,2,11,41,27,14,0.04634146,0.00444312,0.004464486,0.0004554717,5.766469e-05,0.0004556563,5.766552e-05,4,1.349178e-05,5.338227e-05
SILK,2014-05-11,2014-02-13,silkcoinproject,1,2,1,1,3,3,0,0.0,0.002383058,0.002388985,0.0002598701,2.572943e-05,0.0002599171,2.572943e-05,5,1.532332e-06,6.322907e-06
PMP,2014-10-20,2014-06-26,TheMightyX,1,882,4,354,294,11,283,0.01676302,0.00151351,0.001515313,0.0001214381,2.245049e-05,0.0001214494,2.245056e-05,4,2.913354e-06,1.091507e-05
GRAV,2015-05-04,2015-05-03,gravitondev,1,10,1,1,62,62,0,0.01956637,0.001112095,0.001112999,8.7816e-05,1.35439e-05,8.782115e-05,1.35439e-05,4,5.725815e-06,2.194576e-05
NBL,2013-06-14,2013-05-19,hyoshi,1,101,9,1,93,93,0,0.08719028,0.01411482,0.01425562,0.0009452824,8.497621e-05,0.0009458377,8.497621e-05,3,0.0001880956,0.0005234319
CORG,2014-02-21,2014-02-03,corgicoin,1,50,1,1,59,59,0,0.01987142,0.002914636,0.002921608,0.0002978555,2.781254e-05,0.000297929,2.781254e-05,4,1.516151e-05,4.961789e-05
ELC,2013-06-09,2013-05-15,feeleep,1,103,10,10,34,30,4,0.05347594,0.01330941,0.01348813,0.000967557,0.0001349926,0.0009683744,0.0001349975,4,4.587244e-05,0.0001631817
RBBT,2014-08-30,2014-02-16,rabbitcointeam,1,33,1,1,3,3,0,0.0,0.002372037,0.002377574,0.0002529202,2.529404e-05,0.0002529667,2.529404e-05,5,2.022115e-06,7.855066e-06
J,2014-08-25,2014-08-14,Love_of_Algo,1,25,1,1,41,41,0,0.02195122,0.001408182,0.001409696,0.0001116268,1.593676e-05,0.0001116358,1.593676e-05,4,1.45539e-05,5.000793e-05
GME,2013-08-25,2013-05-13,gamecoin,1,23,1,1,108,108,0,0.06715126,0.01432703,0.01446831,0.00099125,8.855827e-05,0.0009919063,8.855827e-05,3,0.0001969242,0.0005773075
FLT,2014-03-20,2014-03-05,coolisbad,1,185,1,48,72,45,27,0.05320814,0.002020038,0.002024577,0.0002178456,3.102923e-05,0.0002178865,3.102945e-05,4,1.39813e-05,4.462165e-05
RDD,2014-02-09,2014-01-21,ReddCoin,1,63,3,1,59,59,0,0.02863822,0.003633948,0.003645277,0.0003444224,3.252033e-05,0.000344506,3.252033e-05,4,1.306433e-05,4.836578e-05
ADC,2015-06-05,2015-06-14,cryptobloguk,1,3,0,342,6,4,2,0.0,0.00108746,0.00108867,8.52961e-05,1.775258e-05,8.530074e-05,1.775264e-05,4,8.983987e-07,3.583289e-06
DIEM,2014-04-28,2014-03-14,Carpe Diem Coin,1,352,11,1,33,32,1,0.03598485,0.00187541,0.001878337,0.0001985918,2.969841e-05,0.0001986276,2.969859e-05,4,2.497634e-05,9.234106e-05
MINT,2014-02-19,2014-02-06,mintcointeam,1,33,1,1,7,7,0,0.0,0.002740995,0.002746992,0.000286577,2.705335e-05,0.0002866426,2.705335e-05,5,3.654603e-06,1.475961e-05
AEON,2015-08-04,2014-06-07,aeon,1,65,1,1,25,25,0,0.01,0.001581776,0.001583735,0.0001273316,1.760656e-05,0.0001273443,1.760656e-05,4,3.472161e-06,1.190637e-05
ELT,2014-06-12,2014-05-26,electron-coin,1,17,1,1,12,12,0,0.01515152,0.001591135,0.001593323,0.000132753,1.803947e-05,0.000132768,1.803947e-05,4,2.863849e-06,9.97754e-06
LEA,2015-04-19,2015-03-31,tattooman67,1,30,1,92,13,10,3,0.05128205,0.001130713,0.001131759,9.056818e-05,1.819007e-05,9.057339e-05,1.819014e-05,4,8.850048e-06,2.893652e-05
MEC,2013-07-07,2013-05-30,kimoto,1,73,3,1,37,37,0,0.1921922,0.01282418,0.01295779,0.000893609,7.916403e-05,0.0008942209,7.916403e-05,3,5.347302e-05,0.0001522995
HIRO,2014-03-26,2014-04-14,dupee419,1,229,3,230,164,21,143,0.1030069,0.001713135,0.001716346,0.0001686237,2.710729e-05,0.000168646,2.710746e-05,4,9.502026e-06,2.727991e-05
NAUT,2014-05-15,2014-05-02,BK_PHI,1,80,1,1,18,18,0,0.02614379,0.0016408,0.001643447,0.0001481571,1.931994e-05,0.0001481747,1.931994e-05,4,1.731624e-05,5.956128e-05
CIRC,2015-06-18,2015-06-01,CryptoCircuits,1,31,2,1,10,10,0,0.02222222,0.001097039,0.001098072,8.612014e-05,1.3414e-05,8.61249e-05,1.3414e-05,6,1.047966e-06,4.338417e-06
GDC,2013-12-17,2013-12-17,binaryclock,1,25,2,2,12,5,7,0.04545455,0.00493745,0.004976085,4.558716e-05,6.556587e-05,4.558716e-05,6.556725e-05,inf,7.668444e-06,3.219294e-05
VIRAL,2015-05-08,2014-03-07,maco,1,624,30,282,421,328,93,0.02905535,0.001985731,0.00199004,0.0002118742,3.069513e-05,0.0002119135,3.069537e-05,3,0.000196535,0.0004718509
IFC,2013-07-10,2013-06-06,fisheater,1,387,12,29,172,107,65,0.1825685,0.01254348,0.01270873,0.0008689626,0.0001186293,0.000869597,0.0001186337,3,0.0001897618,0.000544443
MSC,2013-12-24,2013-12-12,prophetx,1,140,4,218,67,21,46,0.1044776,0.005502734,0.005532382,0.0005793667,6.937905e-05,0.0005796183,6.938026e-05,3,2.524037e-05,5.581888e-05
QCN,2014-05-26,2014-05-09,OracionSeis,1,232,10,348,86,67,19,0.08492507,0.001636972,0.00163974,0.0001436371,2.498905e-05,0.0001436493,2.498922e-05,4,5.391794e-05,0.0001517205
KARM,2014-02-08,2014-02-04,Karmagood,1,19,1,1,9,9,0,0.0,0.002838089,0.002845653,0.0002965088,2.758697e-05,0.0002965782,2.758697e-05,4,7.149138e-06,2.165252e-05
EAC,2013-12-28,2013-12-21,earthcoin,1,30,3,1,22,19,3,0.04329004,0.004871867,0.004894324,0.0004919853,6.177099e-05,0.0004921694,6.177231e-05,4,1.800383e-05,6.323772e-05
PXL,2015-04-07,2015-03-11,PLX_Dev,1,42,1,1,17,17,0,0.03676471,0.001135921,0.001136919,9.106012e-05,1.383336e-05,9.106704e-05,1.383336e-05,4,2.231055e-06,8.482145e-06
PXC,2013-07-04,2013-11-12,ghostlander,1,19,0,204,50,25,25,0.1641156,0.008630836,0.008695844,0.0007021832,8.417743e-05,0.0007025903,8.417918e-05,3,2.405481e-05,6.796412e-05
TB,2015-05-15,2015-05-12,TeleBetteam,1,9,1,1,42,42,0,0.05110337,0.001104851,0.00110577,8.734142e-05,1.350038e-05,8.734779e-05,1.350038e-05,4,3.811678e-06,1.409774e-05
AC,2014-04-20,2014-04-12,AsiaCoin,1,61,1,1,5,5,0,0.0,0.001716178,0.001719227,0.0001699151,2.043819e-05,0.0001699335,2.043819e-05,5,2.859127e-06,1.03689e-05
ICN,2014-02-17,2013-12-24,speedminer,1,54,4,1,1,0,1,0.0,0.004414217,0.00443081,4.182176e-05,4.18235e-05,4.182176e-05,4.18235e-05,inf,1.927624e-06,8.085125e-06
ICB,2014-07-16,2014-07-02,Icebergcoin,1,91,1,1,40,40,0,0.01538462,0.001476672,0.001478238,0.0001182662,1.69262e-05,0.000118273,1.69262e-05,4,4.563747e-06,1.703895e-05
METAL,2015-01-28,2014-11-28,MetalCoinTeam,1,65,1,1,21,21,0,0.03333333,0.001237207,0.001238484,9.828601e-05,1.451252e-05,9.829276e-05,1.451252e-05,4,2.760176e-06,1.0103e-05
START,2014-06-15,2014-06-14,startcoinproject,1,2,1,1,11,11,0,0.05454545,0.001557065,0.00155907,0.0001254298,1.740644e-05,0.0001254434,1.740644e-05,4,1.963393e-06,7.773047e-06
CND,2014-10-24,2014-11-27,altcoin.center,1,51,3,80,42,31,11,0.06097561,0.001239049,0.001240191,9.83651e-05,1.913265e-05,9.837207e-05,1.913274e-05,4,8.623052e-06,2.528886e-05
AU,2014-10-09,2014-09-24,aucoin,1,37,1,1,13,13,0,0.05128205,0.001304889,0.001306231,0.0001045411,1.52082e-05,0.0001045492,1.52082e-05,4,2.341244e-06,9.134405e-06
CNC,2013-05-08,2013-05-02,blastbob,1,501,25,25,586,526,60,0.01512906,0.01502458,0.01526276,0.001094519,0.0001564301,0.001095644,0.0001564398,3,0.001631295,0.004971501
AMBER,2015-02-06,2015-02-03,AmberCoinDev,1,57,2,1,12,12,0,0.1515152,0.001165043,0.001166616,9.355763e-05,1.404613e-05,9.356681e-05,1.404613e-05,4,1.162153e-06,4.479099e-06
CNL,2014-07-21,2014-07-19,ConcealCoin,1,4,1,1,58,58,0,0.01149425,0.001457527,0.001459057,0.0001135284,1.649866e-05,0.0001135373,1.649866e-05,4,7.655925e-06,2.636493e-05
CRYPT,2014-05-26,2014-05-21,ccryptcoin,1,21,1,1,6,6,0,0.0,0.001595781,0.001598301,0.0001341779,1.821626e-05,0.0001341966,1.821626e-05,4,1.86482e-06,7.014574e-06
NKA,2015-01-28,2013-11-14,Tsunamirain,1,108,9,99,49,41,8,0.09158187,0.008703877,0.008787971,0.0006944068,8.3796e-05,0.0006948608,8.379868e-05,3,3.102896e-05,8.175747e-05
ZCC,2014-08-05,2013-08-06,zccoin,1,69,2,1,3,3,0,0.0,0.01014429,0.01026275,0.0008118524,6.521456e-05,0.0008124889,6.521456e-05,4,7.43619e-06,2.56122e-05
NOTE,2015-05-07,2014-02-17,DNotes,1,148,4,1,1,1,0,0.0,0.002343622,0.002349541,0.0002497401,2.510923e-05,0.0002497835,2.510923e-05,4,1.293412e-06,5.45469e-06
KGC,2013-07-07,2013-06-30,ethought,1,176,9,50,58,37,21,0.09376891,0.01136793,0.01152939,0.0008627052,0.0001087345,0.0008633799,0.0001087386,3,5.411245e-05,0.0001555387
EZC,2013-07-04,2013-05-31,ezcoin,1,64,3,2,53,52,1,0.1001451,0.01264078,0.01285008,0.0008959571,7.893906e-05,0.0008968037,7.893906e-05,4,0.0001006234,0.0003293117
