coin,earliest_trade_date,network_date,user1,user1_num_mentions,user1_num_posts,user1_num_subjects,user1_days_since_first_post,user1_degree_total,user1_degree_incoming,user1_degree_outgoing,user1_clustering_coefficient,user1_closeness_centrality_unweighted,user1_closeness_centrality_weighted,user1_closeness_centrality_incoming_unweighted,user1_closeness_centrality_outgoing_unweighted,user1_closeness_centrality_incoming_weighted,user1_closeness_centrality_outgoing_weighted,user1_betweenness_centrality_weighted,user1_satoshi_distance,user1_satoshi_pagerank_weighted,user1_pagerank_weighted
AXR,2014-08-27,2014-08-15,Project Axron,1,118,1,1,0,0,0,0.0,1.591723e-05,1.591723e-05,1.591723e-05,1.591723e-05,1.591723e-05,1.591723e-05,0.0,inf,8.798088e-07,3.678028e-06
NYAN,2014-02-09,2013-12-22,myhoho,1,169,6,889,131,45,86,0.063992,0.004815489,0.004836462,0.0004782263,6.087351e-05,0.0004783776,6.087448e-05,96677.18,3,3.988759e-05,8.761625e-05
WDC,2013-05-22,2013-05-15,WorldCoin,1,12,2,1,52,52,0,0.1410256,0.01334646,0.01348064,0.0009698861,8.741259e-05,0.0009705906,8.741259e-05,0.0,3,8.662738e-05,0.0002574472
TIX,2013-11-03,2013-09-21,Lottery Tickets,1,193,4,1,47,47,0,0.0906568,0.00934608,0.009417485,0.0007379606,6.059504e-05,0.0007383869,6.059504e-05,0.0,3,4.129018e-05,0.0001215645
CKC,2014-09-19,2014-07-30,BitsendInc,1,74,1,1,17,17,0,0.007352941,0.001444416,0.001446117,0.000112591,1.624722e-05,0.0001125996,1.624722e-05,0.0,4,4.775633e-06,1.675428e-05
CANN,2014-08-02,2014-04-21,CannabisCoinDev,1,189,13,18,29,29,0,0.04679803,0.001652574,0.001655206,0.0001629383,1.998242e-05,0.0001629598,1.998242e-05,0.0,4,6.244498e-06,2.033945e-05
GSX,2014-11-23,2014-11-11,glowshares,1,50,1,1,15,15,0,0.04761905,0.001250974,0.00125206,0.0001004559,1.46619e-05,0.0001004615,1.46619e-05,0.0,4,2.122413e-06,7.830018e-06
DRS,2014-06-15,2014-05-02,Nthused,1,988,16,122,206,63,143,0.04485892,0.001642778,0.001645237,0.0001481222,2.560001e-05,0.0001481462,2.560013e-05,963583.9,3,1.76012e-05,4.529926e-05
DIEM,2014-04-28,2014-03-14,Carpe Diem Coin,1,352,11,1,33,32,1,0.03598485,0.00187541,0.001878337,0.0001985918,2.969841e-05,0.0001986276,2.969859e-05,76843.84,4,2.497634e-05,9.234106e-05
HVC,2014-03-12,2014-03-09,keccak512,1,242,2,294,442,436,6,0.003421975,0.001957573,0.001961293,0.0002070856,3.034845e-05,0.0002071137,3.034864e-05,2066649.0,3,0.0003200175,0.00111331
XBS,2015-01-13,2015-01-12,Bitstake,1,8,1,1,46,46,0,0.03574879,0.001181787,0.001182728,9.463932e-05,1.417816e-05,9.464505e-05,1.417816e-05,0.0,4,4.551779e-06,1.696346e-05
CORG,2014-02-21,2014-02-03,corgicoin,1,50,1,1,59,59,0,0.01987142,0.002914636,0.002921608,0.0002978555,2.781254e-05,0.000297929,2.781254e-05,0.0,4,1.516151e-05,4.961789e-05
LIT,2014-07-05,2014-06-13,Lightcoinproject,1,34,1,1,6,6,0,0.0,0.001563826,0.001566114,0.0001257662,1.743558e-05,0.0001257783,1.743558e-05,0.0,5,1.107025e-06,4.617553e-06
NAS,2014-04-15,2014-02-17,DNotes,1,142,3,1,1,1,0,0.0,0.002343622,0.002349541,0.0002497401,2.510923e-05,0.0002497835,2.510923e-05,0.0,4,1.293412e-06,5.45469e-06
HBN,2013-12-20,2013-08-11,lucazane,1,163,9,72,29,2,27,0.3078818,0.009996934,0.01014728,0.0008071252,9.689282e-05,0.0008076241,9.689686e-05,16.03333,4,4.237224e-06,1.574379e-05
NAV,2014-06-12,2014-05-27,soopy452000,1,982,46,193,505,469,36,0.01804375,0.001590472,0.001593089,0.0001321034,2.364149e-05,0.000132119,2.364162e-05,1539694.0,4,0.0001414192,0.000442702
GHC,2014-10-10,2014-09-26,coinweaver,1,154,5,224,265,256,9,0.01416422,0.001304,0.001305648,0.0001043086,1.993995e-05,0.0001043171,1.994003e-05,690951.5,3,0.0001160062,0.0003539252
GAIA,2014-10-11,2013-12-28,JonnyBravo,1,95,9,221,47,39,8,0.07678076,0.004220687,0.004233571,0.0004351212,5.628831e-05,0.0004352441,5.62891e-05,27490.51,4,6.330286e-05,0.0001836771
BSTY,2014-10-03,2014-09-11,wgd,1,101,1,175,18,4,14,0.09150327,0.001332758,0.001334846,0.0001062007,2.022916e-05,0.000106207,2.022925e-05,9939.595,5,4.569538e-06,1.741528e-05
SHLD,2014-07-12,2014-07-09,shieldcoindevs,1,28,1,1,34,34,0,0.003565062,0.00147678,0.001478463,0.0001170338,1.673388e-05,0.0001170423,1.673388e-05,0.0,3,4.11955e-06,1.458768e-05
AMBER,2015-02-06,2015-02-03,AmberCoinDev,1,57,2,1,12,12,0,0.1515152,0.001165043,0.001166616,9.355763e-05,1.404613e-05,9.356681e-05,1.404613e-05,0.0,4,1.162153e-06,4.479099e-06
SXC,2013-12-08,2013-08-14,gr33k,1,93,7,13,16,10,6,0.2095238,0.009872097,0.009959575,0.0007965335,9.617297e-05,0.0007970706,9.617627e-05,27.5,4,2.177486e-05,6.232601e-05
XQN,2014-11-23,2014-11-12,CedricQuotient,1,78,2,1,28,28,0,0.06084656,0.001251205,0.001252489,0.0001003576,1.465201e-05,0.0001003646,1.465201e-05,0.0,4,5.388444e-06,1.78358e-05
PRC,2014-02-20,2014-01-30,inmean,1,76,4,1,15,15,0,0.01904762,0.003045675,0.003054109,0.0003053551,2.880018e-05,0.0003054154,2.880018e-05,0.0,4,4.478475e-06,1.789364e-05
MONA,2014-03-20,2013-12-31,2chpool,1,2,1,1,2,2,0,0.0,3.882892e-05,3.882892e-05,3.882892e-05,3.88259e-05,3.882892e-05,3.88259e-05,0.0,inf,4.89689e-06,2.049696e-05
MEOW,2014-01-24,2013-12-25,lonestar108,1,26,2,41,57,55,2,0.02272727,0.004290877,0.004305353,0.0004698534,5.849743e-05,0.0004700022,5.849838e-05,23495.04,4,7.359616e-05,0.0002466322
SPR,2014-10-26,2014-07-30,Mr. Spread,1,90,2,1,19,19,0,0.01169591,0.001444423,0.001446265,0.0001125929,1.624722e-05,0.0001126036,1.624722e-05,0.0,4,4.199138e-06,1.560714e-05
SPT,2013-07-25,2013-12-26,binaryclock,1,0,0,11,41,27,14,0.04634146,0.00444312,0.004464486,0.0004554717,5.766469e-05,0.0004556563,5.766552e-05,109704.1,4,1.349178e-05,5.338227e-05
RPC,2014-01-06,2013-12-29,colinistheman,1,214,24,203,202,175,27,0.05393035,0.004279942,0.004296398,0.0004350155,5.559391e-05,0.0004351657,5.559446e-05,56469.04,3,0.0002825699,0.0006128011
MRY,2014-03-03,2014-01-21,bholzer,1,294,3,175,51,26,25,0.08627451,0.00363676,0.003654337,0.0003437176,4.547601e-05,0.0003438248,4.547661e-05,41974.71,4,8.377789e-06,3.080037e-05
RIN,2014-08-02,2014-05-24,homhomhom,1,91,1,77,15,13,2,0.06666667,0.001599525,0.00160153,0.0001335698,2.380396e-05,0.0001335784,2.380408e-05,13224.45,4,2.698679e-06,1.050215e-05
PRT,2014-01-22,2014-01-01,moonmoon,1,44,6,1,116,116,0,0.02818591,0.003906042,0.003917612,0.0004114965,3.845119e-05,0.0004116224,3.845119e-05,0.0,4,6.956451e-05,0.0002450534
TAG,2013-11-05,2013-10-25,tagbond,1,106,6,26,17,16,1,0.1838235,0.008853275,0.008915268,0.0007126984,8.774196e-05,0.0007130573,8.774384e-05,580.9548,4,1.819352e-05,5.099442e-05
DRKC,2014-07-29,2014-07-26,zlibz,1,47,2,4,106,101,5,0.02156334,0.001447131,0.001449431,0.0001121803,2.143861e-05,0.0001121894,2.14387e-05,94501.7,4,1.480198e-05,5.098102e-05
YAC,2013-06-09,2013-05-06,pocopoco,1,12,1,1,34,34,0,0.1016043,0.01514991,0.01533842,0.00108208,9.602458e-05,0.001083044,9.602458e-05,0.0,3,6.305613e-05,0.0001818959
LYC,2014-04-11,2014-02-09,vampirecoin,1,35,3,1,13,13,0,0.06410256,0.002614733,0.002624477,0.0002741185,2.640613e-05,0.0002742073,2.640613e-05,0.0,4,2.495329e-06,1.037425e-05
SPA,2014-03-15,2014-03-05,SpainCoinDev,1,54,1,1,9,9,0,0.02777778,0.002018834,0.002022473,0.0002179848,2.323312e-05,0.000218024,2.323312e-05,0.0,3,7.43865e-06,2.373687e-05
GDC,2013-12-17,2013-12-17,binaryclock,1,25,2,2,12,5,7,0.04545455,0.00493745,0.004976085,4.558716e-05,6.556587e-05,4.558716e-05,6.556725e-05,20257.0,inf,7.668444e-06,3.219294e-05
IOC,2014-08-02,2014-01-16,creditcoin_CRD,1,170,3,3,34,31,3,0.03030303,0.003813554,0.003826155,0.0003600369,4.750608e-05,0.0003601467,4.75066e-05,43842.84,4,2.678918e-05,9.741735e-05
RIC,2014-02-27,2013-09-06,gatra,1,116,5,69,22,7,15,0.2121212,0.009526832,0.009637676,0.000750944,9.254425e-05,0.0007514937,9.25471e-05,737.372,4,1.304676e-05,4.404254e-05
TAK,2014-02-27,2014-02-08,TakeiCoin,1,165,13,1,14,14,0,0.02197802,0.002657683,0.002664205,0.0002801511,2.65915e-05,0.0002802046,2.65915e-05,0.0,4,5.029273e-06,1.902258e-05
NXT,2013-12-04,2013-09-29,BCNext,1,230,10,1,14,14,0,0.07692308,0.009338695,0.009413119,0.0007214183,6.002401e-05,0.0007218308,6.002401e-05,0.0,3,1.563867e-05,4.646355e-05
GLC,2013-08-04,2013-06-29,erundook,1,703,31,51,194,172,22,0.1011334,0.01126109,0.01141475,0.0008651538,0.0001090549,0.0008659027,0.0001090584,51195.0,3,0.0003253107,0.0009405015
FRAC,2014-06-15,2014-06-13,Fractalcoin,1,1,1,1,3,3,0,0.0,0.001562606,0.001564753,0.0001257623,1.743558e-05,0.0001257738,1.743558e-05,0.0,5,1.14416e-06,4.720762e-06
HAM,2014-10-26,2014-11-14,hamhrc,1,43,1,134,44,43,1,0.01162791,0.001248097,0.001249515,0.0001001041,1.926936e-05,0.0001001122,1.926944e-05,67458.58,4,8.179587e-06,3.013389e-05
XPM,2013-07-11,2013-06-29,Sunny King,1,846,28,323,405,271,134,0.07048384,0.01131186,0.01145225,0.0008654677,0.0001090569,0.0008662056,0.0001090613,834567.8,2,0.001084373,0.002146701
CRAIG,2014-09-30,2014-12-19,tokyoghetto,1,1216,27,463,694,306,388,0.03868265,0.001220141,0.001221783,9.666797e-05,1.895002e-05,9.667605e-05,1.895011e-05,7317470.0,3,0.0001250341,0.0003146727
IXC,2013-05-08,2013-05-22,niteryder,1,155,2,35,118,97,21,0.06896552,0.0141216,0.01433803,0.0009233412,0.0001269089,0.0009241023,0.0001269149,40935.74,3,0.0001416291,0.0004220487
URO,2014-06-12,2014-01-17,YourMine.org,1,203,7,4,6,4,2,0.0,0.003892497,0.003910352,0.0003610187,4.718735e-05,0.0003611224,4.718778e-05,29.41667,5,3.257872e-06,1.358473e-05
NOBL,2014-02-08,2013-12-12,AndrewNoble,1,353,1,1,13,13,0,0.0,0.005486346,0.005513616,0.0005795861,4.781029e-05,0.0005798908,4.781029e-05,0.0,3,1.454176e-05,3.523611e-05
DASH,2014-02-14,2015-04-27,gourl.io,1,0,0,1,1,1,0,0.0,0.001118523,0.001119747,1.358585e-05,1.358566e-05,1.358585e-05,1.358566e-05,0.0,inf,7.825844e-07,3.249134e-06
PIGGY,2014-06-15,2014-02-26,piggycoin,1,320,4,1,35,33,2,0.03743316,0.002159381,0.002163057,0.0002296993,3.204347e-05,0.0002297222,3.204368e-05,93918.07,3,8.320187e-06,3.341463e-05
FIMK,2014-07-12,2014-06-01,Eliphaz Fimk,1,81,2,1,3,3,0,0.0,0.00156562,0.001567658,0.0001308301,1.780849e-05,0.0001308408,1.780849e-05,0.0,5,1.239904e-06,5.140646e-06
THC,2014-06-28,2014-03-09,HempCoin,1,64,1,1,16,16,0,0.05,0.001955653,0.001958425,0.0002070962,2.274692e-05,0.0002071275,2.274692e-05,0.0,4,4.106886e-06,1.478285e-05
BYC,2014-11-23,2015-03-23,Bytecent,1,4,1,139,11,11,0,0.0,0.001129296,0.001130315,9.08776e-05,1.376747e-05,9.088272e-05,1.376747e-05,0.0,4,1.64534e-06,6.346242e-06
BTCD,2014-07-16,2014-07-10,Azeh,1,91,3,129,23,6,17,0.1264822,0.001474523,0.001477418,0.0001166099,2.193149e-05,0.0001166189,2.193163e-05,11805.32,4,1.583735e-06,5.764048e-06
CINNI,2014-04-23,2014-04-17,CinniCoin,1,40,2,1,52,52,0,0.00678733,0.001679984,0.00168229,0.0001664872,2.019141e-05,0.0001665088,2.019141e-05,0.0,4,1.681955e-05,6.286581e-05
MUE,2014-11-01,2014-09-12,Mue,1,99,2,1,5,3,2,0.1,0.001339671,0.001341396,1.538012e-05,2.021074e-05,1.538012e-05,2.021084e-05,128.6667,inf,9.419707e-07,3.930248e-06
VIA,2014-07-18,2014-07-19,btcdrak,1,196,5,411,333,317,16,0.005589927,0.001458089,0.001460115,0.0001134691,2.165134e-05,0.000113477,2.165142e-05,1535008.0,3,9.750708e-05,0.0003259418
PHO,2014-05-23,2014-01-09,rinovma,1,3,2,2,19,19,0,0.04093567,0.003770827,0.00378353,0.0003673319,3.579226e-05,0.0003674505,3.579226e-05,0.0,4,8.168418e-06,2.814902e-05
MEC,2013-07-07,2013-05-30,kimoto,1,73,3,1,37,37,0,0.1921922,0.01282418,0.01295779,0.000893609,7.916403e-05,0.0008942209,7.916403e-05,0.0,3,5.347302e-05,0.0001522995
ELT,2014-06-12,2014-05-26,electron-coin,1,17,1,1,12,12,0,0.01515152,0.001591135,0.001593323,0.000132753,1.803947e-05,0.000132768,1.803947e-05,0.0,4,2.863849e-06,9.97754e-06
ZEIT,2014-03-20,2014-02-27,ZEITCOIN,1,182,2,13,117,117,0,0.001473622,0.002136453,0.002141379,0.0002295448,2.38749e-05,0.0002295781,2.38749e-05,0.0,3,4.091697e-05,0.0001685317
MAX,2014-02-12,2014-01-30,maxcoinproject,1,2,1,1,147,147,0,0.01509645,0.003049752,0.003056286,0.0003070312,2.880018e-05,0.0003070883,2.880018e-05,0.0,3,0.0001165422,0.0003318815
SFR,2014-06-15,2014-04-28,saffroncoin,1,362,1,1,8,8,0,0.0,0.001640697,0.00164302,0.0001531678,1.957483e-05,0.0001531807,1.957483e-05,0.0,4,5.615891e-06,1.973207e-05
KRN,2014-03-15,2014-01-19,pengar,1,32,1,1,13,12,1,0.05128205,0.003714138,0.003726998,0.0003585096,3.325684e-05,0.0003586218,3.325684e-05,2001.324,4,1.269825e-05,4.146614e-05
JPC,2014-05-21,2014-04-26,JackpotCoin,1,69,1,1,14,14,0,0.03296703,0.001657624,0.001659988,0.0001562322,1.968775e-05,0.0001562535,1.968775e-05,0.0,4,6.900783e-06,2.472202e-05
SYS,2014-08-20,2014-04-28,danosphere,1,341,20,118,437,431,6,0.01495301,0.001642509,0.0016456,0.000153142,2.599316e-05,0.0001531632,2.59933e-05,845381.6,3,0.0002036227,0.0006428873
MAC,2015-02-07,2014-01-28,Ripcurl99983,1,176,1,1,6,6,0,0.06666667,0.003182494,0.003191384,0.0003099455,2.923036e-05,0.0003100296,2.923036e-05,0.0,4,4.698128e-06,1.686802e-05
CCN,2014-04-25,2014-03-25,Cannacoin,1,76,3,31,18,16,2,0.0,0.001787954,0.001790436,0.0001832259,2.855614e-05,0.0001832437,2.855632e-05,179.0857,4,3.124301e-06,1.193665e-05
LXC,2014-08-05,2014-07-22,Librexcoindev,1,55,1,1,23,23,0,0.007905138,0.001452752,0.001454436,0.0001131348,1.643142e-05,0.0001131427,1.643142e-05,0.0,5,2.170214e-06,8.984726e-06
MZC,2014-02-27,2014-03-06,crazyearner,1,285,25,499,261,157,104,0.08727308,0.002021634,0.002025887,0.0002148758,3.087807e-05,0.0002149207,3.087831e-05,532920.4,3,0.0002951844,0.0004163149
APC,2014-02-09,2013-12-07,JohnDorien,1,369,24,248,206,116,90,0.150316,0.006003803,0.006037389,0.0006010707,7.282507e-05,0.0006013636,7.282655e-05,103244.1,3,0.0001449146,0.0003524932
PYC,2014-12-06,2013-08-07,deppJ,1,24,2,70,26,25,1,0.1538462,0.01028319,0.01038532,0.0008095215,6.509145e-05,0.0008100795,6.509145e-05,3.666667,4,5.188277e-05,0.0001508783
MAL,2014-11-24,2014-10-15,malibudev,1,35,1,1,11,11,0,0.03636364,0.001283051,0.001284448,0.0001019717,1.494322e-05,0.0001019797,1.494322e-05,0.0,4,1.277544e-06,4.971554e-06
EMD,2013-08-04,2013-06-17,picasso,1,74,3,2,70,62,8,0.1487179,0.01267211,0.01285149,0.0008620895,0.0001134454,0.0008626424,0.0001134504,108356.2,3,0.0001912453,0.0005721599
GUA,2014-11-23,2014-12-21,guaranycrypto,1,0,0,1,3,3,0,0.3333333,0.001218598,0.001220052,9.643464e-05,1.434741e-05,9.644e-05,1.434741e-05,0.0,5,2.464447e-06,8.550606e-06
ARG,2013-07-04,2013-06-11,eddyfitz,1,201,2,35,22,0,22,0.1948052,0.01249676,0.01267599,7.628347e-05,0.0001167574,7.628347e-05,0.000116763,0.0,inf,3.631744e-06,1.492295e-05
DMD,2013-12-19,2013-07-14,JohnLuc,1,50,1,7,17,2,15,0.4705882,0.01173144,0.01185837,0.0008606348,0.0001029997,0.0008611776,0.0001030022,0.0,4,4.712922e-06,1.739852e-05
GUE,2014-06-23,2014-06-18,guerillacoin,1,21,1,1,6,6,0,0.0,0.00153502,0.001536844,0.0001242423,1.730852e-05,0.0001242505,1.730852e-05,0.0,4,1.420926e-06,5.436087e-06
OC,2014-05-13,2014-04-24,Orangecoin,1,59,1,1,14,14,0,0.03296703,0.001671754,0.00167411,0.0001594058,1.981768e-05,0.0001594268,1.981768e-05,0.0,4,5.590384e-06,1.974007e-05
BELA,2014-03-20,2014-01-30,twoturtles,1,28,2,1,15,15,0,0.01904762,0.003044847,0.003054986,0.0003054507,2.880018e-05,0.0003055243,2.880018e-05,0.0,4,2.216261e-05,7.927558e-05
GUN,2014-05-11,2014-03-04,guncoin_support,1,96,1,1,0,0,0,0.0,2.335466e-05,2.335466e-05,2.335466e-05,2.335466e-05,2.335466e-05,2.335466e-05,0.0,inf,1.142853e-06,4.910684e-06
SBC,2013-07-07,2013-06-08,artos,1,59,4,1,78,74,4,0.06631579,0.01250768,0.01263082,0.0008665261,0.0001177035,0.0008670828,0.0001177078,31168.22,3,9.263349e-05,0.0002901934
QSLV,2014-11-13,2014-11-01,QuicksilverCoin,1,40,2,6,14,14,0,0.0,0.001261992,0.001263588,0.0001009324,1.475209e-05,0.0001009377,1.475209e-05,0.0,4,3.463943e-06,1.195268e-05
LKY,2013-06-14,2013-05-25,LuckyC,1,6,2,1,131,131,0,0.08009395,0.01354332,0.0136753,0.0009251725,8.126778e-05,0.0009257355,8.126778e-05,0.0,3,0.0001929264,0.000575934
YBC,2014-01-16,2013-06-27,orange,1,3,3,1,17,17,0,0.2205882,0.01133649,0.01145521,0.0008723491,7.223868e-05,0.0008729349,7.223868e-05,0.0,3,1.852439e-05,6.25362e-05
VIOR,2014-11-23,2014-10-26,Viorcoin,1,116,1,1,13,13,0,0.06410256,0.001262145,0.001263519,0.0001017455,1.481679e-05,0.0001017533,1.481679e-05,0.0,4,8.018491e-06,2.180868e-05
BOB,2014-08-27,2014-01-11,deeppurple72,1,373,74,195,21,12,9,0.1333333,0.003746368,0.003756747,0.0003653904,4.937875e-05,0.0003654738,4.937928e-05,24.5,4,2.777399e-06,1.115603e-05
BET,2013-12-14,2013-10-31,betacoindev,1,84,4,1,11,11,0,0.03636364,0.009141163,0.009226219,0.0007074489,5.819367e-05,0.000707972,5.819367e-05,0.0,4,3.450538e-05,0.0001100885
TRL,2014-09-30,2014-02-08,TrollCoins,1,100,2,1,7,7,0,0.0,0.002654324,0.002660622,0.0002799716,2.65915e-05,0.0002800207,2.65915e-05,0.0,5,1.801548e-06,7.840355e-06
BVC,2014-10-04,2014-08-30,Sumpfbiene,1,114,4,207,20,16,4,0.05789474,0.001371373,0.001373418,0.0001079863,2.050161e-05,0.000107993,2.050169e-05,3700.347,4,5.556346e-06,2.020313e-05
LSD,2014-09-13,2014-09-05,lightspeedLS,1,45,1,1,11,11,0,0.05454545,0.001346914,0.001348318,0.0001071253,1.549667e-05,0.0001071311,1.549667e-05,0.0,4,2.040192e-06,8.229609e-06
SHIBE,2014-05-06,2014-08-05,ShibecoinON,1,0,0,1,0,0,0,0.0,1.612565e-05,1.612565e-05,1.612565e-05,1.612565e-05,1.612565e-05,1.612565e-05,0.0,inf,8.879946e-07,3.720627e-06
START,2014-06-15,2014-06-14,startcoinproject,1,2,1,1,11,11,0,0.05454545,0.001557065,0.00155907,0.0001254298,1.740644e-05,0.0001254434,1.740644e-05,0.0,4,1.963393e-06,7.773047e-06
ACOIN,2014-09-13,2012-11-12,crazy_rabbit,1,2137,181,345,296,191,105,0.1225912,0.02835514,0.02913599,0.001480683,0.0002803826,0.001482725,0.0002804084,100348.1,3,0.0009256491,0.001653262
PLNC,2014-04-15,2014-03-11,WalutowyKrol,1,17,1,49,11,6,5,0.0,0.001899987,0.001902865,0.0002042549,3.012076e-05,0.0002042917,3.012091e-05,767.0661,4,1.74094e-06,6.835847e-06
PTC,2014-02-22,2014-01-16,CryptoMP,1,154,10,32,150,143,7,0.0233557,0.003816695,0.003833756,0.0003600742,4.750624e-05,0.0003601794,4.750699e-05,105196.8,4,4.721071e-05,0.0001783848
ROX,2014-07-01,2014-06-29,Roxcoin,1,23,1,1,59,59,0,0.01168907,0.001501337,0.001502991,0.0001199577,1.701635e-05,0.0001199669,1.701635e-05,0.0,4,8.607661e-06,2.603668e-05
TCO,2014-07-21,2014-06-15,bassguitarman,1,30,3,31,78,64,14,0.02768284,0.001559906,0.001561764,0.0001251506,2.283025e-05,0.00012516,2.283035e-05,201242.6,3,0.0001678937,0.0001208976
PSEUD,2014-07-21,2014-07-04,twhh,1,35,2,107,18,6,12,0.1633987,0.001485308,0.001487182,0.0001175745,2.211479e-05,0.0001175833,2.211488e-05,96.20606,5,1.020731e-06,4.258153e-06
CXC,2014-12-25,2015-02-14,cxc.bid,1,0,0,1,0,0,0,0.0,1.39821e-05,1.39821e-05,1.39821e-05,1.39821e-05,1.39821e-05,1.39821e-05,0.0,inf,7.919562e-07,3.291003e-06
BUN,2014-09-11,2014-04-30,shibebunny,1,105,11,85,35,34,1,0.02184874,0.001639262,0.001641281,0.0001483419,2.57242e-05,0.0001483593,2.572434e-05,88609.53,3,1.493659e-05,4.68074e-05
XDQ,2014-05-26,2014-05-20,coinweaver,1,76,4,95,118,117,1,0.01506591,0.001600144,0.001601924,0.0001341735,2.405314e-05,0.000134185,2.405328e-05,97328.28,3,4.956888e-05,0.0001597681
XDP,2014-08-28,2014-07-24,dogeparty,1,1,1,1,8,8,0,0.03571429,0.001442055,0.00144372,0.0001125259,1.637787e-05,0.0001125374,1.637787e-05,0.0,4,1.285014e-06,5.231344e-06
TTC,2014-11-08,2014-01-30,vertoe,1,210,12,2,5,1,4,0.0,0.003044616,0.003054321,0.0003051752,3.927932e-05,0.0003052443,3.927974e-05,6.5,5,1.475315e-06,6.112676e-06
MNC,2013-05-03,2013-04-13,vipah,1,6,2,1,5,5,0,0.3,0.02020981,0.02084603,0.001203863,0.0001156203,0.001205443,0.0001156203,0.0,4,3.321698e-05,9.12782e-05
PTS,2013-11-21,2014-12-04,pmconrad,1,45,0,466,75,2,73,0.05873874,0.001225558,0.001227269,9.779716e-05,1.907942e-05,9.780774e-05,1.90795e-05,250833.0,5,8.445767e-07,3.513144e-06
MNE,2014-10-25,2014-09-26,Mchrono,1,98,2,1,20,20,0,0.02631579,0.001303273,0.00130448,0.0001043244,1.517658e-05,0.0001043311,1.517658e-05,0.0,4,2.822825e-06,1.046074e-05
NMC,2013-04-28,2012-07-11,khal,1,200,14,504,93,72,21,0.1161049,0.03280173,0.03407058,0.001570877,0.0003229252,0.001573677,0.0003229728,27983.58,2,0.0006504001,0.0009893964
TRI,2014-07-21,2014-07-17,3angle,1,12,1,1,11,10,1,0.09090909,0.001461075,0.001462659,0.0001144443,1.654698e-05,0.0001144509,1.654698e-05,5.0,4,1.749004e-06,6.372564e-06
FIBRE,2014-08-30,2014-08-14,killakem,1,179,3,44,19,13,6,0.1111111,0.001407748,0.001410524,0.0001116137,2.095659e-05,0.0001116285,2.095666e-05,19333.89,4,5.56635e-06,1.89518e-05
TRK,2014-07-16,2014-06-04,truckcoin,1,67,2,1,19,19,0,0.01754386,0.001566745,0.001568807,0.0001292728,1.770444e-05,0.0001292871,1.770444e-05,0.0,4,3.997275e-06,1.483544e-05
FLAP,2014-02-22,2014-02-11,aszu,1,42,1,1,9,8,1,0.0,0.002485503,0.002490856,0.0002661113,2.606407e-05,0.0002661499,2.606407e-05,2238.585,4,1.803996e-06,7.280455e-06
FST,2013-07-04,2013-05-30,fast-coin,1,49,3,1,96,96,0,0.07982456,0.01284181,0.01300089,0.0009108246,7.916403e-05,0.0009114308,7.916403e-05,0.0,3,0.0002278941,0.000708407
FOOD,2014-07-17,2014-07-03,TheWhale,1,164,7,143,128,122,6,0.05299338,0.001479622,0.001482092,0.0001181071,2.215057e-05,0.0001181203,2.215067e-05,28717.93,3,4.631991e-05,9.528904e-05
TRC,2013-04-28,2013-01-22,weenfan,1,5,1,7,1,0,1,0.0,0.025494,0.02618498,0.000155521,0.0002663152,0.000155521,0.0002663407,0.0,inf,7.978851e-06,3.163036e-05
SOLE,2014-08-21,2014-08-09,solecoin,1,50,1,1,15,15,0,0.02857143,0.001409973,0.00141161,0.000112098,1.603335e-05,0.0001121045,1.603335e-05,0.0,4,4.634485e-06,1.801691e-05
DOGED,2014-10-25,2014-10-10,Dogedarkdev,1,46,2,1,21,21,0,0.07619048,0.001283236,0.001284335,0.0001028429,1.500623e-05,0.0001028503,1.500623e-05,0.0,4,1.81641e-06,6.844498e-06
CSC,2013-07-25,2013-07-19,transcoder,1,46,4,8,32,31,1,0.1330645,0.01111768,0.01125867,0.0008444944,0.0001017684,0.00084528,0.0001017715,10039.97,3,3.525567e-05,0.0001081351
VGC,2014-05-06,2014-02-16,Byates,1,11,1,1,12,12,0,0.04545455,0.002374149,0.002379006,0.0002530703,2.529404e-05,0.0002531298,2.529404e-05,0.0,4,4.686047e-06,1.885537e-05
SHA,2014-06-25,2014-03-13,SHACoin,1,57,2,1,6,6,0,0.0,0.001877601,0.001880258,0.000200241,2.236786e-05,0.000200264,2.236786e-05,0.0,4,3.094822e-06,1.119672e-05
FTC,2013-05-03,2013-04-22,thep33t,1,141,1,5,4,1,3,0.6666667,0.01743347,0.01778015,0.0001082603,0.0001705638,0.0001082603,0.0001705762,0.0,inf,5.634986e-06,2.318041e-05
XBOT,2014-09-07,2014-08-30,Socialbot,1,126,2,12,57,57,0,0.01441103,0.001371641,0.001373228,0.0001080107,1.560476e-05,0.0001080186,1.560476e-05,0.0,4,1.074953e-05,3.438743e-05
SHADE,2014-09-06,2014-08-30,mitzie,1,67,37,238,22,0,22,0.03030303,0.001371393,0.001372965,1.560476e-05,2.050209e-05,1.560476e-05,2.050216e-05,0.0,inf,8.642056e-07,3.610875e-06
CRACK,2014-09-19,2014-09-05,OfficialCrackCoin,1,44,2,1,10,10,0,0.0,0.001346477,0.0013478,0.0001071327,1.549667e-05,0.0001071411,1.549667e-05,0.0,4,4.369527e-06,1.37278e-05
ECC,2014-03-20,2014-03-07,hostmaster,1,968,44,97,547,237,310,0.02650099,0.001985971,0.001989547,0.0002118643,3.069518e-05,0.0002118946,3.069535e-05,2904707.0,3,5.387988e-05,0.0001674111
CAGE,2014-04-15,2014-01-02,Nicolas_Cage,1,19,3,1,19,19,0,0.07602339,0.003870654,0.003883215,0.0004090658,3.814028e-05,0.000409216,3.814028e-05,0.0,4,1.366005e-05,4.490888e-05
XRP,2013-08-04,2013-06-26,Rippleflip.com,1,10,1,1,0,0,0,0.0,7.246902e-05,7.246902e-05,7.246902e-05,7.246902e-05,7.246902e-05,7.246902e-05,0.0,inf,3.404223e-06,1.404643e-05
BLC,2014-02-12,2013-10-08,BlueDragon747,1,332,3,49,26,24,2,0.04615385,0.009243444,0.009318757,0.0007090596,8.910376e-05,0.0007095117,8.910673e-05,113.0,4,1.879327e-05,5.929914e-05
COOL,2014-06-28,2014-05-09,CoolloveCoin,1,10,2,1,1,1,0,0.0,0.001631912,0.001636026,1.890431e-05,1.890395e-05,1.890431e-05,1.890395e-05,0.0,inf,1.173388e-06,4.947924e-06
USDe,2014-02-06,2014-01-12,USD-e,1,87,7,1,39,39,0,0.02968961,0.003798988,0.00381129,0.0003637176,3.488453e-05,0.0003637898,3.488453e-05,0.0,4,2.148456e-05,7.893925e-05
MMXIV,2014-05-31,2014-05-25,MMXIV,1,105,2,1,15,15,0,0.00952381,0.001591563,0.001593863,0.0001330238,1.807534e-05,0.00013304,1.807534e-05,0.0,4,4.361323e-06,1.472588e-05
NOO,2014-12-25,2014-12-17,NooHackTeam,1,44,2,5,40,40,0,0.01025641,0.001216082,0.001217179,9.689438e-05,1.437711e-05,9.69007e-05,1.437711e-05,0.0,4,8.93065e-06,3.155801e-05
LEAF,2014-02-02,2014-01-25,mcg,1,118,7,29,148,147,1,0.02279831,0.003333105,0.00334436,0.0003175455,4.206965e-05,0.0003176214,4.207013e-05,154036.3,4,8.042603e-05,0.000268755
UNAT,2014-08-09,2015-03-26,UNAT2,1,0,0,4,10,9,1,0.04444444,0.001129499,0.001130697,9.087947e-05,1.822335e-05,9.08857e-05,1.822344e-05,3063.456,4,1.12132e-06,4.39607e-06
TIT,2014-08-25,2014-11-11,titcoinfoundation,1,0,0,1,2,2,0,0.0,0.001250817,0.001252425,0.0001004572,1.46619e-05,0.0001004653,1.46619e-05,0.0,4,6.794517e-06,2.068486e-05
ANC,2013-07-14,2013-06-24,nicksmith,1,19,1,9,2,0,2,0.0,0.01182997,0.01202112,7.291819e-05,0.0001110491,7.291819e-05,0.0001110523,0.0,inf,3.461204e-06,1.423192e-05
VOOT,2014-06-12,2014-05-30,vootcoin_dev,1,3,2,1,2,2,0,0.0,0.001573782,0.001576521,1.787566e-05,1.787502e-05,1.787566e-05,1.787502e-05,0.0,inf,1.144789e-06,4.816351e-06
XCH,2014-10-04,2014-08-12,btcdrak,1,406,9,435,460,439,21,0.007252539,0.00141686,0.001418811,0.0001117832,2.10073e-05,0.0001117935,2.100737e-05,1574739.0,3,0.0001461387,0.0004770279
DOGE,2013-12-15,2013-12-09,Dogecoin,1,24,2,1,97,96,1,0.02362543,0.005746156,0.005771738,0.0005930207,7.184961e-05,0.0005932514,7.185063e-05,77056.98,3,0.0001191474,0.0003724008
XCN,2014-08-02,2014-07-19,Cryptonite XCN,1,3,1,1,1,1,0,0.0,0.001454518,0.001456467,1.649893e-05,1.649866e-05,1.649893e-05,1.649866e-05,0.0,inf,1.03898e-06,4.353543e-06
MOON,2014-01-06,2013-12-29,deaconboogie,1,30,1,1,62,62,0,0.01903755,0.004271038,0.004285119,0.0004354881,3.955696e-05,0.0004356013,3.955696e-05,0.0,4,5.787729e-05,0.0001958702
ENRG,2014-05-15,2014-04-30,energycr,1,123,1,1,60,60,0,0.01468927,0.001638829,0.001641002,0.0001488614,1.940918e-05,0.0001488767,1.940918e-05,0.0,4,5.540389e-05,0.0001650627
BTG,2013-07-04,2013-05-17,mineral,1,109,2,1,52,52,0,0.09426848,0.01370195,0.01384192,0.0009505264,8.594019e-05,0.0009511217,8.594019e-05,0.0,3,7.49144e-05,0.0002224755
GRE,2014-06-23,2014-04-23,GreenCoinDev,1,3,1,1,45,45,0,0.01010101,0.001660786,0.001662981,0.0001613604,1.987993e-05,0.0001613819,1.987993e-05,0.0,4,1.063265e-05,3.662588e-05
NVC,2013-04-28,2013-07-06,feeleep,1,0,0,62,89,63,26,0.1152098,0.01150514,0.0116538,0.0008710526,0.0001059245,0.0008716518,0.0001059275,8306.863,3,8.53736e-05,0.0002544233
BTC,2013-04-28,2011-07-21,BTCSports,1,25,2,1,0,0,0,0.0,0.0002811358,0.0002811358,0.0002811358,0.0002811358,0.0002811358,0.0002811358,0.0,inf,2.096788e-05,6.758427e-05
BTB,2013-05-09,2013-05-05,sido,1,60,2,19,24,18,6,0.2597403,0.01587336,0.0161392,0.00109254,0.0001517504,0.001093659,0.0001517589,48.73242,3,4.410019e-05,0.0001281337
EMC2,2014-04-09,2014-03-02,einsteinium,1,71,4,1,71,71,0,0.02052314,0.002100644,0.002103908,0.0002249608,2.356712e-05,0.0002249965,2.356712e-05,0.0,4,2.248343e-05,7.896114e-05
GLYPH,2014-06-17,2014-06-09,GLYPH,1,7,1,1,14,14,0,0.05494505,0.001576945,0.001578936,0.0001267851,1.755495e-05,0.0001267993,1.755495e-05,0.0,4,2.036021e-06,7.658095e-06
STR,2014-08-05,2014-08-15,homerzhu,1,84,4,244,73,2,71,0.05477308,0.001400677,0.001401901,0.0001114605,2.092729e-05,0.0001114674,2.092735e-05,3572.11,5,1.314549e-05,4.109342e-05
OPAL,2014-09-13,2014-09-12,OpalTeam,1,15,3,11,23,22,1,0.03162055,0.00134003,0.001341588,0.0001061967,2.021029e-05,0.0001062061,2.021038e-05,2695.639,4,3.002888e-06,1.10845e-05
RZR,2014-06-21,2014-06-09,RazorTech,1,39,1,1,9,9,0,0.02777778,0.001576151,0.001578473,0.0001267601,1.755495e-05,0.000126769,1.755495e-05,0.0,4,1.301289e-06,5.28865e-06
FLT,2014-03-20,2014-03-11,thekidcoin,1,385,17,305,230,179,51,0.1111498,0.001901932,0.001906172,0.0002042954,3.012095e-05,0.0002043361,3.012116e-05,87914.02,3,9.883722e-05,0.0002432198
DON,2014-06-15,2014-04-22,Donationcoin,1,230,11,2,16,16,0,0.03333333,0.001663081,0.001665531,0.0001622125,1.993581e-05,0.0001622282,1.993581e-05,0.0,4,3.993191e-06,1.453967e-05
BLK,2014-02-28,2014-05-08,Soepkip,1,49,1,1085,130,105,25,0.01249844,0.001642203,0.001644056,0.0001445471,2.508872e-05,0.0001445596,2.508884e-05,491230.0,3,6.719455e-05,0.0001504201
CRYPT,2014-05-26,2013-12-01,united-scrypt-coin,1,45,2,1,0,0,0,0.0,5.194266e-05,5.194266e-05,5.194266e-05,5.194266e-05,5.194266e-05,5.194266e-05,0.0,inf,2.360408e-06,9.904089e-06
RT2,2014-03-29,2014-03-16,Rotocoin,1,101,2,1,50,50,0,0.0122449,0.001837705,0.00184027,0.0001948782,2.211802e-05,0.0001949049,2.211802e-05,0.0,4,1.609961e-05,6.197322e-05
GLD,2013-06-14,2013-05-21,JohnyBigs,1,80,3,7,20,12,8,0.3368421,0.0138586,0.01406877,0.0009265028,0.0001278628,0.0009271225,0.0001278682,20.09726,4,2.345504e-05,6.537641e-05
NEC,2014-03-26,2013-07-26,Neo8,1,87,15,1,30,30,0,0.1770115,0.01085724,0.01096008,0.0008346001,6.667556e-05,0.0008351482,6.667556e-05,0.0,3,3.096363e-05,9.100566e-05
DVC,2013-04-28,2014-01-10,TBCM,1,0,0,188,194,90,104,0.1032941,0.003614121,0.003626722,0.0003601944,4.979451e-05,0.0003602679,4.979516e-05,172152.9,4,2.082304e-05,6.456699e-05
UTIL,2014-09-30,2014-09-27,utilitycoin,1,9,1,1,28,28,0,0.04232804,0.001303286,0.001304571,0.0001042358,1.516323e-05,0.0001042442,1.516323e-05,0.0,4,2.60521e-06,1.013886e-05
ETC,2014-10-03,2014-08-06,ethercoin.cc,1,14,3,1,8,8,0,0.07142857,0.001407749,0.001409556,0.0001115008,1.61041e-05,0.0001115111,1.61041e-05,0.0,4,3.249068e-06,1.162424e-05
ICB,2014-07-16,2014-07-02,Icebergcoin,1,91,1,1,40,40,0,0.01538462,0.001476672,0.001478238,0.0001182662,1.69262e-05,0.000118273,1.69262e-05,0.0,4,4.563747e-06,1.703895e-05
CURE,2014-05-26,2013-05-08,cygnusxi,1,257,23,25,107,89,18,0.07857143,0.01521766,0.01545298,0.001057184,0.0001456308,0.001058238,0.0001456357,27620.48,3,0.000220716,0.0006240265
BCX,2014-01-31,2014-01-12,jackofall1232,1,145,15,175,110,106,4,0.04926945,0.003803789,0.003820002,0.0003631184,4.898891e-05,0.0003632058,4.89896e-05,266.154,3,5.093141e-05,0.0001323027
BEN,2014-02-27,2014-02-03,AllAboutTheBenjaminsBaby,1,415,10,1,26,25,1,0.03384615,0.002914086,0.002921265,0.0002976656,3.771871e-05,0.0002977492,3.771899e-05,9458.333,4,9.096778e-06,3.389358e-05
NET,2013-12-17,2013-05-11,NetCoin,1,2,1,1,23,23,0,0.04347826,0.01447506,0.01464696,0.001025448,9.041591e-05,0.001026252,9.041591e-05,0.0,3,5.781187e-05,0.0002134236
SILK,2014-05-11,2014-05-08,Silkcoin,1,49,1,1,26,26,0,0.009230769,0.001641161,0.001643282,0.0001446213,1.897029e-05,0.0001446368,1.897029e-05,0.0,4,5.967254e-06,2.351655e-05
SMC,2014-02-06,2014-01-07,smartcoin,1,82,2,1,30,30,0,0.01609195,0.003826638,0.00383863,0.0003861629,3.653635e-05,0.0003862589,3.653635e-05,0.0,4,9.26988e-06,3.490748e-05
COL,2013-12-01,2013-08-23,muddafudda,1,854,30,119,442,284,158,0.1020551,0.00965457,0.009759854,0.0007777586,9.508844e-05,0.0007783895,9.50914e-05,565023.5,3,0.0003104053,0.0008915631
RED,2014-01-24,2014-01-02,cozie,1,120,12,311,89,83,6,0.06537283,0.00387833,0.003890081,0.0004090031,5.358268e-05,0.0004091072,5.358335e-05,22806.81,3,5.73267e-05,0.0001561996
CON,2015-02-15,2015-01-03,muddafudda,1,1352,40,617,1062,721,341,0.0393855,0.001184055,0.00118561,9.535981e-05,1.882694e-05,9.536788e-05,1.882703e-05,20094540.0,3,0.0003503758,0.0008670197
XLB,2014-05-13,2014-05-09,Libertycoin,1,67,6,58,49,49,0,0.01445578,0.001636451,0.001638549,0.0001436532,1.890395e-05,0.00014367,1.890395e-05,0.0,3,1.254889e-05,3.859892e-05
DGC,2013-06-09,2013-05-21,schnebi,1,172,13,18,13,5,8,0.1666667,0.01386747,0.01400728,0.0009263848,0.0001278631,0.0009270488,0.0001278682,11246.41,3,3.499128e-05,0.0001087927
GRS,2014-04-11,2014-03-23,gruve_p,1,24,1,1,31,31,0,0.0172043,0.001801246,0.001803616,0.000186376,2.157637e-05,0.0001863922,2.157637e-05,0.0,4,8.564938e-06,3.118297e-05
PMP,2014-10-20,2014-06-26,TheMightyX,1,882,4,354,294,11,283,0.01676302,0.00151351,0.001515313,0.0001214381,2.245049e-05,0.0001214494,2.245056e-05,30206.53,4,2.913354e-06,1.091507e-05
XST,2014-07-10,2014-07-29,TheTrollUHate,1,3,0,124,4,1,3,0.0,0.00144816,0.00145024,0.0001120309,2.136904e-05,0.00011204,2.136915e-05,10.83333,5,1.018969e-06,4.131932e-06
KDC,2014-02-02,2014-01-10,KlondikeCoin,1,144,11,1,19,19,0,0.02339181,0.003606039,0.003617037,0.0003602774,3.545094e-05,0.0003603387,3.545094e-05,0.0,4,7.738048e-06,2.891941e-05
VRC,2014-05-16,2014-05-10,effectsToCause,1,76,1,1,7,7,0,0.0,0.001635042,0.001637286,0.0001426437,1.883842e-05,0.0001426531,1.883842e-05,0.0,5,1.572926e-06,6.55061e-06
TOR,2014-07-12,2014-01-11,nuggetbram,1,41,19,1,2,2,0,0.0,0.003730558,0.003748373,3.516051e-05,3.515804e-05,3.516051e-05,3.515804e-05,0.0,inf,1.820008e-06,7.568359e-06
ZET,2013-09-10,2013-08-04,Giskard,1,107,5,81,79,53,26,0.1971362,0.01053698,0.01067208,0.0008123045,9.807085e-05,0.0008129669,9.80748e-05,615.6646,4,5.293837e-05,0.000149561
KUMA,2014-08-02,2014-04-27,kumacoinproject,1,1,1,1,4,4,0,0.0,0.001654287,0.001656689,0.0001550201,1.964019e-05,0.0001550371,1.964019e-05,0.0,4,1.75482e-06,6.622058e-06
KORE,2014-06-21,2014-06-16,KoreCoin,1,135,1,1,59,59,0,0.002922268,0.001559757,0.001561542,0.000124884,1.73596e-05,0.0001248921,1.73596e-05,0.0,4,9.14889e-06,3.165803e-05
QTL,2014-07-12,2014-06-18,MarKusRomanus,1,396,10,433,169,96,73,0.1721201,0.001536496,0.001538778,0.0001242397,2.271929e-05,0.000124252,2.271939e-05,13944.28,3,7.372652e-05,0.000145067
ZS,2014-05-02,2014-04-26,CryptoGir,1,23,1,43,36,33,3,0.02857143,0.001657668,0.001660045,0.0001561593,2.615605e-05,0.0001561786,2.615619e-05,69546.67,4,5.186041e-06,2.100153e-05
BITS,2014-04-23,2014-04-18,Bitstar_coin,1,53,1,1,11,11,0,0.0,0.001673703,0.001675958,0.0001657529,2.013936e-05,0.0001657693,2.013936e-05,0.0,4,3.335182e-06,1.377545e-05
QRK,2013-08-25,2013-07-22,quarkcoin,1,27,2,3,54,53,1,0.07267645,0.01111865,0.01121561,0.0008459787,6.736275e-05,0.0008464737,6.736275e-05,48.22619,3,9.371351e-05,0.0002377631
FCN,2014-06-08,2014-04-27,amphibian,1,118,6,1,2,1,1,0.0,0.00165303,0.001656723,1.964058e-05,2.609061e-05,1.964058e-05,2.609071e-05,2.0,inf,1.155436e-06,4.874679e-06
JKC,2013-06-14,2013-06-17,the1silverwolf,1,293,12,41,77,56,21,0.08552388,0.01268453,0.01281295,0.0008619965,0.0001134471,0.0008625539,0.0001134504,1550.992,3,0.0001125369,0.0003363607
EXE,2014-03-10,2014-03-15,NamunX,1,0,0,4,11,0,11,0.0,0.00184379,0.001847134,2.219312e-05,2.959226e-05,2.219312e-05,2.959246e-05,0.0,inf,1.111231e-06,4.745453e-06
SRC,2013-09-28,2013-08-10,baritus,1,610,39,90,901,818,83,0.03406338,0.0101502,0.01026954,0.0008113113,9.697868e-05,0.0008119957,9.698154e-05,993823.6,3,0.001075532,0.002961822
VTC,2014-01-20,2014-01-22,homerzhu,1,44,2,39,50,2,48,0.08758503,0.003611336,0.003620334,0.0003350205,4.46377e-05,0.0003350972,4.463805e-05,1892.206,5,3.488491e-05,0.0001166703
DIG,2014-06-28,2013-05-04,TruCoin,1,899,46,1,38,29,9,0.2741935,0.01589998,0.01616127,0.001096495,0.0001534509,0.001097344,0.0001534601,843.9897,3,7.738038e-05,0.0002207827
AUR,2014-02-27,2014-02-03,balduro,1,31,1,1,5,5,0,0.0,0.002910747,0.002917964,0.00029769,2.781254e-05,0.0002977509,2.781254e-05,0.0,4,1.628317e-06,6.7918e-06
FAIR,2014-03-22,2014-02-26,fair-cointeam,1,47,1,1,9,9,0,0.1111111,0.002158935,0.0021629,0.0002298618,2.397852e-05,0.0002299093,2.397852e-05,0.0,4,4.041251e-06,1.620001e-05
DIME,2014-01-06,2013-12-24,dimecoin,1,155,20,1,18,18,0,0.03921569,0.0044417,0.004458576,0.0004790729,4.182176e-05,0.0004792597,4.182176e-05,0.0,3,1.819414e-05,6.159558e-05
FRK,2013-06-09,2013-05-12,defaced,1,230,7,801,95,87,8,0.09101768,0.01432325,0.01446736,0.0009981174,0.0001376903,0.0009988257,0.0001376949,8708.429,3,0.0001317218,0.0004063173
ELC,2013-06-09,2013-05-15,feeleep,1,103,10,10,34,30,4,0.05347594,0.01330941,0.01348813,0.000967557,0.0001349926,0.0009683744,0.0001349975,16179.9,4,4.587244e-05,0.0001631817
RBBT,2014-08-30,2014-02-16,rabbitcointeam,1,33,1,1,3,3,0,0.0,0.002372037,0.002377574,0.0002529202,2.529404e-05,0.0002529667,2.529404e-05,0.0,5,2.022115e-06,7.855066e-06
QORA,2014-05-26,2014-03-20,qora,1,74,1,1,7,7,0,0.04761905,0.001837532,0.001840375,0.0001899189,2.178982e-05,0.0001899503,2.178982e-05,0.0,4,2.470241e-06,9.435425e-06
HEX,2014-03-15,2014-02-23,Heisenbergprime,1,8,1,1,2,2,0,0.0,0.002226903,0.002231936,2.42742e-05,2.427302e-05,2.42742e-05,2.427302e-05,0.0,inf,2.180592e-06,9.408092e-06
CLOAK,2014-06-06,2014-06-04,TheDagger,1,43,2,4,146,146,0,0.01218706,0.001567455,0.001570167,0.0001293794,1.770444e-05,0.0001293911,1.770444e-05,0.0,3,2.895389e-05,9.789458e-05
LTC,2013-04-28,2012-07-13,neotrix,1,85,3,1,2,1,1,0.0,0.03179514,0.03287052,0.001585533,0.0003224443,0.00158743,0.0003224782,0.0,4,1.468259e-05,5.014323e-05
LTB,2014-03-12,2014-02-13,Scooby903,1,719,37,292,447,279,168,0.06105496,0.002389046,0.002394877,0.00025989,3.453942e-05,0.0002599461,3.453967e-05,1527247.0,3,0.0001186639,0.0003283432
UNB,2014-05-23,2014-03-28,jimblasko,1,66,5,1,11,11,0,0.01818182,0.001765271,0.001767843,0.0001775654,2.11815e-05,0.0001775816,2.11815e-05,0.0,4,6.504122e-06,2.033071e-05
UNC,2014-03-03,2013-12-11,dr_chen,1,185,16,101,112,69,43,0.1148245,0.00535454,0.005384146,0.0005827714,7.028096e-05,0.0005830092,7.028242e-05,52201.25,3,5.798807e-05,0.000159707
XTC,2014-10-25,2014-08-30,ASIC-8Tile,1,102,1,311,16,12,4,0.025,0.001371359,0.001373377,0.0001079824,2.050163e-05,0.0001079889,2.050174e-05,13686.53,4,1.696116e-06,6.827407e-06
TAC,2014-06-17,2014-04-18,Talkcoin,1,57,2,43,14,14,0,0.0,0.001674439,0.001676873,0.0001657713,2.013936e-05,0.0001657963,2.013936e-05,0.0,4,2.456632e-06,9.576511e-06
BTQ,2014-07-29,2014-02-16,BitQuark,1,340,1,1,8,8,0,0.0,0.002373103,0.002377955,0.00025297,2.529404e-05,0.0002530135,2.529404e-05,0.0,4,2.506433e-06,1.069821e-05
BAY,2014-11-16,2013-12-07,cassieheart,1,216,8,143,101,91,10,0.06575964,0.005996139,0.006035075,0.0006010114,7.282415e-05,0.0006013588,7.282544e-05,34644.65,3,8.440037e-05,0.0002447723
MINT,2014-02-19,2014-02-06,mintcointeam,1,33,1,1,7,7,0,0.0,0.002740995,0.002746992,0.000286577,2.705335e-05,0.0002866426,2.705335e-05,0.0,5,3.654603e-06,1.475961e-05
BBR,2014-06-24,2014-07-06,silvo,1,10,1,135,9,1,8,0.1111111,0.001476404,0.001478396,0.0001172647,2.204799e-05,0.0001172721,2.204808e-05,51.33333,4,1.567862e-06,5.671392e-06
CLR,2013-11-03,2013-08-06,vipah,1,85,11,116,52,38,14,0.1386054,0.01022,0.01033379,0.000811674,9.766906e-05,0.0008123219,9.767182e-05,1981.205,3,0.0001074573,0.0003083469
UNO,2013-12-21,2013-10-18,Blazr2,1,60,5,78,65,61,4,0.09011777,0.008702071,0.008786153,0.0007102288,8.823176e-05,0.000710671,8.823406e-05,16868.12,3,4.63874e-05,0.0001322327
OMC,2014-05-11,2015-02-22,MeshCollider,1,0,0,116,12,11,1,0.01515152,0.001147474,0.001148475,9.241413e-05,1.393709e-05,9.241958e-05,1.393709e-05,52.41667,4,1.73385e-06,6.690275e-06
MED,2014-10-22,2014-01-04,smallplatf,1,261,3,150,7,6,1,0.0952381,0.004009924,0.004023942,0.000406693,5.273191e-05,0.0004068663,5.273279e-05,6.0,4,4.783227e-06,1.718238e-05
TES,2014-02-06,2014-01-18,Vlad2Vlad,1,2019,36,246,387,348,39,0.07323647,0.003852431,0.003871109,0.0003614521,4.695379e-05,0.0003615914,4.695434e-05,490134.1,3,0.0005440603,0.001320052
ZED,2014-03-06,2014-01-18,YourMine.org,1,178,7,5,8,5,3,0.03571429,0.003836123,0.003850463,0.0003611491,4.695302e-05,0.0003612525,4.695344e-05,166.05,5,3.028393e-06,1.262302e-05
HIRO,2014-03-26,2014-03-16,HiroS,1,136,10,12,172,154,18,0.0203968,0.001838706,0.001842309,0.0001946669,2.949631e-05,0.0001947007,2.949656e-05,704957.2,3,6.166566e-05,0.0001937342
LMR,2014-10-11,2014-08-16,King Coolian,1,364,1,136,22,16,6,0.0,0.001394068,0.001395795,0.0001113139,2.089833e-05,0.0001113248,2.089843e-05,32547.95,4,3.022399e-06,1.150476e-05
ZCC,2014-08-05,2013-08-06,zccoin,1,69,2,1,3,3,0,0.0,0.01014429,0.01026275,0.0008118524,6.521456e-05,0.0008124889,6.521456e-05,0.0,4,7.43619e-06,2.56122e-05
NAUT,2014-05-15,2014-05-02,BK_PHI,1,80,1,1,18,18,0,0.02614379,0.0016408,0.001643447,0.0001481571,1.931994e-05,0.0001481747,1.931994e-05,0.0,4,1.731624e-05,5.956128e-05
CZR,2015-01-13,2014-10-22,kedia,1,95,9,232,35,35,0,0.01680672,0.001275322,0.001276582,0.0001021948,1.485995e-05,0.000102203,1.485995e-05,0.0,4,6.912565e-06,2.173611e-05
ROOT,2014-08-26,2014-07-29,bitsta,1,302,5,227,228,204,24,0.01178571,0.001449429,0.00145078,0.0001120446,2.136909e-05,0.0001120523,2.136917e-05,613952.3,4,7.525714e-05,0.000268403
ORO,2014-02-27,2014-02-28,deeppurple72,1,317,55,243,107,52,55,0.04542125,0.002137627,0.002141732,0.0002253612,3.177073e-05,0.0002253927,3.177089e-05,209211.9,4,1.991301e-05,7.322211e-05
BOOM,2014-08-02,2014-01-28,argutus,1,13,6,58,16,16,0,0.04166667,0.003182743,0.003195992,0.0003098428,2.923036e-05,0.0003099461,2.923036e-05,0.0,4,9.239697e-06,2.817813e-05
KEY,2014-07-18,2014-02-16,monkeycoin,1,1,1,1,10,10,0,0.08888889,0.002374199,0.002379119,0.0002529445,2.529404e-05,0.0002530019,2.529404e-05,0.0,4,5.587865e-06,1.907436e-05
XCP,2014-02-15,2014-01-03,PhantomPhreak,1,147,1,1,17,16,1,0.01666667,0.003888097,0.003900037,0.0004033199,3.782148e-05,0.0004034424,3.782148e-05,99.0,3,0.000102486,0.0003044227
XMG,2014-09-24,2014-08-13,joelao95,1,246,3,219,27,22,5,0.04558405,0.001414052,0.001415607,0.0001117514,2.09799e-05,0.0001117576,2.098001e-05,19571.98,4,1.495252e-05,5.104347e-05
ORB,2013-12-21,2013-09-13,torzsy,1,512,12,137,102,76,26,0.08462199,0.009528977,0.009663067,0.00075068,9.156937e-05,0.0007514415,9.157328e-05,72485.88,3,5.25643e-05,0.0001641671
VTA,2014-08-09,2014-08-12,VirtaCoinDev,1,0,0,1,2,2,0,0.0,0.00141483,0.001416125,0.0001117796,1.597699e-05,0.0001117873,1.597699e-05,0.0,5,1.350052e-06,4.93356e-06
MMC,2013-12-24,2013-12-15,FreeTrade,1,663,36,806,496,450,46,0.04342613,0.005038574,0.005066193,0.0005505084,6.722004e-05,0.0005507811,6.722112e-05,470020.0,2,0.0009061588,0.001567837
ASC,2013-12-31,2013-09-12,asicuser,1,26,2,2,22,18,4,0.1255411,0.009411232,0.009499561,0.0007494082,9.168493e-05,0.0007499659,9.168714e-05,5399.4,4,1.592961e-05,5.402034e-05
I0C,2013-11-27,2011-12-06,coinotron,1,288,9,152,82,71,11,0.1056049,0.03256562,0.03386792,0.001719062,0.0003811181,0.001721698,0.0003811837,14454.65,3,0.0009504998,0.0017792
BAT,2014-03-03,2014-01-04,cosmofly,1,103,8,10,10,6,4,0.1777778,0.004010582,0.004023984,0.0004067419,5.27317e-05,0.0004068571,5.273226e-05,53.44444,4,5.061696e-06,1.599609e-05
LOT,2013-12-28,2013-12-27,cozie,1,59,3,305,60,57,3,0.06045198,0.004312529,0.004324853,0.0004401382,5.686093e-05,0.0004402639,5.686174e-05,14417.3,3,4.411869e-05,0.0001154804
CHA,2014-05-20,2014-03-24,magician,1,35,1,1,6,6,0,0.06666667,0.001799997,0.00180252,0.0001848491,2.149983e-05,0.0001848678,2.149983e-05,0.0,3,4.735103e-05,0.000121339
MNTA,2014-08-30,2014-08-14,MonetaCoin,1,24,1,1,4,4,0,0.1666667,0.001406949,0.001408686,0.0001116208,1.593676e-05,0.0001116284,1.593676e-05,0.0,4,1.210987e-05,2.961485e-05
TOP,2014-02-17,2014-01-09,evgamine,1,7,3,1,16,16,0,0.025,0.003770998,0.003789537,0.0003670449,3.579226e-05,0.0003671612,3.579226e-05,0.0,4,1.04049e-05,3.398762e-05
CAP,2013-07-04,2013-06-25,BitJohn,1,697,52,44,308,165,143,0.143541,0.01169201,0.01184155,0.0008773693,0.0001107232,0.0008781894,0.0001107268,275450.9,3,0.0003130425,0.0008574313
IFC,2013-07-10,2013-06-06,fisheater,1,387,12,29,172,107,65,0.1825685,0.01254348,0.01270873,0.0008689626,0.0001186293,0.000869597,0.0001186337,71281.34,3,0.0001897618,0.000544443
CIN,2014-09-07,2014-11-08,CrowdWhale,1,92,1,308,42,22,20,0.05342625,0.001251405,0.001252637,0.00010056,1.933727e-05,0.0001005681,1.933734e-05,928.1964,4,3.612607e-06,1.162431e-05
CAT,2013-12-28,2013-12-22,kr105,1,145,2,942,74,20,54,0.06392694,0.004812897,0.004827827,0.0004781363,6.087346e-05,0.0004782925,6.087409e-05,24127.98,4,1.127211e-05,3.870821e-05
HYP,2014-08-09,2014-11-26,grue,1,423,8,1358,337,62,275,0.0725991,0.001236336,0.001238114,9.847161e-05,1.91419e-05,9.847863e-05,1.914198e-05,497193.7,3,0.0001465208,8.993038e-05
GML,2014-07-03,2014-05-05,gameleaguedev,1,89,2,18,120,120,0,0.01134454,0.001631013,0.001633127,0.0001469446,1.916259e-05,0.000146962,1.916259e-05,0.0,4,1.74124e-05,6.835382e-05
SEED,2014-10-07,2014-09-25,cryptzo,1,170,1,70,9,3,6,0.02777778,0.001299401,0.001301066,0.0001044469,1.996176e-05,0.0001044568,1.996184e-05,66.025,5,9.33122e-07,3.86613e-06
KRYP,2014-10-19,2014-05-13,bigtop1967,1,149,2,122,11,4,7,0.1636364,0.001622775,0.001625072,0.0001406234,2.45926e-05,0.0001406372,2.459274e-05,12769.41,4,1.302495e-06,5.481155e-06
CAM,2015-01-18,2014-10-20,Camorra Dev,1,124,2,1,15,15,0,0.05714286,0.001278194,0.001279355,0.000102369,1.488826e-05,0.0001023765,1.488826e-05,0.0,4,2.641576e-06,9.115175e-06
HAL,2014-08-19,2014-08-17,halcyondev,1,19,1,1,26,26,0,0.04,0.001392237,0.00139366,0.0001110793,1.587957e-05,0.0001110878,1.587957e-05,0.0,4,2.400219e-06,9.05541e-06
MSC,2013-12-24,2013-12-12,prophetx,1,140,4,218,67,21,46,0.1044776,0.005502734,0.005532382,0.0005793667,6.937905e-05,0.0005796183,6.938026e-05,69479.15,3,2.524037e-05,5.581888e-05
XWC,2014-04-18,2014-10-01,WhitecoinFoundation,1,0,0,1,11,11,0,0.0,0.001287754,0.001289258,0.0001036602,1.510711e-05,0.0001036669,1.510711e-05,0.0,4,2.355046e-06,9.496892e-06
DP,2014-10-04,2014-09-21,7vpo,1,76,2,219,18,6,12,0.04575163,0.001320455,0.001322212,0.0001051423,2.004746e-05,0.0001051494,2.004756e-05,9022.71,4,9.882693e-07,3.874083e-06
BQC,2013-05-08,2013-04-15,CaptChadd,1,248,21,284,68,51,17,0.1514423,0.01934001,0.01972895,0.001206363,0.0001827935,0.001207851,0.0001828019,3599.826,3,0.0001641935,0.0004128405
PPC,2013-04-28,2014-10-24,dogebc,1,0,0,14,142,141,1,0.006281662,0.001267338,0.001268609,0.0001020276,1.951985e-05,0.0001020362,1.95199e-05,226356.3,4,3.77698e-05,0.0001175093
CESC,2014-04-03,2014-03-21,cryptoescudo,1,17,1,1,1,0,1,0.0,0.001827887,0.001830452,2.170469e-05,2.892606e-05,2.170469e-05,2.892622e-05,0.0,inf,1.099001e-06,4.676444e-06
XSI,2014-04-23,2015-05-26,she9888,1,22,0,414,16,7,9,0.1428571,0.00109614,0.001097133,8.646296e-05,1.786169e-05,8.646681e-05,1.786177e-05,633.6083,4,1.843327e-06,6.614727e-06
KARM,2014-02-08,2014-02-03,vdaevski,1,29,1,7,5,0,5,0.0,0.002911091,0.002920247,2.781254e-05,3.772057e-05,2.781254e-05,3.772091e-05,0.0,inf,1.286689e-06,5.614745e-06
EAGS,2015-01-25,2015-01-06,mblados,1,445,4,170,177,140,37,0.02535953,0.001179302,0.001180795,9.517315e-05,1.879431e-05,9.518175e-05,1.879438e-05,414374.4,4,2.17656e-05,7.084087e-05
ARCH,2014-10-06,2014-10-09,cryptobooster,1,2,1,4,28,26,2,0.06349206,0.001278299,0.00127975,0.0001028433,1.973951e-05,0.0001028493,1.973959e-05,18822.83,4,6.962192e-06,2.502979e-05
EAC,2013-12-28,2013-12-21,earthcoin,1,30,3,1,22,19,3,0.04329004,0.004871867,0.004894324,0.0004919853,6.177099e-05,0.0004921694,6.177231e-05,12869.48,4,1.800383e-05,6.323772e-05
GP,2015-01-16,2015-05-08,HYPERfuture,1,512,13,348,282,249,33,0.01436252,0.001111305,0.001112521,8.751275e-05,1.793963e-05,8.751895e-05,1.793968e-05,1776207.0,4,9.581129e-05,0.0003051743
MLS,2014-09-17,2014-08-02,mozzria,1,60,3,2,18,18,0,0.0130719,0.001440024,0.00144208,0.000112529,1.618699e-05,0.0001125402,1.618699e-05,0.0,4,4.485384e-06,1.743129e-05
SOL,2014-09-07,2014-01-08,Solcoin Project,1,95,2,1,28,28,0,0.02116402,0.003783991,0.003797254,0.0003790091,3.619123e-05,0.0003791009,3.619123e-05,0.0,4,2.128756e-05,7.193345e-05
POP,2014-04-23,2014-02-03,cryptojette,1,111,21,5,26,25,1,0.05846154,0.002914516,0.002921608,0.0002976737,3.771777e-05,0.0002977518,3.771807e-05,18889.0,4,5.612887e-05,0.0001183722
QCN,2014-05-26,2014-05-09,OracionSeis,1,232,10,348,86,67,19,0.08492507,0.001636972,0.00163974,0.0001436371,2.498905e-05,0.0001436493,2.498922e-05,283042.7,4,5.391794e-05,0.0001517205
XMR,2014-05-20,2014-05-18,superresistant,1,811,6,367,275,38,237,0.06379664,0.001616551,0.00161901,0.0001348062,2.415145e-05,0.0001348183,2.415154e-05,253881.1,3,1.96194e-05,3.94244e-05
PXI,2014-10-04,2014-07-21,Percise,1,186,7,20,9,9,0,0.0,0.001454386,0.001456364,0.0001134109,1.645549e-05,0.0001134209,1.645549e-05,0.0,5,1.803199e-06,7.549325e-06
QB,2014-05-26,2014-02-27,QuarkBar,1,26,1,1,14,14,0,0.03296703,0.002134916,0.002138958,0.0002280104,2.38749e-05,0.0002280538,2.38749e-05,0.0,4,3.450879e-06,1.266051e-05
ALN,2014-03-15,2014-01-10,Aliencoin,1,86,6,1,23,23,0,0.07905138,0.003606482,0.003617311,0.0003606972,3.545094e-05,0.0003607877,3.545094e-05,0.0,4,1.413751e-05,5.232112e-05
BLOCK,2014-11-01,2014-07-12,APEXcoin_Team,1,139,4,1,51,51,0,0.02196078,0.001470357,0.001471981,0.0001158036,1.665917e-05,0.0001158113,1.665917e-05,0.0,4,6.927559e-06,2.496775e-05
PXC,2013-07-04,2013-11-12,ghostlander,1,19,0,204,50,25,25,0.1641156,0.008630836,0.008695844,0.0007021832,8.417743e-05,0.0007025903,8.417918e-05,5323.283,3,2.405481e-05,6.796412e-05
TIPS,2013-12-31,2013-12-23,MystPhysX,1,57,1,1,75,74,1,0.002522523,0.004562854,0.004579193,0.0004772262,5.998776e-05,0.0004773637,5.99887e-05,35335.98,4,3.614515e-05,0.0001343365
VPN,2014-11-23,2014-07-23,vpncoin,1,302,7,1,8,8,0,0.07142857,0.001446313,0.00144835,0.0001125673,1.640259e-05,0.0001125782,1.640259e-05,0.0,4,2.951767e-06,1.019781e-05
UTC,2014-02-09,2014-01-14,bumface,1,110,1,10,20,18,2,0.04736842,0.003815569,0.00382734,0.0003621719,4.817447e-05,0.0003622654,4.817495e-05,33631.41,4,3.905504e-05,0.0001129835
AC,2014-04-20,2014-04-12,AsiaCoin,1,61,1,1,5,5,0,0.0,0.001716178,0.001719227,0.0001699151,2.043819e-05,0.0001699335,2.043819e-05,0.0,5,2.859127e-06,1.03689e-05
BALLS,2014-11-04,2014-11-02,norcalnewbie707,1,17,1,298,39,34,5,0.03103914,0.001265519,0.001266627,0.0001008428,1.940968e-05,0.0001008493,1.940974e-05,33950.19,4,5.566536e-06,1.896262e-05
RBY,2014-03-20,2014-02-12,rby,1,7,1,6,14,12,2,0.02564103,0.00246125,0.002466653,0.0002617521,3.476589e-05,0.0002618081,3.476623e-05,19938.17,4,9.420022e-06,3.581045e-05
FC2,2014-06-12,2014-05-01,FuelCoinTeam,1,26,1,1,14,14,0,0.01098901,0.001640407,0.001642668,0.0001487197,1.936858e-05,0.0001487442,1.936858e-05,0.0,5,4.677545e-06,1.787044e-05
DOPE,2014-02-22,2014-02-16,dopey,1,278,12,61,315,288,27,0.01226755,0.002376563,0.002382418,0.0002529152,3.392988e-05,0.0002529681,3.393006e-05,1563031.0,3,0.0002556497,0.0008900787
SDC,2014-07-31,2014-07-19,sdcoin,1,28,2,2,15,15,0,0.03809524,0.001457274,0.001458987,0.0001134724,1.649866e-05,0.0001134818,1.649866e-05,0.0,4,2.450251e-06,7.440476e-06
SLR,2014-03-29,2014-01-24,ddirt,1,29,1,15,14,13,1,0.0989011,0.003387358,0.003397611,0.0003200501,4.291309e-05,0.0003201191,4.291347e-05,45.66667,4,4.606169e-06,1.736104e-05
BRIT,2014-07-03,2013-06-01,Elwar,1,1517,116,1046,810,454,356,0.07069195,0.01311549,0.01329401,0.0008902031,0.0001205774,0.0008909606,0.0001205821,4186964.0,2,0.002315619,0.003015345
NEOS,2014-08-25,2014-08-19,twoturtles,1,172,3,202,75,72,3,0.01225225,0.001383051,0.001384422,0.0001106772,2.082822e-05,0.0001106861,2.082829e-05,33982.06,4,2.747122e-05,8.783781e-05
CND,2014-10-24,2014-11-27,altcoin.center,1,51,3,80,42,31,11,0.06097561,0.001239049,0.001240191,9.83651e-05,1.913265e-05,9.837207e-05,1.913274e-05,33135.05,4,8.623052e-06,2.528886e-05
FRC,2013-05-03,2014-06-28,FreicoinMafia,1,0,0,1,0,0,0,0.0,1.70381e-05,1.70381e-05,1.70381e-05,1.70381e-05,1.70381e-05,1.70381e-05,0.0,inf,9.261745e-07,3.890774e-06
AU,2014-10-09,2014-09-24,aucoin,1,37,1,1,13,13,0,0.05128205,0.001304889,0.001306231,0.0001045411,1.52082e-05,0.0001045492,1.52082e-05,0.0,4,2.341244e-06,9.134405e-06
HTML5,2014-09-19,2014-12-13,KCoinH,1,0,0,35,2,1,1,0.0,0.001222743,0.001223853,1.440528e-05,1.899958e-05,1.440528e-05,1.899964e-05,36.66667,inf,9.096546e-07,3.786294e-06
LIMX,2014-06-08,2014-06-04,IParn,1,234,3,61,227,219,8,0.01159455,0.001567575,0.001569639,0.0001292491,2.324895e-05,0.0001292597,2.324906e-05,361876.3,4,7.655559e-05,0.0002596849
ARI,2014-02-20,2014-02-08,olympicsdude,1,74,1,3,109,102,7,0.01349948,0.002659524,0.002664817,0.000280011,3.580816e-05,0.0002800618,3.580843e-05,248411.3,4,3.99966e-05,0.0001556852
MTC,2014-03-15,2014-12-02,Marinecoin,1,2,1,316,4,3,1,0.3333333,0.001233901,0.001235421,9.806271e-05,1.448939e-05,9.807098e-05,1.448939e-05,0.0,4,1.598788e-06,5.760488e-06
CNL,2014-07-21,2014-07-19,ConcealCoin,1,4,1,1,58,58,0,0.01149425,0.001457527,0.001459057,0.0001135284,1.649866e-05,0.0001135373,1.649866e-05,0.0,4,7.655925e-06,2.636493e-05
SLG,2014-09-23,2014-08-03,Sterlingcoin,1,297,1,1,18,18,0,0.0130719,0.001436302,0.001438005,0.0001120604,1.616501e-05,0.0001120675,1.616501e-05,0.0,4,5.088879e-06,2.012894e-05
U,2014-11-16,2013-06-24,ilovealtcoins,1,140,5,13,55,44,11,0.21174,0.01191891,0.01207992,0.0008403432,0.00011104,0.0008408676,0.0001110454,16273.19,3,5.346724e-05,0.0001534356
DGB,2014-02-06,2014-02-04,sa_ddam213,1,24,9,30,7,5,2,0.0,0.002838292,0.002845965,0.0002963961,3.734994e-05,0.0002964517,3.735038e-05,28.91667,4,4.578905e-06,1.603823e-05
XCASH,2014-09-11,2014-09-02,johnnyxcash,1,28,1,1,10,10,0,0.08888889,0.001358283,0.001359871,0.0001075,1.555137e-05,0.0001075099,1.555137e-05,0.0,4,2.191503e-06,8.170266e-06
CFN,2014-12-16,2014-05-14,ConfessionCoin,1,127,1,1,20,20,0,0.0,0.001616986,0.001619062,0.0001384259,1.857286e-05,0.0001384384,1.857286e-05,0.0,4,4.053716e-06,1.688938e-05
NKA,2015-01-28,2013-11-14,Tsunamirain,1,108,9,99,49,41,8,0.09158187,0.008703877,0.008787971,0.0006944068,8.3796e-05,0.0006948608,8.379868e-05,4279.917,3,3.102896e-05,8.175747e-05
PFC,2014-11-23,2014-11-18,HashProfit,1,2,1,1,14,14,0,0.0,0.001243342,0.001244676,9.940827e-05,1.4593e-05,9.941641e-05,1.4593e-05,0.0,4,3.060135e-06,1.175159e-05
ROS,2014-09-30,2014-09-05,godivacoin,1,77,3,1,3,3,0,0.0,0.001346221,0.001347817,0.0001070968,1.549667e-05,0.0001071055,1.549667e-05,0.0,6,9.115379e-07,3.797601e-06
RDD,2014-02-09,2014-01-21,ReddCoin,1,63,3,1,59,59,0,0.02863822,0.003633948,0.003645277,0.0003444224,3.252033e-05,0.000344506,3.252033e-05,0.0,4,1.306433e-05,4.836578e-05
NRB,2013-07-04,2013-12-03,educatedwarrior,1,20,0,192,9,0,9,0.2222222,0.006617673,0.006653556,5.149861e-05,7.564468e-05,5.149861e-05,7.564574e-05,0.0,inf,2.344212e-06,9.817055e-06
WKC,2014-06-25,2014-05-27,wankcoin,1,12,1,1,16,16,0,0.025,0.001589387,0.001591454,0.0001321469,1.799338e-05,0.0001321618,1.799338e-05,0.0,4,4.47782e-06,1.563367e-05
HUC,2014-02-14,2013-09-25,snailbrain,1,352,15,811,196,157,39,0.05428493,0.009204118,0.009290523,0.0007311106,9.026421e-05,0.0007314821,9.026647e-05,80400.05,3,0.0001620102,0.0004122827
NOTE,2014-03-08,2014-02-17,DNotes,1,100,3,1,1,1,0,0.0,0.002343622,0.002349541,0.0002497401,2.510923e-05,0.0002497835,2.510923e-05,0.0,4,1.293412e-06,5.45469e-06
SWIFT,2014-10-05,2014-10-03,BitSwift,1,46,2,4,40,40,0,0.01282051,0.00129176,0.001293158,0.0001035257,1.508409e-05,0.0001035324,1.508409e-05,0.0,4,7.94744e-06,2.956812e-05
PINK,2014-05-11,2014-05-02,bigman,1,39,3,1,19,19,0,0.04093567,0.001641565,0.001643804,0.0001481401,1.931994e-05,0.0001481592,1.931994e-05,0.0,4,3.466747e-06,1.300179e-05
BDSM,2014-10-20,2014-09-20,altcoin.center,1,51,3,12,3,0,3,0.0,0.001323361,0.001324997,1.526764e-05,2.006191e-05,1.526764e-05,2.006202e-05,0.0,inf,8.510332e-07,3.549626e-06
CHILD,2014-09-20,2014-08-25,ivanlabrie,1,756,2,433,86,8,78,0.07359781,0.001375735,0.001377807,0.0001088961,2.064134e-05,0.0001089033,2.064144e-05,127035.9,4,2.675365e-06,1.10181e-05
NRS,2014-04-20,2014-09-06,chocobo,1,73,0,257,39,7,32,0.02560455,0.001349359,0.001351886,0.0001069473,2.034069e-05,0.0001069576,2.034082e-05,164820.5,4,4.852188e-06,1.466751e-05
COMM,2014-04-15,2013-08-25,CaptChadd,1,914,40,416,325,261,64,0.08572045,0.009758307,0.009865559,0.0007754511,9.486276e-05,0.0007760334,9.486504e-05,171327.4,3,0.0005055993,0.00127214
TRUST,2014-07-10,2014-06-22,mitchellmint,1,354,3,118,26,14,12,0.1466667,0.001524016,0.001525942,0.000123191,2.26139e-05,0.0001232027,2.261399e-05,1787.567,4,2.327757e-06,7.848156e-06
SUPER,2014-05-26,2013-05-16,Supercoin,1,8,1,1,37,37,0,0.04204204,0.01383176,0.01401123,0.0009556848,8.668516e-05,0.0009563814,8.668516e-05,0.0,4,5.556658e-05,0.0001706752
POT,2014-02-10,2014-01-23,SCryptoMiners,1,73,4,3,9,3,6,0.1388889,0.00345417,0.003466078,0.0003257191,4.371999e-05,0.0003258097,4.372058e-05,108.8655,5,1.977659e-06,8.132634e-06
