coin, max_price, min_price, severity_to_min_price, severity_to_min_price_after_max, severity_to_last, severity_to_average, severity_to_average_after_max, severity_to_average_volume_weighted, severity_to_average_after_max_volume_weighted
XBS, 0.0019982, 1.45e-05, 137.806896552, 137.806896552, 124.8875, 9.42515763496, 10.0533020198, 42.7367622431, 47.3050983057
NYC, NaN, NaN, NaN, NaN, NaN, NaN, NaN, NaN, NaN
GAIA, NaN, NaN, NaN, NaN, NaN, NaN, NaN, NaN, NaN
WLF, NaN, NaN, NaN, NaN, NaN, NaN, NaN, NaN, NaN
MONA, 0.00066, 2.001e-05, 32.9835082459, 32.9835082459, 2.32394366197, 1.59629543647, 1.61223854659, 1.81346370866, 1.91059953143
OPAL, 4.3e-05, 1.51e-06, 28.4768211921, 5.97222222222, 4.81522956327, 2.38479756951, 2.02292737804, 2.17810471967, 1.51327217366
SPT, 0.000152, 2.1e-07, 723.80952381, 723.80952381, 161.70212766, 18.9425143723, 19.3302358505, 15.5662152375, 15.7731520984
TAG, 0.00212015, 3e-05, 70.6716666667, 70.6716666667, 19.1297482631, 7.04820946631, 8.77922802334, 5.82008725502, 8.19886404532
DRKC, 2.11e-05, 3.36e-06, 6.27976190476, 3.5225375626, 3.5225375626, 2.02697210419, 1.9987149597, 2.20613444235, 1.71004904331
TAC, NaN, NaN, NaN, NaN, NaN, NaN, NaN, NaN, NaN
SPA, 0.00014142, 2.5e-07, 565.68, 565.68, 207.970588235, 36.4930450606, 38.7085851025, 53.5948321043, 56.1124700566
TAK, 1.49e-06, 1e-08, 149.0, 149.0, 74.5, 20.7218543046, 21.1815710791, 25.3750150773, 27.3582709705
XPM, 0.0088402, 1e-06, 8840.2, 8840.2, 35.8599707934, 5.89245822653, 6.4970648456, 7.02955882519, 7.86853370057
GP, NaN, NaN, NaN, NaN, NaN, NaN, NaN, NaN, NaN
IXC, 0.00020811, 1.01e-06, 206.04950495, 13.8279069767, 3.93031161473, 2.68100573576, 2.52928870921, 2.25347649912, 2.30810866253
NOBL, 1.8e-07, 4e-08, 4.5, 4.5, 3.0, 2.23533246415, 2.23533246415, 2.26286568122, 2.26286568122
PIGGY, NaN, NaN, NaN, NaN, NaN, NaN, NaN, NaN, NaN
FIMK, NaN, NaN, NaN, NaN, NaN, NaN, NaN, NaN, NaN
BYC, 0.00034721, 0.00022063, 1.57372070888, 1.43968984534, 1.32679888418, 1.30772405633, 1.29228478824, 1.36892614636, 1.29179200824
BTCD, 0.01360329, 0.00033334, 40.8090538189, 5.21698561841, 2.83192430598, 2.67851934286, 2.64800216391, 3.9219088035, 2.15178189788
MNC, 0.002155, 7e-06, 307.857142857, 307.857142857, 270.050125313, 8.42272259669, 10.6488321253, 8.31640656861, 9.12208591996
MAX, 0.00430001, 1.21e-06, 3553.72727273, 3553.72727273, 251.462573099, 37.5353515426, 37.5353515426, 44.6213174841, 44.6213174841
WATER, NaN, NaN, NaN, NaN, NaN, NaN, NaN, NaN, NaN
MAC, NaN, NaN, NaN, NaN, NaN, NaN, NaN, NaN, NaN
FFC, 4.97e-06, 4e-08, 124.25, 124.25, 55.2222222222, 15.3466590844, 16.9671933498, 7.87347631024, 9.74017299772
MAL, NaN, NaN, NaN, NaN, NaN, NaN, NaN, NaN, NaN
GUA, NaN, NaN, NaN, NaN, NaN, NaN, NaN, NaN, NaN
BEN, 4.467e-05, 8.5e-07, 52.5529411765, 52.5529411765, 10.2219679634, 7.67953543807, 7.74833063801, 3.87562918021, 4.00418155027
GUE, 0.00010002, 8.5e-07, 117.670588235, 117.670588235, 20.0440881764, 13.2473872249, 13.2473872249, 13.0979410736, 13.0979410736
GUN, NaN, NaN, NaN, NaN, NaN, NaN, NaN, NaN, NaN
YBC, 0.018003, 0.0001025, 175.63902439, 175.63902439, 16.6679011203, 7.51367078454, 7.60181328064, 6.25552929589, 6.90069291032
BET, 0.00018, 5e-07, 360.0, 360.0, 206.896551724, 21.6670920238, 21.6670920238, 18.8954900668, 18.8954900668
LSD, 8.074e-05, 2.09e-06, 38.6315789474, 4.23832020997, 1.90245051838, 3.88457795627, 1.45107704947, 4.4877463452, 1.63911856231
SBC, 0.0003, 1.1e-07, 2727.27272727, 2727.27272727, 309.278350515, 25.1299759832, 28.8663572752, 24.3335220725, 37.8142418684
TTC, 1.4e-07, 3e-08, 4.66666666667, 4.66666666667, 4.66666666667, 3.08651162791, 3.12, 2.8569249238, 2.92044081295
FLAP, 3e-08, 1e-08, 3.0, 3.0, 3.0, 2.88805970149, 2.88805970149, 1.85452589785, 1.85452589785
BLU, 1.1e-06, 9e-08, 12.2222222222, 12.2222222222, 12.2222222222, 3.28906427867, 3.25176803395, 3.06267584908, 3.69646882235
SOLE, 5e-05, 1.11e-06, 45.045045045, 45.045045045, 5.0, 8.43519096786, 8.43519096786, 7.94210355915, 7.94210355915
FTC, 0.00164001, 4e-08, 41000.25, 41000.25, 92.6559322034, 6.0169379725, 7.32854621636, 26.9443438636, 28.5241619126
GRE, NaN, NaN, NaN, NaN, NaN, NaN, NaN, NaN, NaN
BLK, 0.00020402, 5.35e-05, 3.81345794393, 2.26814897165, 1.89768393638, 2.20523219331, 1.7992905454, 2.28545384391, 1.63557539638
CRACK, 6.67e-06, 2.1e-07, 31.7619047619, 31.7619047619, 6.67, 4.20036988482, 4.30239099859, 5.63948754716, 5.76607147259
GRN, NaN, NaN, NaN, NaN, NaN, NaN, NaN, NaN, NaN
BLC, NaN, NaN, NaN, NaN, NaN, NaN, NaN, NaN, NaN
COOL, 6.8e-07, 5e-08, 13.6, 2.95652173913, 2.95652173913, 2.30414746544, 1.74155995343, 3.26864502987, 2.32389723974
NOO, NaN, NaN, NaN, NaN, NaN, NaN, NaN, NaN, NaN
EMC2, 6.44e-06, 1e-07, 64.4, 64.4, 24.7692307692, 7.01244444444, 7.74371281436, 5.17296805543, 6.30709979914
HLC, NaN, NaN, NaN, NaN, NaN, NaN, NaN, NaN, NaN
SPR, NaN, NaN, NaN, NaN, NaN, NaN, NaN, NaN, NaN
DON, NaN, NaN, NaN, NaN, NaN, NaN, NaN, NaN, NaN
CRYPT, 0.00123, 7.5e-06, 164.0, 164.0, 122.26640159, 21.3626237624, 22.4851874334, 4.46767483618, 4.6748679833
GLC, 3.1e-05, 1.2e-07, 258.333333333, 114.814814815, 52.5423728814, 13.1763211789, 14.3283559359, 7.29682881395, 8.102375118
GLD, 0.00010502, 1.01e-06, 103.98019802, 68.6405228758, 10.5973763875, 4.89452455105, 5.1921020919, 4.53204026755, 4.76455736259
CTM, 1e-08, 1e-08, 1.0, 1.0, 1.0, 1.0, 1.0, 1.0, 1.0
SMC, 5.5e-05, 2e-08, 2750.0, 2750.0, 37.1621621622, 26.4775222258, 26.4775222258, 18.9278979652, 18.9278979652
RED, NaN, NaN, NaN, NaN, NaN, NaN, NaN, NaN, NaN
FCN, NaN, NaN, NaN, NaN, NaN, NaN, NaN, NaN, NaN
FC2, 0.00019198, 1.423e-05, 13.4912157414, 13.4912157414, 6.08494453249, 2.78459064023, 3.46964870665, 3.61364867155, 4.80778147513
XTR, NaN, NaN, NaN, NaN, NaN, NaN, NaN, NaN, NaN
LTC, 0.036, 1e-06, 36000.0, 36000.0, 2.85712244913, 2.27434592667, 2.48699974884, 2.45136047516, 2.50694848515
LTB, 0.00136001, 2.556e-05, 53.2085289515, 53.2085289515, 38.7909298346, 12.5519960814, 12.9150514825, 15.4740515617, 17.5144837646
AUR, 0.056925, 4e-08, 1423125.0, 1423125.0, 1031.06321319, 36.5103469611, 40.1111427928, 45.1929951434, 50.7146001262
XTC, NaN, NaN, NaN, NaN, NaN, NaN, NaN, NaN, NaN
BTQ, NaN, NaN, NaN, NaN, NaN, NaN, NaN, NaN, NaN
BAY, NaN, NaN, NaN, NaN, NaN, NaN, NaN, NaN, NaN
ALN, 2.9e-06, 1.8e-07, 16.1111111111, 10.7407407407, 8.78787878788, 3.94402490963, 3.90444134308, 3.1739136139, 2.96529953433
LMR, NaN, NaN, NaN, NaN, NaN, NaN, NaN, NaN, NaN
NTR, NaN, NaN, NaN, NaN, NaN, NaN, NaN, NaN, NaN
ORO, NaN, NaN, NaN, NaN, NaN, NaN, NaN, NaN, NaN
MMC, NaN, NaN, NaN, NaN, NaN, NaN, NaN, NaN, NaN
GLYPH, 0.00023188, 2.1e-07, 1104.19047619, 1104.19047619, 84.6277372263, 26.1460394559, 26.1460394559, 12.7689014223, 12.7689014223
I0C, NaN, NaN, NaN, NaN, NaN, NaN, NaN, NaN, NaN
BAT, 1e-08, 1e-08, 1.0, 1.0, 1.0, 1.0, 1.0, 1.0, 1.0
TOR, 0.00015691, 1.6e-06, 98.06875, 98.06875, 8.83005064716, 7.98810435819, 7.98810435819, 5.5282326023, 5.5282326023
TOP, NaN, NaN, NaN, NaN, NaN, NaN, NaN, NaN, NaN
CAP, 0.0007, 0.0, NaN, NaN, 79.0960451977, 17.2383633718, 19.8214346611, 20.9728348966, 24.3539380299
RIPO, 5e-06, 3e-08, 166.666666667, 25.0, 7.93650793651, 4.23331328924, 4.22159145579, 3.87291373604, 3.87151975547
CAT, 0.00091989, 3.62e-06, 254.113259669, 254.113259669, 129.561971831, 14.1157953186, 14.3700255411, 4.70396534039, 5.10189288326
CAM, NaN, NaN, NaN, NaN, NaN, NaN, NaN, NaN, NaN
HAL, 0.000526, 2.12e-06, 248.113207547, 248.113207547, 190.579710145, 13.5751065174, 18.5517912221, 7.01398541469, 9.19714107065
XCP, NaN, NaN, NaN, NaN, NaN, NaN, NaN, NaN, NaN
VPN, NaN, NaN, NaN, NaN, NaN, NaN, NaN, NaN, NaN
NEOS, 1.337e-05, 1.04e-06, 12.8557692308, 12.8557692308, 1.62454434994, 1.44228694714, 1.44228694714, 1.86382288263, 1.86382288263
RZR, 0.000831, 5e-06, 166.2, 166.2, 111.843876178, 7.40293250188, 7.40293250188, 8.28029859973, 8.28029859973
STR, NaN, NaN, NaN, NaN, NaN, NaN, NaN, NaN, NaN
KTK, NaN, NaN, NaN, NaN, NaN, NaN, NaN, NaN, NaN
ABY, NaN, NaN, NaN, NaN, NaN, NaN, NaN, NaN, NaN
EXCL, 2.1e-05, 3.01e-06, 6.97674418605, 6.97674418605, 6.68789808917, 2.97988142677, 3.40960632095, 2.14675420893, 3.31878445651
CFN, NaN, NaN, NaN, NaN, NaN, NaN, NaN, NaN, NaN
QRK, 0.0002594, 2.1e-07, 1235.23809524, 101.725490196, 35.7793103448, 9.81747109315, 8.81575615632, 10.3543974132, 4.29288320462
XQN, NaN, NaN, NaN, NaN, NaN, NaN, NaN, NaN, NaN
LIT, NaN, NaN, NaN, NaN, NaN, NaN, NaN, NaN, NaN
GHC, NaN, NaN, NaN, NaN, NaN, NaN, NaN, NaN, NaN
AMBER, 0.00014502, 0.00012, 1.2085, 1.2085, 1.18849368956, 1.14784451135, 1.14784451135, 1.16022564833, 1.16022564833
PRC, NaN, NaN, NaN, NaN, NaN, NaN, NaN, NaN, NaN
MEOW, 5.5e-07, 1e-08, 55.0, 55.0, 55.0, 7.87119856887, 7.87119856887, 5.47120559804, 5.47120559804
PRT, NaN, NaN, NaN, NaN, NaN, NaN, NaN, NaN, NaN
CHA, NaN, NaN, NaN, NaN, NaN, NaN, NaN, NaN, NaN
MRY, 1.311e-05, 1.4e-07, 93.6428571429, 93.6428571429, 31.9756097561, 6.34747150043, 6.64574259296, 5.83994408647, 6.35548248522
URO, 0.00841503, 8.18e-06, 1028.73227384, 1028.73227384, 83.2594241615, 7.78364960582, 8.38402128129, 5.80041081233, 6.12935557428
MRS, NaN, NaN, NaN, NaN, NaN, NaN, NaN, NaN, NaN
MUE, NaN, NaN, NaN, NaN, NaN, NaN, NaN, NaN, NaN
VIA, 0.0005591, 1.235e-05, 45.2712550607, 45.2712550607, 35.7709532949, 4.81462720287, 5.32264859158, 3.84945578541, 4.58501462462
SFR, 3.313e-05, 1.91e-06, 17.3455497382, 17.3455497382, 15.4093023256, 4.26541797923, 4.53357249847, 5.56568123075, 6.14659738399
APC, NaN, NaN, NaN, NaN, NaN, NaN, NaN, NaN, NaN
PYC, 0.00013937, 1.1e-06, 126.7, 126.7, 123.336283186, 10.5061594771, 10.5061594771, 8.29481623574, 8.29481623574
KORE, NaN, NaN, NaN, NaN, NaN, NaN, NaN, NaN, NaN
XLB, 0.0001325, 4.4e-07, 301.136363636, 301.136363636, 148.876404494, 31.0488512498, 33.2307341541, 6.19866257882, 7.24684523523
CAIx, 0.00052303, 1.33e-06, 393.255639098, 393.255639098, 116.228888889, 13.3595465471, 13.7869426397, 21.8644977508, 22.8405365634
IFC, 1.6e-07, 1e-08, 16.0, 16.0, 16.0, 5.41538461538, 3.89081885856, 3.54768519587, 4.32395169123
PLNC, NaN, NaN, NaN, NaN, NaN, NaN, NaN, NaN, NaN
PSEUD, 5.758e-05, 8e-07, 71.975, 71.975, 11.401980198, 4.97326503967, 5.51550177209, 7.1558856717, 12.4853762769
NLG, NaN, NaN, NaN, NaN, NaN, NaN, NaN, NaN, NaN
DOGED, 8e-08, 3e-08, 2.66666666667, 2.66666666667, 1.6, 1.5132837407, 1.50911039657, 1.5007769341, 1.4125814248
CSC, 0.00010001, 1e-06, 100.01, 100.01, 2.51407742584, 12.6983959747, 12.6983959747, 9.22433670523, 9.22433670523
GCN, NaN, NaN, NaN, NaN, NaN, NaN, NaN, NaN, NaN
SHA, NaN, NaN, NaN, NaN, NaN, NaN, NaN, NaN, NaN
SHADE, 0.00045, 1e-06, 450.0, 450.0, 204.545454545, 49.5637432838, 49.5637432838, 84.5690527918, 84.5690527918
RT2, 0.00043005, 1.502e-05, 28.6318242344, 14.3302232589, 7.05, 5.19634108352, 5.03209876263, 2.51064208673, 2.33566913425
CAGE, NaN, NaN, NaN, NaN, NaN, NaN, NaN, NaN, NaN
MMXIV, NaN, NaN, NaN, NaN, NaN, NaN, NaN, NaN, NaN
LEAF, 2e-07, 1e-08, 20.0, 20.0, 20.0, 7.61904761905, 7.61904761905, 3.58855752762, 3.58855752762
PROZ, NaN, NaN, NaN, NaN, NaN, NaN, NaN, NaN, NaN
ARG, 0.00085003, 1.33e-06, 639.120300752, 639.120300752, 138.441368078, 10.0638768638, 10.988101056, 11.3155241203, 13.2748355569
CZR, NaN, NaN, NaN, NaN, NaN, NaN, NaN, NaN, NaN
XCH, NaN, NaN, NaN, NaN, NaN, NaN, NaN, NaN, NaN
DOGE, 2.59e-06, 1e-08, 259.0, 259.0, 5.51063829787, 3.94306705716, 4.07932630127, 3.85118731919, 3.85053094458
XCN, NaN, NaN, NaN, NaN, NaN, NaN, NaN, NaN, NaN
MOON, 1.9e-07, 1e-08, 19.0, 19.0, 19.0, 2.76261127596, 2.76261127596, 2.9756244958, 2.9756244958
XCR, 3e-05, 3e-06, 10.0, 10.0, 2.00400801603, 3.05019980857, 3.05019980857, 3.10041694908, 3.10041694908
BTG, 0.017, 2.223e-05, 764.73234368, 764.73234368, 42.6161289514, 9.39088947346, 9.85341814698, 6.23401579268, 6.64215470105
BTC, NaN, NaN, NaN, NaN, NaN, NaN, NaN, NaN, NaN
BTB, 0.1901, 0.0003, 633.666666667, 633.666666667, 146.228519561, 8.43508767902, 8.43508767902, 6.51135378172, 6.51135378172
BTM, 0.00190003, 4.049e-05, 46.9259076315, 46.9259076315, 20.0742736397, 5.36589144578, 5.36589144578, 9.73605496306, 9.73605496306
SSD, NaN, NaN, NaN, NaN, NaN, NaN, NaN, NaN, NaN
JBS, 0.00014699, 7.5e-06, 19.5986666667, 4.23236395048, 1.63322222222, 2.69007691649, 1.49688834241, 3.06679484614, 1.71755316469
UTIL, 9.999e-05, 2.02e-06, 49.5, 49.5, 20.1187122736, 11.7244801903, 12.8329411765, 22.9386119559, 22.9623217519
CURE, NaN, NaN, NaN, NaN, NaN, NaN, NaN, NaN, NaN
DGB, 8e-07, 4e-08, 20.0, 4.21052631579, 1.77777777778, 2.44946211136, 1.96454366382, 2.50316009752, 1.9151089258
DGC, 0.00058, 0.0, NaN, NaN, 19.8630136986, 5.81703033061, 6.56281006535, 3.8085159008, 4.27143262555
ECC, NaN, NaN, NaN, NaN, NaN, NaN, NaN, NaN, NaN
ASC, NaN, NaN, NaN, NaN, NaN, NaN, NaN, NaN, NaN
KUMA, NaN, NaN, NaN, NaN, NaN, NaN, NaN, NaN, NaN
QTL, NaN, NaN, NaN, NaN, NaN, NaN, NaN, NaN, NaN
BITS, NaN, NaN, NaN, NaN, NaN, NaN, NaN, NaN, NaN
JKC, 4.013e-05, 2e-08, 2006.5, 2006.5, 47.7738095238, 14.0934507641, 14.5501057508, 13.8763065834, 14.1851231571
FRC, 0.00031, 2.25e-06, 137.777777778, 137.777777778, 102.649006623, 10.0396241294, 15.0018001225, 10.5610215255, 11.8729709546
VTC, 0.0064, 1e-08, 640000.0, 640000.0, 49.883086516, 9.24425416503, 9.61190938168, 11.7021881977, 12.0217672779
FRK, 0.0178, 5.004e-05, 355.715427658, 355.715427658, 283.574956189, 17.0156475941, 18.892107985, 20.6150778448, 23.3431126772
XC, 0.00218407, 4e-05, 54.60175, 54.60175, 39.00125, 3.80126714424, 4.32210996544, 1.93910998035, 2.94065319487
UNB, 0.00055638, 1.29e-06, 431.302325581, 24.1904347826, 16.2684210526, 15.8811718053, 8.8871459488, 8.23221859207, 4.70912324915
UNC, NaN, NaN, NaN, NaN, NaN, NaN, NaN, NaN, NaN
VTX, NaN, NaN, NaN, NaN, NaN, NaN, NaN, NaN, NaN
BBR, NaN, NaN, NaN, NaN, NaN, NaN, NaN, NaN, NaN
YAC, 0.00054999, 9.7e-07, 567.0, 567.0, 354.832258065, 14.1783267529, 14.1783267529, 34.4961039456, 34.4961039456
UNO, 0.0256, 1e-06, 25600.0, 25600.0, 4.40376315323, 3.61498529157, 3.61567980214, 3.33094732709, 3.59897049858
OMC, NaN, NaN, NaN, NaN, NaN, NaN, NaN, NaN, NaN
ZED, 1.507e-05, 3.4e-07, 44.3235294118, 44.3235294118, 23.1846153846, 4.60665130568, 5.69775235383, 3.22818439675, 6.21556240077
HVC, 3.5e-05, 1.4e-07, 250.0, 250.0, 159.090909091, 18.3559199991, 19.5431880328, 18.58887322, 19.1345558552
KEY, 0.00223894, 1.609e-05, 139.151025482, 139.151025482, 101.035198556, 18.6841480942, 22.0944453607, 5.31660419721, 7.48764439087
VTA, NaN, NaN, NaN, NaN, NaN, NaN, NaN, NaN, NaN
DP, NaN, NaN, NaN, NaN, NaN, NaN, NaN, NaN, NaN
CESC, NaN, NaN, NaN, NaN, NaN, NaN, NaN, NaN, NaN
POT, 2.402e-05, 4e-08, 600.5, 600.5, 9.0641509434, 3.44199415595, 3.62534248935, 3.46661550678, 3.71483035138
POP, 3e-08, 2e-08, 1.5, 1.5, 1.5, 1.30434782609, 1.275, 1.44164209696, 1.41696824415
RPC, 0.035, 1.005e-05, 3482.58706468, 3482.58706468, 1688.37433671, 30.8828960111, 33.3705317027, 49.8891739938, 53.3014235566
TIPS, NaN, NaN, NaN, NaN, NaN, NaN, NaN, NaN, NaN
RBY, 0.00032504, 7.905e-05, 4.11182795699, 1.0, 1.0, 1.47383180504, 1.0, 2.01928116345, 1.0
DOPE, NaN, NaN, NaN, NaN, NaN, NaN, NaN, NaN, NaN
RBT, NaN, NaN, NaN, NaN, NaN, NaN, NaN, NaN, NaN
RBR, 8.1e-07, 2e-07, 4.05, 4.05, 3.24, 1.51458489155, 1.54041204437, 1.98243121876, 1.98566337629
SLR, NaN, NaN, NaN, NaN, NaN, NaN, NaN, NaN, NaN
MLS, NaN, NaN, NaN, NaN, NaN, NaN, NaN, NaN, NaN
SLG, 8.286e-05, 9.88e-06, 8.38663967611, 8.38663967611, 5.58355795148, 3.90320730758, 3.91970540713, 4.21045486498, 4.23362434847
U, NaN, NaN, NaN, NaN, NaN, NaN, NaN, NaN, NaN
MCN, NaN, NaN, NaN, NaN, NaN, NaN, NaN, NaN, NaN
NRB, 0.00018701, 1e-06, 187.01, 130.776223776, 69.5204460967, 10.6654457473, 13.0933649135, 7.10361926294, 8.23099540912
JPC, NaN, NaN, NaN, NaN, NaN, NaN, NaN, NaN, NaN
HUC, 6.998e-05, 2.76e-06, 25.3550724638, 25.3550724638, 9.33066666667, 5.02885537909, 5.33844403036, 5.60193630714, 5.91017618529
QB, NaN, NaN, NaN, NaN, NaN, NaN, NaN, NaN, NaN
BDSM, NaN, NaN, NaN, NaN, NaN, NaN, NaN, NaN, NaN
NRS, 0.00028438, 8e-06, 35.5475, 35.5475, 7.1041718711, 5.04691901496, 5.62838866486, 4.69113056507, 5.7269625748
AXR, 1.515e-05, 1.2e-06, 12.625, 4.61890243902, 3.09183673469, 3.69753203307, 2.83888238247, 2.03092412612, 1.41978296083
EXE, 9.386e-05, 5.3e-07, 177.094339623, 177.094339623, 125.146666667, 12.8584022999, 13.1655391365, 7.53236523997, 7.58893057016
CKC, 2.441e-05, 4.3e-07, 56.7674418605, 56.7674418605, 48.82, 5.12778438986, 5.35572589492, 6.50052493096, 7.76892243401
EAGS, NaN, NaN, NaN, NaN, NaN, NaN, NaN, NaN, NaN
HBN, 0.000485, 6.5e-06, 74.6153846154, 16.5529010239, 15.554842848, 6.25047641502, 7.59083793387, 6.07395419817, 6.86905095552
BSTY, NaN, NaN, NaN, NaN, NaN, NaN, NaN, NaN, NaN
RIN, NaN, NaN, NaN, NaN, NaN, NaN, NaN, NaN, NaN
CANN, 0.00013859, 7.54e-06, 18.3806366048, 18.3806366048, 14.8066239316, 8.53901313547, 9.12493091079, 5.88275976427, 6.87883345834
CLR, 0.00068, 1.15e-06, 591.304347826, 591.304347826, 485.714285714, 8.29329734743, 8.35192143406, 12.1896410606, 12.9957114629
RIC, NaN, NaN, NaN, NaN, NaN, NaN, NaN, NaN, NaN
FRAC, 0.00016462, 1.93e-06, 85.2953367876, 85.2953367876, 10.9382059801, 6.78658787962, 6.79656403186, 6.27797431042, 6.29616551225
HAM, 100000.0, 1.881e-05, 5316321105.79, 5316321105.79, 3443526170.8, 42.9999996107, 42.9999996107, 4544074243.52, 4544074243.52
DASH, 0.019, 0.00880008, 2.15907128117, 2.15907128117, 1.99174369823, 1.59817361262, 1.59817361262, 1.46670041185, 1.46670041185
THC, NaN, NaN, NaN, NaN, NaN, NaN, NaN, NaN, NaN
CINNI, 0.00024, 2.15e-06, 111.627906977, 111.627906977, 93.3852140078, 10.6836279107, 11.9391049199, 3.27936301365, 3.4934193306
PHO, NaN, NaN, NaN, NaN, NaN, NaN, NaN, NaN, NaN
ZEIT, 2e-08, 1e-08, 2.0, 1.0, 1.0, 1.33333333333, 1.0, 1.9999696733, 1.0
ROOT, NaN, NaN, NaN, NaN, NaN, NaN, NaN, NaN, NaN
SYS, 1e-05, 6e-07, 16.6666666667, 16.6666666667, 8.19672131148, 5.00816247475, 5.03669391969, 5.48599669088, 5.48600177486
LXC, 0.00015516, 8e-06, 19.395, 19.395, 13.492173913, 3.53708123987, 4.01880673317, 3.97812630172, 7.26762985553
MZC, 3.54e-05, 1e-07, 354.0, 354.0, 160.909090909, 42.484855412, 42.484855412, 31.2747729033, 31.2747729033
EMD, 9.38e-05, 1.02e-06, 91.9607843137, 89.3333333333, 64.6896551724, 12.2628699125, 15.858385031, 10.1265504527, 12.8795765801
DMD, 0.00581504, 2.501e-05, 232.508596561, 232.508596561, 5.81504, 8.79137841394, 8.96935637994, 8.94027179673, 8.99868489528
CRW, NaN, NaN, NaN, NaN, NaN, NaN, NaN, NaN, NaN
CRT, NaN, NaN, NaN, NaN, NaN, NaN, NaN, NaN, NaN
BELA, NaN, NaN, NaN, NaN, NaN, NaN, NaN, NaN, NaN
GRS, NaN, NaN, NaN, NaN, NaN, NaN, NaN, NaN, NaN
SHIBE, NaN, NaN, NaN, NaN, NaN, NaN, NaN, NaN, NaN
ACOIN, 0.00015, 9.03e-06, 16.6112956811, 16.6112956811, 15.7728706625, 3.99124986166, 4.03583242647, 4.14378967953, 4.16485847877
XDN, NaN, NaN, NaN, NaN, NaN, NaN, NaN, NaN, NaN
TCO, NaN, NaN, NaN, NaN, NaN, NaN, NaN, NaN, NaN
BUN, NaN, NaN, NaN, NaN, NaN, NaN, NaN, NaN, NaN
XDQ, NaN, NaN, NaN, NaN, NaN, NaN, NaN, NaN, NaN
XDP, NaN, NaN, NaN, NaN, NaN, NaN, NaN, NaN, NaN
SWIFT, 0.0003015, 4.101e-05, 7.35186539868, 5.025, 2.71279467338, 1.95319056017, 1.78325866123, 2.08244947937, 2.20623333655
FIBRE, 0.000905, 7.77e-06, 116.473616474, 116.473616474, 4.07951676884, 2.09756360897, 2.13529569061, 1.61152892841, 1.65602820658
LIMX, 8e-06, 4e-06, 2.0, 2.0, 1.97044334975, 1.88167179302, 1.88167179302, 1.94270463633, 1.94270463633
ZET, 7.5e-05, 5.5e-07, 136.363636364, 61.9834710744, 13.6363636364, 4.63605752971, 4.1628160049, 5.21843829421, 2.82279107464
FOOD, NaN, NaN, NaN, NaN, NaN, NaN, NaN, NaN, NaN
VGC, NaN, NaN, NaN, NaN, NaN, NaN, NaN, NaN, NaN
SXC, 1.42e-05, 5.2e-07, 27.3076923077, 27.3076923077, 11.2698412698, 6.1258033419, 6.20563465419, 5.20227209427, 5.25778909412
XRP, 8.006e-05, 1.51e-06, 53.0198675497, 4.2159031069, 4.02513826043, 2.07076200795, 1.92788685364, 1.94370370157, 1.81819594201
ULTC, 0.00130033, 5.01e-06, 259.546906188, 259.546906188, 92.8144182727, 28.6957589417, 31.2876154578, 40.4553849685, 40.6194399852
MARYJ, NaN, NaN, NaN, NaN, NaN, NaN, NaN, NaN, NaN
UNAT, NaN, NaN, NaN, NaN, NaN, NaN, NaN, NaN, NaN
ANC, 0.0093001, 1e-08, 930010.0, 232502.5, 19.7836584484, 6.58615626772, 6.49915695537, 6.42550564182, 6.29393051212
NVC, 0.05610001, 0.00102111, 54.9402219154, 54.9402219154, 14.6312482722, 5.0086591661, 6.18282780422, 10.4131079789, 11.0943146287
FRSH, NaN, NaN, NaN, NaN, NaN, NaN, NaN, NaN, NaN
DSH, NaN, NaN, NaN, NaN, NaN, NaN, NaN, NaN, NaN
DVC, 1.32e-06, 3e-08, 44.0, 44.0, 44.0, 7.69361031801, 7.75698518445, 5.53676647111, 5.53693807056
ETC, NaN, NaN, NaN, NaN, NaN, NaN, NaN, NaN, NaN
FST, 0.00010511, 1e-07, 1051.1, 1051.1, 218.979166667, 19.2809051943, 21.6419790468, 14.9193263132, 16.6162521301
COL, NaN, NaN, NaN, NaN, NaN, NaN, NaN, NaN, NaN
CON, 1.025e-05, 5.11e-06, 2.00587084149, 2.00587084149, 1.65322580645, 1.27927294182, 1.34917392883, 1.24112059612, 1.24150247935
CASH, 0.000452, 5e-07, 904.0, 904.0, 84.4859813084, 31.4417805725, 32.2350425642, 47.6876862393, 48.5875888418
KDC, 4.253e-05, 1e-06, 42.53, 42.53, 28.7364864865, 8.76686328428, 8.76686328428, 5.58073128718, 5.58073128718
VRC, 0.00043692, 3e-05, 14.564, 14.564, 6.14860681115, 4.53179561781, 4.82674585913, 2.79110704173, 3.38649405786
QORA, NaN, NaN, NaN, NaN, NaN, NaN, NaN, NaN, NaN
ZS, NaN, NaN, NaN, NaN, NaN, NaN, NaN, NaN, NaN
SRC, 0.00233, 2.923e-05, 79.7126240164, 79.7126240164, 26.8402257804, 8.53619042687, 9.061796299, 7.6839695993, 8.6210402617
FAIR, NaN, NaN, NaN, NaN, NaN, NaN, NaN, NaN, NaN
DIME, 1e-08, 1e-08, 1.0, 1.0, 1.0, 1.0, 1.0, 1.0, 1.0
XMG, 4.805e-05, 3.8e-05, 1.26447368421, 1.0, 1.0, 1.06847822461, 1.0, 1.123594411, 1.0
HEX, NaN, NaN, NaN, NaN, NaN, NaN, NaN, NaN, NaN
COMM, 1.21e-06, 2e-08, 60.5, 60.5, 17.2857142857, 10.507334246, 10.507334246, 6.56357630245, 6.56357630245
XMR, 0.00239995, 0.0014598, 1.64402657898, 1.64402657898, 1.56651632148, 1.22656611154, 1.23876392442, 1.20047433388, 1.20290370702
DRS, NaN, NaN, NaN, NaN, NaN, NaN, NaN, NaN, NaN
BILS, NaN, NaN, NaN, NaN, NaN, NaN, NaN, NaN, NaN
NMC, 0.00867996, 0.00028, 30.9998571429, 17.3581841816, 5.69569867778, 2.56970318649, 2.98766713497, 2.36032917103, 2.83963110053
EVENT, NaN, NaN, NaN, NaN, NaN, NaN, NaN, NaN, NaN
MNTA, NaN, NaN, NaN, NaN, NaN, NaN, NaN, NaN, NaN
DIG, NaN, NaN, NaN, NaN, NaN, NaN, NaN, NaN, NaN
HYP, 5e-05, 8.4e-07, 59.5238095238, 59.5238095238, 26.0416666667, 12.6164013217, 12.6164013217, 21.7904526878, 21.7904526878
LOT, 4.2e-07, 1e-08, 42.0, 42.0, 42.0, 6.0618556701, 6.32786885246, 3.82363972789, 4.13600342964
ARCH, 0.00054005, 2.51e-05, 21.515936255, 13.3808225966, 11.199709664, 4.4438441886, 3.45893253724, 4.62173506709, 4.64148058901
PPC, 0.00781009, 1e-07, 78100.9, 77.9839241138, 5.20284187806, 3.12200088871, 2.94742221045, 2.68064881718, 2.7767271737
XXX, 8.28e-06, 2e-07, 41.4, 41.4, 9.62790697674, 5.55683015334, 8.17579864472, 5.02657653337, 9.88349210304
SOL, NaN, NaN, NaN, NaN, NaN, NaN, NaN, NaN, NaN
QCN, NaN, NaN, NaN, NaN, NaN, NaN, NaN, NaN, NaN
NSR, 9.82e-06, 2e-07, 49.1, 1.0, 1.0, 1.30814411141, 1.0, 1.69269956531, 1.0
UTC, 0.00025514, 4e-06, 63.785, 63.785, 53.1541666667, 6.40264738913, 6.93971208616, 8.70102604065, 9.49486596022
BRIT, NaN, NaN, NaN, NaN, NaN, NaN, NaN, NaN, NaN
XCASH, 0.00023, 3.44e-06, 66.8604651163, 66.8604651163, 64.4257703081, 8.26858740383, 8.47963483146, 6.2652103953, 7.61878631963
HTML5, 0.00055, 2.003e-05, 27.4588117823, 27.4588117823, 27.4588117823, 2.84168302787, 3.01728446836, 2.39908408736, 2.70487057819
MTC, NaN, NaN, NaN, NaN, NaN, NaN, NaN, NaN, NaN
PINK, NaN, NaN, NaN, NaN, NaN, NaN, NaN, NaN, NaN
SDC, 0.00075002, 2.31e-06, 324.683982684, 2.77785185185, 2.37927862196, 2.28135552169, 1.60198680453, 2.13837020661, 1.50761103582
ARI, 1.8e-06, 1.8e-07, 10.0, 10.0, 9.0, 2.82371709652, 2.83502835028, 3.29127802154, 3.35020467095
TRUST, NaN, NaN, NaN, NaN, NaN, NaN, NaN, NaN, NaN
NYAN, 1.47e-06, 1e-08, 147.0, 147.0, 5.65384615385, 5.92519009075, 6.61030792339, 5.5536366638, 7.00247850685
WDC, 0.00106, 4e-08, 26500.0, 26500.0, 42.9149797571, 12.251825567, 12.251825567, 11.7363774619, 11.7363774619
TIX, NaN, NaN, NaN, NaN, NaN, NaN, NaN, NaN, NaN
TIT, 3.2e-05, 9.6e-07, 33.3333333333, 33.3333333333, 25.0, 10.1684253907, 11.477066074, 11.540250581, 13.9395600113
GSX, NaN, NaN, NaN, NaN, NaN, NaN, NaN, NaN, NaN
XJO, 6.874e-05, 6.6e-07, 104.151515152, 104.151515152, 102.597014925, 12.0041529225, 12.4052924917, 9.84782503054, 10.4267226649
NAS, NaN, NaN, NaN, NaN, NaN, NaN, NaN, NaN, NaN
CCN, 8.015e-05, 1.125e-05, 7.12444444444, 7.12444444444, 3.70550161812, 2.554474545, 2.89104985839, 2.47279276058, 2.61096761291
NAV, 3.239e-05, 1.8e-06, 17.9944444444, 5.82553956835, 4.56197183099, 2.71699882124, 2.20555128817, 2.20481560359, 2.12258820521
BOB, NaN, NaN, NaN, NaN, NaN, NaN, NaN, NaN, NaN
SHLD, 0.00017, 2.01e-06, 84.5771144279, 84.5771144279, 26.1941448382, 13.2064922288, 13.2064922288, 9.87403513679, 9.87403513679
XBOT, 0.0002675, 2.1e-07, 1273.80952381, 1273.80952381, 122.706422018, 14.6214237824, 25.3293654043, 43.8949368274, 52.0581002266
APEX, 2.647e-05, 1.85e-06, 14.3081081081, 11.5086956522, 4.88376383764, 3.93817976606, 4.68615973273, 4.37072830804, 4.97726709363
MYR, 5.61e-06, 4e-08, 140.25, 140.25, 35.0625, 8.3453361425, 8.3453361425, 12.9621858429, 12.9621858429
UIS, NaN, NaN, NaN, NaN, NaN, NaN, NaN, NaN, NaN
LYC, 9.8e-07, 1e-08, 98.0, 98.0, 32.6666666667, 13.0564263323, 14.2438438438, 16.1788044862, 16.7251887027
IOC, 0.00013181, 4.04e-06, 32.6262376238, 6.09103512015, 2.75292397661, 4.47710978205, 2.45021835729, 5.08204818056, 2.47972902723
NXT, 0.00012222, 2e-08, 6111.0, 6111.0, 3.83736263736, 2.18511854268, 2.22856876368, 1.91987184947, 1.92584880665
BQC, 0.00015, 9.6e-07, 156.25, 156.25, 111.111111111, 11.3412764015, 13.762567592, 9.60094364124, 10.0854153911
CRAIG, 1.4e-05, 2e-07, 70.0, 70.0, 31.1111111111, 10.1932231868, 10.1932231868, 14.0339119031, 14.0339119031
OC, NaN, NaN, NaN, NaN, NaN, NaN, NaN, NaN, NaN
BVC, NaN, NaN, NaN, NaN, NaN, NaN, NaN, NaN, NaN
CXC, NaN, NaN, NaN, NaN, NaN, NaN, NaN, NaN, NaN
BCX, 3.097e-05, 6.7e-07, 46.223880597, 46.223880597, 33.3010752688, 8.41486162629, 9.02885368251, 4.76506230473, 5.69006197993
XST, 0.00012603, 9.1e-06, 13.8494505495, 13.8494505495, 12.8209562564, 4.56240316251, 5.08875248577, 2.26893585959, 2.53507681254
CLOAK, 0.00230203, 1.58e-05, 145.698101266, 145.698101266, 8.91741235716, 8.57944217315, 12.0207741661, 6.87461722732, 13.7377732645
MWC, NaN, NaN, NaN, NaN, NaN, NaN, NaN, NaN, NaN
FLO, NaN, NaN, NaN, NaN, NaN, NaN, NaN, NaN, NaN
LKY, 7.6e-05, 1e-08, 7600.0, 7600.0, 86.3636363636, 7.32260676075, 11.1455078732, 5.23062169282, 5.30027505853
XSI, NaN, NaN, NaN, NaN, NaN, NaN, NaN, NaN, NaN
VIOR, NaN, NaN, NaN, NaN, NaN, NaN, NaN, NaN, NaN
BLOCK, NaN, NaN, NaN, NaN, NaN, NaN, NaN, NaN, NaN
PTC, NaN, NaN, NaN, NaN, NaN, NaN, NaN, NaN, NaN
ROX, NaN, NaN, NaN, NaN, NaN, NaN, NaN, NaN, NaN
OSC, 5.43e-05, 2.3e-07, 236.086956522, 236.086956522, 63.1395348837, 12.150818955, 12.5368648036, 8.43140904958, 8.69774816287
ROS, NaN, NaN, NaN, NaN, NaN, NaN, NaN, NaN, NaN
PTS, 0.02852467, 1e-06, 28524.67, 142.609089091, 129.645804927, 4.76506807611, 6.77795177791, 2.38493706175, 3.70635846244
MNE, 0.001, 1e-06, 1000.0, 1000.0, 190.114068441, 60.4422669844, 60.4422669844, 172.517459131, 172.517459131
TRI, NaN, NaN, NaN, NaN, NaN, NaN, NaN, NaN, NaN
TRK, 5.99e-06, 1.92e-06, 3.11979166667, 3.11979166667, 2.13928571429, 2.27258135123, 2.27258135123, 2.49979197762, 2.49979197762
TRL, NaN, NaN, NaN, NaN, NaN, NaN, NaN, NaN, NaN
BDC, NaN, NaN, NaN, NaN, NaN, NaN, NaN, NaN, NaN
TRC, 0.0030001, 5e-06, 600.02, 600.02, 306.4453524, 8.11826526669, 8.11826526669, 63.5595180069, 63.5595180069
KOBO, NaN, NaN, NaN, NaN, NaN, NaN, NaN, NaN, NaN
USDe, 2.13e-06, 4e-08, 53.25, 53.25, 12.5294117647, 5.46244209133, 5.61549874458, 5.61492877512, 5.78638161611
VOOT, 1.561e-05, 1.4e-07, 111.5, 111.5, 15.61, 10.4426115611, 12.4542823089, 8.34603826796, 9.86303136484
ENRG, NaN, NaN, NaN, NaN, NaN, NaN, NaN, NaN, NaN
LTCD, 2.263e-05, 6e-07, 37.7166666667, 37.7166666667, 37.7166666667, 7.33016617752, 7.4889169147, 4.08049326362, 4.28216623676
OCUPY, NaN, NaN, NaN, NaN, NaN, NaN, NaN, NaN, NaN
NEC, 0.0002003, 2.4e-07, 834.583333333, 834.583333333, 715.357142857, 16.0285353469, 17.4733301506, 20.7617123057, 25.2383228466
NET, 3.4e-05, 2.7e-07, 125.925925926, 125.925925926, 22.3684210526, 11.0927731386, 11.9925856163, 11.7049700058, 13.6811277813
SILK, 2.55e-06, 3.4e-07, 7.5, 4.81132075472, 3.0, 2.46293800539, 1.71328125, 3.110521308, 2.5681911799
TEK, 0.00080394, 1.023e-05, 78.5865102639, 78.5865102639, 34.6525862069, 5.97666837872, 9.24885364813, 15.307453064, 20.6319235892
PMP, NaN, NaN, NaN, NaN, NaN, NaN, NaN, NaN, NaN
NBT, 0.0365, 0.00262636, 13.8975616443, 13.8975616443, 8.99014778325, 8.12422960397, 8.12422960397, 8.87826892284, 8.87826892284
TES, 4.5e-06, 5.6e-07, 8.03571428571, 8.03571428571, 5.55555555556, 3.49546883669, 3.49546883669, 2.86442861649, 2.86442861649
CORG, NaN, NaN, NaN, NaN, NaN, NaN, NaN, NaN, NaN
GML, 8.1e-06, 1e-07, 81.0, 81.0, 10.3846153846, 6.55858950542, 6.82224428997, 5.11713820119, 5.2800707127
ELC, 0.025, 1.01e-06, 24752.4752475, 24752.4752475, 1250.0, 71.0965453925, 71.0965453925, 86.9524636605, 86.9524636605
RBBT, NaN, NaN, NaN, NaN, NaN, NaN, NaN, NaN, NaN
FLT, 2.097e-05, 2.5e-07, 83.88, 83.88, 52.425, 12.5342921581, 13.0452276255, 6.27067054186, 7.46966382681
RDD, 3.1e-07, 1e-08, 31.0, 15.5, 10.3333333333, 3.96885813149, 3.6538105523, 2.87172542568, 2.58368016284
DIEM, NaN, NaN, NaN, NaN, NaN, NaN, NaN, NaN, NaN
MINT, 4.1e-07, 1e-08, 41.0, 5.85714285714, 4.55555555556, 5.38363547281, 2.35993860322, 3.76697732044, 2.49962838248
ELT, NaN, NaN, NaN, NaN, NaN, NaN, NaN, NaN, NaN
MED, 6.07e-06, 1.1e-06, 5.51818181818, 2.91826923077, 1.80118694362, 2.27568671121, 1.74086409474, 2.22701633699, 1.71917456453
MEC, 0.00163391, 4e-08, 40847.75, 40847.75, 27.4099983224, 9.69075613392, 8.404716958, 11.5632476237, 6.47522600735
HIRO, NaN, NaN, NaN, NaN, NaN, NaN, NaN, NaN, NaN
NAUT, 0.00058001, 1.011e-05, 57.3699307616, 1.38031889576, 1.28891111111, 4.50964616806, 1.14846436042, 4.09507092541, 1.15862637577
SMLY, NaN, NaN, NaN, NaN, NaN, NaN, NaN, NaN, NaN
GDC, 6.5e-06, 3e-08, 216.666666667, 108.333333333, 72.2222222222, 19.5868113523, 21.5329887166, 9.12013032144, 7.95237462984
BOOM, NaN, NaN, NaN, NaN, NaN, NaN, NaN, NaN, NaN
WKC, NaN, NaN, NaN, NaN, NaN, NaN, NaN, NaN, NaN
QSLV, NaN, NaN, NaN, NaN, NaN, NaN, NaN, NaN, NaN
CIN, 3.9e-07, 8e-08, 4.875, 3.9, 3.54545454545, 1.98158145443, 2.04715302491, 1.93809475244, 2.65711532484
SEED, NaN, NaN, NaN, NaN, NaN, NaN, NaN, NaN, NaN
KRYP, NaN, NaN, NaN, NaN, NaN, NaN, NaN, NaN, NaN
MSC, NaN, NaN, NaN, NaN, NaN, NaN, NaN, NaN, NaN
XWC, NaN, NaN, NaN, NaN, NaN, NaN, NaN, NaN, NaN
KARM, NaN, NaN, NaN, NaN, NaN, NaN, NaN, NaN, NaN
PIMP, NaN, NaN, NaN, NaN, NaN, NaN, NaN, NaN, NaN
EAC, 3.6e-06, 1e-08, 360.0, 360.0, 36.0, 25.179090029, 25.179090029, 24.5007294523, 24.5007294523
PXI, NaN, NaN, NaN, NaN, NaN, NaN, NaN, NaN, NaN
PXC, 0.00038555, 1e-08, 38555.0, 38555.0, 593.153846154, 15.4672755312, 25.7634250911, 18.4866447578, 36.9431939709
AC, 1.505e-05, 2.9e-07, 51.8965517241, 51.8965517241, 9.40625, 10.8955212161, 11.5274223958, 3.80749354663, 4.34821340879
BALLS, NaN, NaN, NaN, NaN, NaN, NaN, NaN, NaN, NaN
ICB, 1.329e-05, 5.8e-07, 22.9137931034, 22.9137931034, 2.61614173228, 2.69746154001, 2.69746154001, 3.22138660224, 3.22138660224
AM, NaN, NaN, NaN, NaN, NaN, NaN, NaN, NaN, NaN
START, 0.00032694, 0.00010021, 3.26254864784, 2.69530090684, 2.61510158375, 1.77559966574, 1.72236242884, 1.74413157131, 1.76754922847
CND, NaN, NaN, NaN, NaN, NaN, NaN, NaN, NaN, NaN
AU, NaN, NaN, NaN, NaN, NaN, NaN, NaN, NaN, NaN
CNL, 1.711e-05, 2e-08, 855.5, 855.5, 26.734375, 20.7494351455, 20.7494351455, 7.19961598984, 7.19961598984
NKA, NaN, NaN, NaN, NaN, NaN, NaN, NaN, NaN, NaN
PFC, NaN, NaN, NaN, NaN, NaN, NaN, NaN, NaN, NaN
ZCC, 0.00022436, 8.17e-06, 27.4614443084, 27.4614443084, 10.6736441484, 5.59604509645, 5.59159733795, 2.79993673916, 2.79662939837
NOTE, 5.05e-05, 3.07e-05, 1.64495114007, 1.32441646997, 1.2625, 1.16150491406, 1.12253732042, 1.09314475257, 1.04628194132
NKT, 3.7e-07, 2e-07, 1.85, 1.54166666667, 1.54166666667, 1.35779816514, 1.22314049587, 1.43784965381, 1.32094949921
CHILD, NaN, NaN, NaN, NaN, NaN, NaN, NaN, NaN, NaN
KRN, NaN, NaN, NaN, NaN, NaN, NaN, NaN, NaN, NaN
CZC, NaN, NaN, NaN, NaN, NaN, NaN, NaN, NaN, NaN
SUPER, 3.509e-05, 7.4e-07, 47.4189189189, 47.4189189189, 37.7311827957, 5.50210071364, 6.44077990362, 5.79918154495, 7.60146709595
